"ANO_EJE","MES_EJE","NIVEL_GOBIERNO_NOMBRE","NIVEL","NIVEL_NOMBRE","PLIEGO","PLIEGO_NOMBRE","DEPARTAMENTO_AP4","DEPARTAMENTO_AP4_NOMBRE","PIM","EJECUCIÓN"
"2025","13","GOBIERNO NACIONAL","0101010101","MINISTERIOS","0011","MINISTERIO DE DESARROLLO AGRARIO Y RIEGO","01","AMAZONAS","35530721","26998685.11"
"2025","13","GOBIERNO NACIONAL","0101010101","MINISTERIOS","0011","MINISTERIO DE DESARROLLO AGRARIO Y RIEGO","02","ANCASH","58584470","43672193.85"
"2025","13","GOBIERNO NACIONAL","0101010101","MINISTERIOS","0011","MINISTERIO DE DESARROLLO AGRARIO Y RIEGO","03","APURIMAC","77412554","74140814.99"
"2025","13","GOBIERNO NACIONAL","0101010101","MINISTERIOS","0011","MINISTERIO DE DESARROLLO AGRARIO Y RIEGO","04","AREQUIPA","79329327","68756418.12"
"2025","13","GOBIERNO NACIONAL","0101010101","MINISTERIOS","0011","MINISTERIO DE DESARROLLO AGRARIO Y RIEGO","05","AYACUCHO","193130069","178634186.58"
"2025","13","GOBIERNO NACIONAL","0101010101","MINISTERIOS","0011","MINISTERIO DE DESARROLLO AGRARIO Y RIEGO","06","CAJAMARCA","120330479","116445192.74"
"2025","13","GOBIERNO NACIONAL","0101010101","MINISTERIOS","0011","MINISTERIO DE DESARROLLO AGRARIO Y RIEGO","08","CUSCO","90868159","81043488.02"
"2025","13","GOBIERNO NACIONAL","0101010101","MINISTERIOS","0011","MINISTERIO DE DESARROLLO AGRARIO Y RIEGO","09","HUANCAVELICA","56119349","49903047.84"
"2025","13","GOBIERNO NACIONAL","0101010101","MINISTERIOS","0011","MINISTERIO DE DESARROLLO AGRARIO Y RIEGO","10","HUANUCO","46783275","44380349.52"
"2025","13","GOBIERNO NACIONAL","0101010101","MINISTERIOS","0011","MINISTERIO DE DESARROLLO AGRARIO Y RIEGO","11","ICA","72041362","71782529.92"
"2025","13","GOBIERNO NACIONAL","0101010101","MINISTERIOS","0011","MINISTERIO DE DESARROLLO AGRARIO Y RIEGO","12","JUNIN","85680598","73230624.86"
"2025","13","GOBIERNO NACIONAL","0101010101","MINISTERIOS","0011","MINISTERIO DE DESARROLLO AGRARIO Y RIEGO","13","LA LIBERTAD","90200314","81300481.09"
"2025","13","GOBIERNO NACIONAL","0101010101","MINISTERIOS","0011","MINISTERIO DE DESARROLLO AGRARIO Y RIEGO","14","LAMBAYEQUE","20381476","16406551.19"
"2025","13","GOBIERNO NACIONAL","0101010101","MINISTERIOS","0011","MINISTERIO DE DESARROLLO AGRARIO Y RIEGO","15","LIMA","850870958","797228865.41"
"2025","13","GOBIERNO NACIONAL","0101010101","MINISTERIOS","0011","MINISTERIO DE DESARROLLO AGRARIO Y RIEGO","16","LORETO","47345190","42372616.38"
"2025","13","GOBIERNO NACIONAL","0101010101","MINISTERIOS","0011","MINISTERIO DE DESARROLLO AGRARIO Y RIEGO","17","MADRE DE DIOS","7515083","7225501.93"
"2025","13","GOBIERNO NACIONAL","0101010101","MINISTERIOS","0011","MINISTERIO DE DESARROLLO AGRARIO Y RIEGO","18","MOQUEGUA","24496024","16938638.91"
"2025","13","GOBIERNO NACIONAL","0101010101","MINISTERIOS","0011","MINISTERIO DE DESARROLLO AGRARIO Y RIEGO","19","PASCO","33068567","28777589.72"
"2025","13","GOBIERNO NACIONAL","0101010101","MINISTERIOS","0011","MINISTERIO DE DESARROLLO AGRARIO Y RIEGO","20","PIURA","41986551","34239931.34"
"2025","13","GOBIERNO NACIONAL","0101010101","MINISTERIOS","0011","MINISTERIO DE DESARROLLO AGRARIO Y RIEGO","21","PUNO","121107818","111287851.57"
"2025","13","GOBIERNO NACIONAL","0101010101","MINISTERIOS","0011","MINISTERIO DE DESARROLLO AGRARIO Y RIEGO","22","SAN MARTIN","32594347","30979155.08"
"2025","13","GOBIERNO NACIONAL","0101010101","MINISTERIOS","0011","MINISTERIO DE DESARROLLO AGRARIO Y RIEGO","23","TACNA","7681019","6349701.54"
"2025","13","GOBIERNO NACIONAL","0101010101","MINISTERIOS","0011","MINISTERIO DE DESARROLLO AGRARIO Y RIEGO","24","TUMBES","74155988","71454965.06"
"2025","13","GOBIERNO NACIONAL","0101010101","MINISTERIOS","0011","MINISTERIO DE DESARROLLO AGRARIO Y RIEGO","25","UCAYALI","12979892","12265896.1"
"2025","13","GOBIERNO NACIONAL","0101010101","MINISTERIOS","0012","MINISTERIO DE DEFENSA","01","AMAZONAS","37719521","37160480.25"
"2025","13","GOBIERNO NACIONAL","0101010101","MINISTERIOS","0012","MINISTERIO DE DEFENSA","02","ANCASH","5894741","5677412.88"
"2025","13","GOBIERNO NACIONAL","0101010101","MINISTERIOS","0012","MINISTERIO DE DEFENSA","03","APURIMAC","6892438","6877084.09"
"2025","13","GOBIERNO NACIONAL","0101010101","MINISTERIOS","0012","MINISTERIO DE DEFENSA","04","AREQUIPA","139674071","138364761.89"
"2025","13","GOBIERNO NACIONAL","0101010101","MINISTERIOS","0012","MINISTERIO DE DEFENSA","05","AYACUCHO","44339876","44025918.65"
"2025","13","GOBIERNO NACIONAL","0101010101","MINISTERIOS","0012","MINISTERIO DE DEFENSA","06","CAJAMARCA","7782190","7626484.64"
"2025","13","GOBIERNO NACIONAL","0101010101","MINISTERIOS","0012","MINISTERIO DE DEFENSA","07","PROV CONSTIT DEL CALLAO","2203179313","2159194455.81"
"2025","13","GOBIERNO NACIONAL","0101010101","MINISTERIOS","0012","MINISTERIO DE DEFENSA","08","CUSCO","269536436","256395486.2"
"2025","13","GOBIERNO NACIONAL","0101010101","MINISTERIOS","0012","MINISTERIO DE DEFENSA","09","HUANCAVELICA","4352613","4107811.53"
"2025","13","GOBIERNO NACIONAL","0101010101","MINISTERIOS","0012","MINISTERIO DE DEFENSA","10","HUANUCO","8591991","8589249.28"
"2025","13","GOBIERNO NACIONAL","0101010101","MINISTERIOS","0012","MINISTERIO DE DEFENSA","11","ICA","29706957","28739976.36"
"2025","13","GOBIERNO NACIONAL","0101010101","MINISTERIOS","0012","MINISTERIO DE DEFENSA","12","JUNIN","80605123","79989668.02"
"2025","13","GOBIERNO NACIONAL","0101010101","MINISTERIOS","0012","MINISTERIO DE DEFENSA","13","LA LIBERTAD","48960665","43937084.78"
"2025","13","GOBIERNO NACIONAL","0101010101","MINISTERIOS","0012","MINISTERIO DE DEFENSA","14","LAMBAYEQUE","67743632","67132136.76"
"2025","13","GOBIERNO NACIONAL","0101010101","MINISTERIOS","0012","MINISTERIO DE DEFENSA","15","LIMA","6453933913","6247252146.25"
"2025","13","GOBIERNO NACIONAL","0101010101","MINISTERIOS","0012","MINISTERIO DE DEFENSA","16","LORETO","256999040","250945681.24"
"2025","13","GOBIERNO NACIONAL","0101010101","MINISTERIOS","0012","MINISTERIO DE DEFENSA","17","MADRE DE DIOS","24544370","24312791.42"
"2025","13","GOBIERNO NACIONAL","0101010101","MINISTERIOS","0012","MINISTERIO DE DEFENSA","18","MOQUEGUA","29636271","28899368.32"
"2025","13","GOBIERNO NACIONAL","0101010101","MINISTERIOS","0012","MINISTERIO DE DEFENSA","19","PASCO","1324831","1324329.06"
"2025","13","GOBIERNO NACIONAL","0101010101","MINISTERIOS","0012","MINISTERIO DE DEFENSA","20","PIURA","145781505","144119649.32"
"2025","13","GOBIERNO NACIONAL","0101010101","MINISTERIOS","0012","MINISTERIO DE DEFENSA","21","PUNO","51685698","51614014.77"
"2025","13","GOBIERNO NACIONAL","0101010101","MINISTERIOS","0012","MINISTERIO DE DEFENSA","22","SAN MARTIN","25868805","25770183.6"
"2025","13","GOBIERNO NACIONAL","0101010101","MINISTERIOS","0012","MINISTERIO DE DEFENSA","23","TACNA","91516353","91070034.44"
"2025","13","GOBIERNO NACIONAL","0101010101","MINISTERIOS","0012","MINISTERIO DE DEFENSA","24","TUMBES","48119449","47558450.22"
"2025","13","GOBIERNO NACIONAL","0101010101","MINISTERIOS","0012","MINISTERIO DE DEFENSA","25","UCAYALI","82656929","82007586.63"
"2025","13","GOBIERNO NACIONAL","0101010101","MINISTERIOS","0012","MINISTERIO DE DEFENSA","98","EXTERIOR","29714147","29070041.63"
"2025","13","GOBIERNO NACIONAL","0101010101","MINISTERIOS","0013","MINISTERIO DE ECONOMIA Y FINANZAS","15","LIMA","28906668576","27690273701.76"
"2025","13","GOBIERNO NACIONAL","0101010101","MINISTERIOS","0014","MINISTERIO DE EDUCACION","01","AMAZONAS","28197405","25227840.97"
"2025","13","GOBIERNO NACIONAL","0101010101","MINISTERIOS","0014","MINISTERIO DE EDUCACION","02","ANCASH","56942173","52592380.16"
"2025","13","GOBIERNO NACIONAL","0101010101","MINISTERIOS","0014","MINISTERIO DE EDUCACION","03","APURIMAC","85268439","71416431.04"
"2025","13","GOBIERNO NACIONAL","0101010101","MINISTERIOS","0014","MINISTERIO DE EDUCACION","04","AREQUIPA","17040084","16862713.83"
"2025","13","GOBIERNO NACIONAL","0101010101","MINISTERIOS","0014","MINISTERIO DE EDUCACION","05","AYACUCHO","21993655","21891944.65"
"2025","13","GOBIERNO NACIONAL","0101010101","MINISTERIOS","0014","MINISTERIO DE EDUCACION","06","CAJAMARCA","80843846","76069438.72"
"2025","13","GOBIERNO NACIONAL","0101010101","MINISTERIOS","0014","MINISTERIO DE EDUCACION","07","PROV CONSTIT DEL CALLAO","9869248","9841547.55"
"2025","13","GOBIERNO NACIONAL","0101010101","MINISTERIOS","0014","MINISTERIO DE EDUCACION","08","CUSCO","123177052","122514206.23"
"2025","13","GOBIERNO NACIONAL","0101010101","MINISTERIOS","0014","MINISTERIO DE EDUCACION","09","HUANCAVELICA","41125806","26121683.34"
"2025","13","GOBIERNO NACIONAL","0101010101","MINISTERIOS","0014","MINISTERIO DE EDUCACION","10","HUANUCO","48277351","44449339.26"
"2025","13","GOBIERNO NACIONAL","0101010101","MINISTERIOS","0014","MINISTERIO DE EDUCACION","11","ICA","17394541","15070216.38"
"2025","13","GOBIERNO NACIONAL","0101010101","MINISTERIOS","0014","MINISTERIO DE EDUCACION","12","JUNIN","121827742","100413953.95"
"2025","13","GOBIERNO NACIONAL","0101010101","MINISTERIOS","0014","MINISTERIO DE EDUCACION","13","LA LIBERTAD","79685236","72060100.39"
"2025","13","GOBIERNO NACIONAL","0101010101","MINISTERIOS","0014","MINISTERIO DE EDUCACION","14","LAMBAYEQUE","43793595","42202127.3"
"2025","13","GOBIERNO NACIONAL","0101010101","MINISTERIOS","0014","MINISTERIO DE EDUCACION","15","LIMA","8687516001","8442237747.6"
"2025","13","GOBIERNO NACIONAL","0101010101","MINISTERIOS","0014","MINISTERIO DE EDUCACION","16","LORETO","24688145","23845954.28"
"2025","13","GOBIERNO NACIONAL","0101010101","MINISTERIOS","0014","MINISTERIO DE EDUCACION","17","MADRE DE DIOS","16347219","9496190.16"
"2025","13","GOBIERNO NACIONAL","0101010101","MINISTERIOS","0014","MINISTERIO DE EDUCACION","18","MOQUEGUA","9981876","9695525.83"
"2025","13","GOBIERNO NACIONAL","0101010101","MINISTERIOS","0014","MINISTERIO DE EDUCACION","19","PASCO","13657398","13535251.37"
"2025","13","GOBIERNO NACIONAL","0101010101","MINISTERIOS","0014","MINISTERIO DE EDUCACION","20","PIURA","62989462","56677588.1"
"2025","13","GOBIERNO NACIONAL","0101010101","MINISTERIOS","0014","MINISTERIO DE EDUCACION","21","PUNO","449140660","445592937.2"
"2025","13","GOBIERNO NACIONAL","0101010101","MINISTERIOS","0014","MINISTERIO DE EDUCACION","22","SAN MARTIN","33896157","33229301.1"
"2025","13","GOBIERNO NACIONAL","0101010101","MINISTERIOS","0014","MINISTERIO DE EDUCACION","23","TACNA","10438403","10290481.68"
"2025","13","GOBIERNO NACIONAL","0101010101","MINISTERIOS","0014","MINISTERIO DE EDUCACION","24","TUMBES","10353688","10121368.99"
"2025","13","GOBIERNO NACIONAL","0101010101","MINISTERIOS","0014","MINISTERIO DE EDUCACION","25","UCAYALI","43543214","43310613.94"
"2025","13","GOBIERNO NACIONAL","0101010101","MINISTERIOS","0015","MINISTERIO DE ENERGIA Y MINAS","01","AMAZONAS","61007121","58801961.94"
"2025","13","GOBIERNO NACIONAL","0101010101","MINISTERIOS","0015","MINISTERIO DE ENERGIA Y MINAS","02","ANCASH","23621734","21768068.13"
"2025","13","GOBIERNO NACIONAL","0101010101","MINISTERIOS","0015","MINISTERIO DE ENERGIA Y MINAS","03","APURIMAC","766637","468869.77"
"2025","13","GOBIERNO NACIONAL","0101010101","MINISTERIOS","0015","MINISTERIO DE ENERGIA Y MINAS","04","AREQUIPA","25727157","24474989.34"
"2025","13","GOBIERNO NACIONAL","0101010101","MINISTERIOS","0015","MINISTERIO DE ENERGIA Y MINAS","05","AYACUCHO","15652753","12422059.43"
"2025","13","GOBIERNO NACIONAL","0101010101","MINISTERIOS","0015","MINISTERIO DE ENERGIA Y MINAS","06","CAJAMARCA","75198372","70810558.92"
"2025","13","GOBIERNO NACIONAL","0101010101","MINISTERIOS","0015","MINISTERIO DE ENERGIA Y MINAS","08","CUSCO","22718399","21790301.32"
"2025","13","GOBIERNO NACIONAL","0101010101","MINISTERIOS","0015","MINISTERIO DE ENERGIA Y MINAS","09","HUANCAVELICA","12306196","11761831.2"
"2025","13","GOBIERNO NACIONAL","0101010101","MINISTERIOS","0015","MINISTERIO DE ENERGIA Y MINAS","10","HUANUCO","17543699","16308135.85"
"2025","13","GOBIERNO NACIONAL","0101010101","MINISTERIOS","0015","MINISTERIO DE ENERGIA Y MINAS","12","JUNIN","24779364","23416701.09"
"2025","13","GOBIERNO NACIONAL","0101010101","MINISTERIOS","0015","MINISTERIO DE ENERGIA Y MINAS","13","LA LIBERTAD","29843084","28901588.46"
"2025","13","GOBIERNO NACIONAL","0101010101","MINISTERIOS","0015","MINISTERIO DE ENERGIA Y MINAS","14","LAMBAYEQUE","6499533","5571366.31"
"2025","13","GOBIERNO NACIONAL","0101010101","MINISTERIOS","0015","MINISTERIO DE ENERGIA Y MINAS","15","LIMA","571296379","518343526.64"
"2025","13","GOBIERNO NACIONAL","0101010101","MINISTERIOS","0015","MINISTERIO DE ENERGIA Y MINAS","16","LORETO","72195416","68179141.32"
"2025","13","GOBIERNO NACIONAL","0101010101","MINISTERIOS","0015","MINISTERIO DE ENERGIA Y MINAS","17","MADRE DE DIOS","14260705","14131946.46"
"2025","13","GOBIERNO NACIONAL","0101010101","MINISTERIOS","0015","MINISTERIO DE ENERGIA Y MINAS","18","MOQUEGUA","2029273","1699754.32"
"2025","13","GOBIERNO NACIONAL","0101010101","MINISTERIOS","0015","MINISTERIO DE ENERGIA Y MINAS","19","PASCO","11688302","10774483.28"
"2025","13","GOBIERNO NACIONAL","0101010101","MINISTERIOS","0015","MINISTERIO DE ENERGIA Y MINAS","20","PIURA","52623975","51108867.31"
"2025","13","GOBIERNO NACIONAL","0101010101","MINISTERIOS","0015","MINISTERIO DE ENERGIA Y MINAS","21","PUNO","67471382","62128122.94"
"2025","13","GOBIERNO NACIONAL","0101010101","MINISTERIOS","0015","MINISTERIO DE ENERGIA Y MINAS","22","SAN MARTIN","27169192","25587801.76"
"2025","13","GOBIERNO NACIONAL","0101010101","MINISTERIOS","0015","MINISTERIO DE ENERGIA Y MINAS","23","TACNA","8830352","8608896.25"
"2025","13","GOBIERNO NACIONAL","0101010101","MINISTERIOS","0015","MINISTERIO DE ENERGIA Y MINAS","24","TUMBES","5523295","4675244.22"
"2025","13","GOBIERNO NACIONAL","0101010101","MINISTERIOS","0015","MINISTERIO DE ENERGIA Y MINAS","25","UCAYALI","12231150","11241286.4"
"2025","13","GOBIERNO NACIONAL","0101010101","MINISTERIOS","0017","MINISTERIO DE JUSTICIA Y DERECHOS HUMANOS","01","AMAZONAS","5679413","4912064.99"
"2025","13","GOBIERNO NACIONAL","0101010101","MINISTERIOS","0017","MINISTERIO DE JUSTICIA Y DERECHOS HUMANOS","02","ANCASH","14750865","14570809.29"
"2025","13","GOBIERNO NACIONAL","0101010101","MINISTERIOS","0017","MINISTERIO DE JUSTICIA Y DERECHOS HUMANOS","03","APURIMAC","5896246","5791908.51"
"2025","13","GOBIERNO NACIONAL","0101010101","MINISTERIOS","0017","MINISTERIO DE JUSTICIA Y DERECHOS HUMANOS","04","AREQUIPA","14639870","14489137.53"
"2025","13","GOBIERNO NACIONAL","0101010101","MINISTERIOS","0017","MINISTERIO DE JUSTICIA Y DERECHOS HUMANOS","05","AYACUCHO","6475834","6420948.69"
"2025","13","GOBIERNO NACIONAL","0101010101","MINISTERIOS","0017","MINISTERIO DE JUSTICIA Y DERECHOS HUMANOS","06","CAJAMARCA","4564615","4435886.74"
"2025","13","GOBIERNO NACIONAL","0101010101","MINISTERIOS","0017","MINISTERIO DE JUSTICIA Y DERECHOS HUMANOS","07","PROV CONSTIT DEL CALLAO","12371522","12115909.53"
"2025","13","GOBIERNO NACIONAL","0101010101","MINISTERIOS","0017","MINISTERIO DE JUSTICIA Y DERECHOS HUMANOS","08","CUSCO","14061517","13914141.47"
"2025","13","GOBIERNO NACIONAL","0101010101","MINISTERIOS","0017","MINISTERIO DE JUSTICIA Y DERECHOS HUMANOS","09","HUANCAVELICA","3511118","3438844.54"
"2025","13","GOBIERNO NACIONAL","0101010101","MINISTERIOS","0017","MINISTERIO DE JUSTICIA Y DERECHOS HUMANOS","10","HUANUCO","5577156","5514381.79"
"2025","13","GOBIERNO NACIONAL","0101010101","MINISTERIOS","0017","MINISTERIO DE JUSTICIA Y DERECHOS HUMANOS","11","ICA","10443396","10283043.97"
"2025","13","GOBIERNO NACIONAL","0101010101","MINISTERIOS","0017","MINISTERIO DE JUSTICIA Y DERECHOS HUMANOS","12","JUNIN","15238644","15034785.08"
"2025","13","GOBIERNO NACIONAL","0101010101","MINISTERIOS","0017","MINISTERIO DE JUSTICIA Y DERECHOS HUMANOS","13","LA LIBERTAD","12833778","12495729.19"
"2025","13","GOBIERNO NACIONAL","0101010101","MINISTERIOS","0017","MINISTERIO DE JUSTICIA Y DERECHOS HUMANOS","14","LAMBAYEQUE","11746804","11620480.51"
"2025","13","GOBIERNO NACIONAL","0101010101","MINISTERIOS","0017","MINISTERIO DE JUSTICIA Y DERECHOS HUMANOS","15","LIMA","399587320","372879326.07"
"2025","13","GOBIERNO NACIONAL","0101010101","MINISTERIOS","0017","MINISTERIO DE JUSTICIA Y DERECHOS HUMANOS","16","LORETO","2933937","2865000.9"
"2025","13","GOBIERNO NACIONAL","0101010101","MINISTERIOS","0017","MINISTERIO DE JUSTICIA Y DERECHOS HUMANOS","17","MADRE DE DIOS","2694636","2628129.22"
"2025","13","GOBIERNO NACIONAL","0101010101","MINISTERIOS","0017","MINISTERIO DE JUSTICIA Y DERECHOS HUMANOS","18","MOQUEGUA","2528301","2463163.54"
"2025","13","GOBIERNO NACIONAL","0101010101","MINISTERIOS","0017","MINISTERIO DE JUSTICIA Y DERECHOS HUMANOS","19","PASCO","2370462","2295476.64"
"2025","13","GOBIERNO NACIONAL","0101010101","MINISTERIOS","0017","MINISTERIO DE JUSTICIA Y DERECHOS HUMANOS","20","PIURA","13337107","12974383.25"
"2025","13","GOBIERNO NACIONAL","0101010101","MINISTERIOS","0017","MINISTERIO DE JUSTICIA Y DERECHOS HUMANOS","21","PUNO","6149639","6032592.6"
"2025","13","GOBIERNO NACIONAL","0101010101","MINISTERIOS","0017","MINISTERIO DE JUSTICIA Y DERECHOS HUMANOS","22","SAN MARTIN","6751733","6576905.13"
"2025","13","GOBIERNO NACIONAL","0101010101","MINISTERIOS","0017","MINISTERIO DE JUSTICIA Y DERECHOS HUMANOS","23","TACNA","3210529","3112019.28"
"2025","13","GOBIERNO NACIONAL","0101010101","MINISTERIOS","0017","MINISTERIO DE JUSTICIA Y DERECHOS HUMANOS","24","TUMBES","2588760","2496720.38"
"2025","13","GOBIERNO NACIONAL","0101010101","MINISTERIOS","0017","MINISTERIO DE JUSTICIA Y DERECHOS HUMANOS","25","UCAYALI","8138567","8001364.65"
"2025","13","GOBIERNO NACIONAL","0101010101","MINISTERIOS","0021","MINISTERIO DE RELACIONES EXTERIORES","01","AMAZONAS","498693","431221.39"
"2025","13","GOBIERNO NACIONAL","0101010101","MINISTERIOS","0021","MINISTERIO DE RELACIONES EXTERIORES","02","ANCASH","137239","0"
"2025","13","GOBIERNO NACIONAL","0101010101","MINISTERIOS","0021","MINISTERIO DE RELACIONES EXTERIORES","04","AREQUIPA","12228558","10189697.46"
"2025","13","GOBIERNO NACIONAL","0101010101","MINISTERIOS","0021","MINISTERIO DE RELACIONES EXTERIORES","05","AYACUCHO","120358","10700"
"2025","13","GOBIERNO NACIONAL","0101010101","MINISTERIOS","0021","MINISTERIO DE RELACIONES EXTERIORES","06","CAJAMARCA","618338","521685.7"
"2025","13","GOBIERNO NACIONAL","0101010101","MINISTERIOS","0021","MINISTERIO DE RELACIONES EXTERIORES","08","CUSCO","677426","605307.69"
"2025","13","GOBIERNO NACIONAL","0101010101","MINISTERIOS","0021","MINISTERIO DE RELACIONES EXTERIORES","13","LA LIBERTAD","869328","709011.5"
"2025","13","GOBIERNO NACIONAL","0101010101","MINISTERIOS","0021","MINISTERIO DE RELACIONES EXTERIORES","15","LIMA","445472996","417719982.18"
"2025","13","GOBIERNO NACIONAL","0101010101","MINISTERIOS","0021","MINISTERIO DE RELACIONES EXTERIORES","16","LORETO","15096878","14271136.71"
"2025","13","GOBIERNO NACIONAL","0101010101","MINISTERIOS","0021","MINISTERIO DE RELACIONES EXTERIORES","17","MADRE DE DIOS","18088471","17434855.52"
"2025","13","GOBIERNO NACIONAL","0101010101","MINISTERIOS","0021","MINISTERIO DE RELACIONES EXTERIORES","18","MOQUEGUA","509277","350391.64"
"2025","13","GOBIERNO NACIONAL","0101010101","MINISTERIOS","0021","MINISTERIO DE RELACIONES EXTERIORES","20","PIURA","842547","762516.48"
"2025","13","GOBIERNO NACIONAL","0101010101","MINISTERIOS","0021","MINISTERIO DE RELACIONES EXTERIORES","21","PUNO","886274","741533.44"
"2025","13","GOBIERNO NACIONAL","0101010101","MINISTERIOS","0021","MINISTERIO DE RELACIONES EXTERIORES","23","TACNA","879352","825440.59"
"2025","13","GOBIERNO NACIONAL","0101010101","MINISTERIOS","0021","MINISTERIO DE RELACIONES EXTERIORES","24","TUMBES","840330","788641.86"
"2025","13","GOBIERNO NACIONAL","0101010101","MINISTERIOS","0021","MINISTERIO DE RELACIONES EXTERIORES","25","UCAYALI","611764","567380.36"
"2025","13","GOBIERNO NACIONAL","0101010101","MINISTERIOS","0021","MINISTERIO DE RELACIONES EXTERIORES","98","EXTERIOR","608123965","597817106.5"
"2025","13","GOBIERNO NACIONAL","0101010101","MINISTERIOS","0022","MINISTERIO DE SALUD","01","AMAZONAS","4887177","4885666.97"
"2025","13","GOBIERNO NACIONAL","0101010101","MINISTERIOS","0022","MINISTERIO DE SALUD","02","ANCASH","38168326","38089387.08"
"2025","13","GOBIERNO NACIONAL","0101010101","MINISTERIOS","0022","MINISTERIO DE SALUD","03","APURIMAC","131195236","130987923.8"
"2025","13","GOBIERNO NACIONAL","0101010101","MINISTERIOS","0022","MINISTERIO DE SALUD","04","AREQUIPA","18613949","18595659.89"
"2025","13","GOBIERNO NACIONAL","0101010101","MINISTERIOS","0022","MINISTERIO DE SALUD","05","AYACUCHO","978949","978948.92"
"2025","13","GOBIERNO NACIONAL","0101010101","MINISTERIOS","0022","MINISTERIO DE SALUD","06","CAJAMARCA","244672694","244491736.69"
"2025","13","GOBIERNO NACIONAL","0101010101","MINISTERIOS","0022","MINISTERIO DE SALUD","07","PROV CONSTIT DEL CALLAO","2026203","2026203"
"2025","13","GOBIERNO NACIONAL","0101010101","MINISTERIOS","0022","MINISTERIO DE SALUD","08","CUSCO","632323895","631542541.72"
"2025","13","GOBIERNO NACIONAL","0101010101","MINISTERIOS","0022","MINISTERIO DE SALUD","09","HUANCAVELICA","76629684","76624634.91"
"2025","13","GOBIERNO NACIONAL","0101010101","MINISTERIOS","0022","MINISTERIO DE SALUD","10","HUANUCO","3832281","3824279.49"
"2025","13","GOBIERNO NACIONAL","0101010101","MINISTERIOS","0022","MINISTERIO DE SALUD","11","ICA","17035780","17021880.32"
"2025","13","GOBIERNO NACIONAL","0101010101","MINISTERIOS","0022","MINISTERIO DE SALUD","13","LA LIBERTAD","100964670","100774777.45"
"2025","13","GOBIERNO NACIONAL","0101010101","MINISTERIOS","0022","MINISTERIO DE SALUD","14","LAMBAYEQUE","42119596","42096359.44"
"2025","13","GOBIERNO NACIONAL","0101010101","MINISTERIOS","0022","MINISTERIO DE SALUD","15","LIMA","9991098791","9697004090.36"
"2025","13","GOBIERNO NACIONAL","0101010101","MINISTERIOS","0022","MINISTERIO DE SALUD","16","LORETO","12001985","9784809.81"
"2025","13","GOBIERNO NACIONAL","0101010101","MINISTERIOS","0022","MINISTERIO DE SALUD","19","PASCO","414319","401998.45"
"2025","13","GOBIERNO NACIONAL","0101010101","MINISTERIOS","0022","MINISTERIO DE SALUD","20","PIURA","40187414","39750836.73"
"2025","13","GOBIERNO NACIONAL","0101010101","MINISTERIOS","0022","MINISTERIO DE SALUD","21","PUNO","31387842","31010813.17"
"2025","13","GOBIERNO NACIONAL","0101010101","MINISTERIOS","0022","MINISTERIO DE SALUD","22","SAN MARTIN","843000","843000"
"2025","13","GOBIERNO NACIONAL","0101010101","MINISTERIOS","0022","MINISTERIO DE SALUD","23","TACNA","978949","978948.92"
"2025","13","GOBIERNO NACIONAL","0101010101","MINISTERIOS","0022","MINISTERIO DE SALUD","24","TUMBES","843000","843000"
"2025","13","GOBIERNO NACIONAL","0101010101","MINISTERIOS","0022","MINISTERIO DE SALUD","25","UCAYALI","843000","843000"
"2025","13","GOBIERNO NACIONAL","0101010101","MINISTERIOS","0023","MINISTERIO DE TRABAJO Y PROMOCION DEL EMPLEO","01","AMAZONAS","23011266","22929935.74"
"2025","13","GOBIERNO NACIONAL","0101010101","MINISTERIOS","0023","MINISTERIO DE TRABAJO Y PROMOCION DEL EMPLEO","02","ANCASH","27804128","27763942.16"
"2025","13","GOBIERNO NACIONAL","0101010101","MINISTERIOS","0023","MINISTERIO DE TRABAJO Y PROMOCION DEL EMPLEO","03","APURIMAC","24049754","23914907.3"
"2025","13","GOBIERNO NACIONAL","0101010101","MINISTERIOS","0023","MINISTERIO DE TRABAJO Y PROMOCION DEL EMPLEO","04","AREQUIPA","10239489","10210193.24"
"2025","13","GOBIERNO NACIONAL","0101010101","MINISTERIOS","0023","MINISTERIO DE TRABAJO Y PROMOCION DEL EMPLEO","05","AYACUCHO","38043363","37987316.83"
"2025","13","GOBIERNO NACIONAL","0101010101","MINISTERIOS","0023","MINISTERIO DE TRABAJO Y PROMOCION DEL EMPLEO","06","CAJAMARCA","39115095","39037124.03"
"2025","13","GOBIERNO NACIONAL","0101010101","MINISTERIOS","0023","MINISTERIO DE TRABAJO Y PROMOCION DEL EMPLEO","07","PROV CONSTIT DEL CALLAO","1229379","1229378.5"
"2025","13","GOBIERNO NACIONAL","0101010101","MINISTERIOS","0023","MINISTERIO DE TRABAJO Y PROMOCION DEL EMPLEO","08","CUSCO","12036203","11985688.18"
"2025","13","GOBIERNO NACIONAL","0101010101","MINISTERIOS","0023","MINISTERIO DE TRABAJO Y PROMOCION DEL EMPLEO","09","HUANCAVELICA","33591324","33475651.65"
"2025","13","GOBIERNO NACIONAL","0101010101","MINISTERIOS","0023","MINISTERIO DE TRABAJO Y PROMOCION DEL EMPLEO","10","HUANUCO","22828571","22783746.97"
"2025","13","GOBIERNO NACIONAL","0101010101","MINISTERIOS","0023","MINISTERIO DE TRABAJO Y PROMOCION DEL EMPLEO","11","ICA","8086770","8020665.04"
"2025","13","GOBIERNO NACIONAL","0101010101","MINISTERIOS","0023","MINISTERIO DE TRABAJO Y PROMOCION DEL EMPLEO","12","JUNIN","41661684","41582658.37"
"2025","13","GOBIERNO NACIONAL","0101010101","MINISTERIOS","0023","MINISTERIO DE TRABAJO Y PROMOCION DEL EMPLEO","13","LA LIBERTAD","22051155","21950600.87"
"2025","13","GOBIERNO NACIONAL","0101010101","MINISTERIOS","0023","MINISTERIO DE TRABAJO Y PROMOCION DEL EMPLEO","14","LAMBAYEQUE","19459720","19325907.25"
"2025","13","GOBIERNO NACIONAL","0101010101","MINISTERIOS","0023","MINISTERIO DE TRABAJO Y PROMOCION DEL EMPLEO","15","LIMA","239472681","234757961.93"
"2025","13","GOBIERNO NACIONAL","0101010101","MINISTERIOS","0023","MINISTERIO DE TRABAJO Y PROMOCION DEL EMPLEO","16","LORETO","5123450","5093069.23"
"2025","13","GOBIERNO NACIONAL","0101010101","MINISTERIOS","0023","MINISTERIO DE TRABAJO Y PROMOCION DEL EMPLEO","17","MADRE DE DIOS","789000","760640.29"
"2025","13","GOBIERNO NACIONAL","0101010101","MINISTERIOS","0023","MINISTERIO DE TRABAJO Y PROMOCION DEL EMPLEO","18","MOQUEGUA","3116573","3065387.7"
"2025","13","GOBIERNO NACIONAL","0101010101","MINISTERIOS","0023","MINISTERIO DE TRABAJO Y PROMOCION DEL EMPLEO","19","PASCO","5514877","5496278.21"
"2025","13","GOBIERNO NACIONAL","0101010101","MINISTERIOS","0023","MINISTERIO DE TRABAJO Y PROMOCION DEL EMPLEO","20","PIURA","20842224","20773272.81"
"2025","13","GOBIERNO NACIONAL","0101010101","MINISTERIOS","0023","MINISTERIO DE TRABAJO Y PROMOCION DEL EMPLEO","21","PUNO","21182734","21115846.54"
"2025","13","GOBIERNO NACIONAL","0101010101","MINISTERIOS","0023","MINISTERIO DE TRABAJO Y PROMOCION DEL EMPLEO","22","SAN MARTIN","16745656","16644445.09"
"2025","13","GOBIERNO NACIONAL","0101010101","MINISTERIOS","0023","MINISTERIO DE TRABAJO Y PROMOCION DEL EMPLEO","23","TACNA","4620808","4591492.37"
"2025","13","GOBIERNO NACIONAL","0101010101","MINISTERIOS","0023","MINISTERIO DE TRABAJO Y PROMOCION DEL EMPLEO","24","TUMBES","2298449","2285718.22"
"2025","13","GOBIERNO NACIONAL","0101010101","MINISTERIOS","0023","MINISTERIO DE TRABAJO Y PROMOCION DEL EMPLEO","25","UCAYALI","10574009","10527206.75"
"2025","13","GOBIERNO NACIONAL","0101010101","MINISTERIOS","0025","MINISTERIO DEL INTERIOR","01","AMAZONAS","62570536","61896033.29"
"2025","13","GOBIERNO NACIONAL","0101010101","MINISTERIOS","0025","MINISTERIO DEL INTERIOR","02","ANCASH","155312913","154624349.09"
"2025","13","GOBIERNO NACIONAL","0101010101","MINISTERIOS","0025","MINISTERIO DEL INTERIOR","03","APURIMAC","70791920","70181652.94"
"2025","13","GOBIERNO NACIONAL","0101010101","MINISTERIOS","0025","MINISTERIO DEL INTERIOR","04","AREQUIPA","231814981","225337421.47"
"2025","13","GOBIERNO NACIONAL","0101010101","MINISTERIOS","0025","MINISTERIO DEL INTERIOR","05","AYACUCHO","57908458","57429141.81"
"2025","13","GOBIERNO NACIONAL","0101010101","MINISTERIOS","0025","MINISTERIO DEL INTERIOR","06","CAJAMARCA","136365760","134852624.55"
"2025","13","GOBIERNO NACIONAL","0101010101","MINISTERIOS","0025","MINISTERIO DEL INTERIOR","07","PROV CONSTIT DEL CALLAO","187817930","179385552.85"
"2025","13","GOBIERNO NACIONAL","0101010101","MINISTERIOS","0025","MINISTERIO DEL INTERIOR","08","CUSCO","295383653","291859202.69"
"2025","13","GOBIERNO NACIONAL","0101010101","MINISTERIOS","0025","MINISTERIO DEL INTERIOR","09","HUANCAVELICA","45872198","45473391.11"
"2025","13","GOBIERNO NACIONAL","0101010101","MINISTERIOS","0025","MINISTERIO DEL INTERIOR","10","HUANUCO","139420345","133508316.51"
"2025","13","GOBIERNO NACIONAL","0101010101","MINISTERIOS","0025","MINISTERIO DEL INTERIOR","11","ICA","115378731","115056821.37"
"2025","13","GOBIERNO NACIONAL","0101010101","MINISTERIOS","0025","MINISTERIO DEL INTERIOR","12","JUNIN","168027505","167129482.01"
"2025","13","GOBIERNO NACIONAL","0101010101","MINISTERIOS","0025","MINISTERIO DEL INTERIOR","13","LA LIBERTAD","184347885","181520780.63"
"2025","13","GOBIERNO NACIONAL","0101010101","MINISTERIOS","0025","MINISTERIO DEL INTERIOR","14","LAMBAYEQUE","187705788","181680792.74"
"2025","13","GOBIERNO NACIONAL","0101010101","MINISTERIOS","0025","MINISTERIO DEL INTERIOR","15","LIMA","12255178569","11578068830.08"
"2025","13","GOBIERNO NACIONAL","0101010101","MINISTERIOS","0025","MINISTERIO DEL INTERIOR","16","LORETO","87860276","81107747.01"
"2025","13","GOBIERNO NACIONAL","0101010101","MINISTERIOS","0025","MINISTERIO DEL INTERIOR","17","MADRE DE DIOS","33653597","31303809.82"
"2025","13","GOBIERNO NACIONAL","0101010101","MINISTERIOS","0025","MINISTERIO DEL INTERIOR","18","MOQUEGUA","30834356","30512230.14"
"2025","13","GOBIERNO NACIONAL","0101010101","MINISTERIOS","0025","MINISTERIO DEL INTERIOR","19","PASCO","28206326","26572421.42"
"2025","13","GOBIERNO NACIONAL","0101010101","MINISTERIOS","0025","MINISTERIO DEL INTERIOR","20","PIURA","193677174","191475401.37"
"2025","13","GOBIERNO NACIONAL","0101010101","MINISTERIOS","0025","MINISTERIO DEL INTERIOR","21","PUNO","145919822","145120532.12"
"2025","13","GOBIERNO NACIONAL","0101010101","MINISTERIOS","0025","MINISTERIO DEL INTERIOR","22","SAN MARTIN","133853947","132035946.6"
"2025","13","GOBIERNO NACIONAL","0101010101","MINISTERIOS","0025","MINISTERIO DEL INTERIOR","23","TACNA","65748098","64746006.5"
"2025","13","GOBIERNO NACIONAL","0101010101","MINISTERIOS","0025","MINISTERIO DEL INTERIOR","24","TUMBES","49474644","48512179.31"
"2025","13","GOBIERNO NACIONAL","0101010101","MINISTERIOS","0025","MINISTERIO DEL INTERIOR","25","UCAYALI","76575923","73485739.48"
"2025","13","GOBIERNO NACIONAL","0101010101","MINISTERIOS","0026","MINISTERIO PUBLICO","01","AMAZONAS","58164881","57711066.5"
"2025","13","GOBIERNO NACIONAL","0101010101","MINISTERIOS","0026","MINISTERIO PUBLICO","02","ANCASH","158086777","157067902.48"
"2025","13","GOBIERNO NACIONAL","0101010101","MINISTERIOS","0026","MINISTERIO PUBLICO","03","APURIMAC","42561341","42416205.95"
"2025","13","GOBIERNO NACIONAL","0101010101","MINISTERIOS","0026","MINISTERIO PUBLICO","04","AREQUIPA","106890561","106803501.76"
"2025","13","GOBIERNO NACIONAL","0101010101","MINISTERIOS","0026","MINISTERIO PUBLICO","05","AYACUCHO","63603416","63483550.82"
"2025","13","GOBIERNO NACIONAL","0101010101","MINISTERIOS","0026","MINISTERIO PUBLICO","06","CAJAMARCA","75825434","75502243.81"
"2025","13","GOBIERNO NACIONAL","0101010101","MINISTERIOS","0026","MINISTERIO PUBLICO","07","PROV CONSTIT DEL CALLAO","108953342","108371694.47"
"2025","13","GOBIERNO NACIONAL","0101010101","MINISTERIOS","0026","MINISTERIO PUBLICO","08","CUSCO","99133370","99043834.17"
"2025","13","GOBIERNO NACIONAL","0101010101","MINISTERIOS","0026","MINISTERIO PUBLICO","09","HUANCAVELICA","26972394","26848069.19"
"2025","13","GOBIERNO NACIONAL","0101010101","MINISTERIOS","0026","MINISTERIO PUBLICO","10","HUANUCO","89613559","89413799.05"
"2025","13","GOBIERNO NACIONAL","0101010101","MINISTERIOS","0026","MINISTERIO PUBLICO","11","ICA","61421010","61257315.86"
"2025","13","GOBIERNO NACIONAL","0101010101","MINISTERIOS","0026","MINISTERIO PUBLICO","12","JUNIN","87238556","86657528.24"
"2025","13","GOBIERNO NACIONAL","0101010101","MINISTERIOS","0026","MINISTERIO PUBLICO","13","LA LIBERTAD","81031717","80544291.57"
"2025","13","GOBIERNO NACIONAL","0101010101","MINISTERIOS","0026","MINISTERIO PUBLICO","14","LAMBAYEQUE","88253916","88076093.32"
"2025","13","GOBIERNO NACIONAL","0101010101","MINISTERIOS","0026","MINISTERIO PUBLICO","15","LIMA","1266915010","1214117516.86"
"2025","13","GOBIERNO NACIONAL","0101010101","MINISTERIOS","0026","MINISTERIO PUBLICO","16","LORETO","57558536","57430638.86"
"2025","13","GOBIERNO NACIONAL","0101010101","MINISTERIOS","0026","MINISTERIO PUBLICO","17","MADRE DE DIOS","31190852","31110539.09"
"2025","13","GOBIERNO NACIONAL","0101010101","MINISTERIOS","0026","MINISTERIO PUBLICO","18","MOQUEGUA","32249199","32185610.32"
"2025","13","GOBIERNO NACIONAL","0101010101","MINISTERIOS","0026","MINISTERIO PUBLICO","19","PASCO","30892915","30734626.87"
"2025","13","GOBIERNO NACIONAL","0101010101","MINISTERIOS","0026","MINISTERIO PUBLICO","20","PIURA","93162255","92496332.93"
"2025","13","GOBIERNO NACIONAL","0101010101","MINISTERIOS","0026","MINISTERIO PUBLICO","21","PUNO","69910229","69537815.36"
"2025","13","GOBIERNO NACIONAL","0101010101","MINISTERIOS","0026","MINISTERIO PUBLICO","22","SAN MARTIN","74416366","73557945"
"2025","13","GOBIERNO NACIONAL","0101010101","MINISTERIOS","0026","MINISTERIO PUBLICO","23","TACNA","41462525","41271988.66"
"2025","13","GOBIERNO NACIONAL","0101010101","MINISTERIOS","0026","MINISTERIO PUBLICO","24","TUMBES","32005146","31762834.55"
"2025","13","GOBIERNO NACIONAL","0101010101","MINISTERIOS","0026","MINISTERIO PUBLICO","25","UCAYALI","65535024","65280004.75"
"2025","13","GOBIERNO NACIONAL","0101010101","MINISTERIOS","2658","MINISTERIO DE TRANSPORTES Y COMUNICACIONES","01","AMAZONAS","200532479","181068899.21"
"2025","13","GOBIERNO NACIONAL","0101010101","MINISTERIOS","2658","MINISTERIO DE TRANSPORTES Y COMUNICACIONES","02","ANCASH","528727417","506738404.47"
"2025","13","GOBIERNO NACIONAL","0101010101","MINISTERIOS","2658","MINISTERIO DE TRANSPORTES Y COMUNICACIONES","03","APURIMAC","345153168","305511856.49"
"2025","13","GOBIERNO NACIONAL","0101010101","MINISTERIOS","2658","MINISTERIO DE TRANSPORTES Y COMUNICACIONES","04","AREQUIPA","90145767","73745556.61"
"2025","13","GOBIERNO NACIONAL","0101010101","MINISTERIOS","2658","MINISTERIO DE TRANSPORTES Y COMUNICACIONES","05","AYACUCHO","209998140","182707616.46"
"2025","13","GOBIERNO NACIONAL","0101010101","MINISTERIOS","2658","MINISTERIO DE TRANSPORTES Y COMUNICACIONES","06","CAJAMARCA","601449782","516744109.67"
"2025","13","GOBIERNO NACIONAL","0101010101","MINISTERIOS","2658","MINISTERIO DE TRANSPORTES Y COMUNICACIONES","07","PROV CONSTIT DEL CALLAO","177861289","176011020.39"
"2025","13","GOBIERNO NACIONAL","0101010101","MINISTERIOS","2658","MINISTERIO DE TRANSPORTES Y COMUNICACIONES","08","CUSCO","910555989","855052093.76"
"2025","13","GOBIERNO NACIONAL","0101010101","MINISTERIOS","2658","MINISTERIO DE TRANSPORTES Y COMUNICACIONES","09","HUANCAVELICA","300182855","291336980.33"
"2025","13","GOBIERNO NACIONAL","0101010101","MINISTERIOS","2658","MINISTERIO DE TRANSPORTES Y COMUNICACIONES","10","HUANUCO","547752907","530422619.81"
"2025","13","GOBIERNO NACIONAL","0101010101","MINISTERIOS","2658","MINISTERIO DE TRANSPORTES Y COMUNICACIONES","11","ICA","224984182","211665785.75"
"2025","13","GOBIERNO NACIONAL","0101010101","MINISTERIOS","2658","MINISTERIO DE TRANSPORTES Y COMUNICACIONES","12","JUNIN","386020818","344341269.18"
"2025","13","GOBIERNO NACIONAL","0101010101","MINISTERIOS","2658","MINISTERIO DE TRANSPORTES Y COMUNICACIONES","13","LA LIBERTAD","344608027","289515709.25"
"2025","13","GOBIERNO NACIONAL","0101010101","MINISTERIOS","2658","MINISTERIO DE TRANSPORTES Y COMUNICACIONES","14","LAMBAYEQUE","126794337","113260149.63"
"2025","13","GOBIERNO NACIONAL","0101010101","MINISTERIOS","2658","MINISTERIO DE TRANSPORTES Y COMUNICACIONES","15","LIMA","4681667994","4438280961.78"
"2025","13","GOBIERNO NACIONAL","0101010101","MINISTERIOS","2658","MINISTERIO DE TRANSPORTES Y COMUNICACIONES","16","LORETO","122943583","110960125.47"
"2025","13","GOBIERNO NACIONAL","0101010101","MINISTERIOS","2658","MINISTERIO DE TRANSPORTES Y COMUNICACIONES","17","MADRE DE DIOS","168310104","107181055.56"
"2025","13","GOBIERNO NACIONAL","0101010101","MINISTERIOS","2658","MINISTERIO DE TRANSPORTES Y COMUNICACIONES","18","MOQUEGUA","73524908","59417826.2"
"2025","13","GOBIERNO NACIONAL","0101010101","MINISTERIOS","2658","MINISTERIO DE TRANSPORTES Y COMUNICACIONES","19","PASCO","106494886","95811253.38"
"2025","13","GOBIERNO NACIONAL","0101010101","MINISTERIOS","2658","MINISTERIO DE TRANSPORTES Y COMUNICACIONES","20","PIURA","494671109","485554319.67"
"2025","13","GOBIERNO NACIONAL","0101010101","MINISTERIOS","2658","MINISTERIO DE TRANSPORTES Y COMUNICACIONES","21","PUNO","609505223","587808094.47"
"2025","13","GOBIERNO NACIONAL","0101010101","MINISTERIOS","2658","MINISTERIO DE TRANSPORTES Y COMUNICACIONES","22","SAN MARTIN","379740143","368111478.83"
"2025","13","GOBIERNO NACIONAL","0101010101","MINISTERIOS","2658","MINISTERIO DE TRANSPORTES Y COMUNICACIONES","23","TACNA","171348856","153103169.5"
"2025","13","GOBIERNO NACIONAL","0101010101","MINISTERIOS","2658","MINISTERIO DE TRANSPORTES Y COMUNICACIONES","24","TUMBES","13894068","13262849.75"
"2025","13","GOBIERNO NACIONAL","0101010101","MINISTERIOS","2658","MINISTERIO DE TRANSPORTES Y COMUNICACIONES","25","UCAYALI","40374223","36732221.12"
"2025","13","GOBIERNO NACIONAL","0101010101","MINISTERIOS","2660","MINISTERIO DE VIVIENDA, CONSTRUCCION Y SANEAMIENTO","01","AMAZONAS","28768296","27894464.84"
"2025","13","GOBIERNO NACIONAL","0101010101","MINISTERIOS","2660","MINISTERIO DE VIVIENDA, CONSTRUCCION Y SANEAMIENTO","02","ANCASH","52604951","49856391.34"
"2025","13","GOBIERNO NACIONAL","0101010101","MINISTERIOS","2660","MINISTERIO DE VIVIENDA, CONSTRUCCION Y SANEAMIENTO","03","APURIMAC","4056079","4042199.26"
"2025","13","GOBIERNO NACIONAL","0101010101","MINISTERIOS","2660","MINISTERIO DE VIVIENDA, CONSTRUCCION Y SANEAMIENTO","04","AREQUIPA","137515334","136101723.4"
"2025","13","GOBIERNO NACIONAL","0101010101","MINISTERIOS","2660","MINISTERIO DE VIVIENDA, CONSTRUCCION Y SANEAMIENTO","05","AYACUCHO","4104141","4032083.44"
"2025","13","GOBIERNO NACIONAL","0101010101","MINISTERIOS","2660","MINISTERIO DE VIVIENDA, CONSTRUCCION Y SANEAMIENTO","06","CAJAMARCA","25858484","25566571.9"
"2025","13","GOBIERNO NACIONAL","0101010101","MINISTERIOS","2660","MINISTERIO DE VIVIENDA, CONSTRUCCION Y SANEAMIENTO","07","PROV CONSTIT DEL CALLAO","61598741","61598738.92"
"2025","13","GOBIERNO NACIONAL","0101010101","MINISTERIOS","2660","MINISTERIO DE VIVIENDA, CONSTRUCCION Y SANEAMIENTO","08","CUSCO","224363670","221957308.37"
"2025","13","GOBIERNO NACIONAL","0101010101","MINISTERIOS","2660","MINISTERIO DE VIVIENDA, CONSTRUCCION Y SANEAMIENTO","09","HUANCAVELICA","3611781","3593108.99"
"2025","13","GOBIERNO NACIONAL","0101010101","MINISTERIOS","2660","MINISTERIO DE VIVIENDA, CONSTRUCCION Y SANEAMIENTO","10","HUANUCO","15427656","15327664.82"
"2025","13","GOBIERNO NACIONAL","0101010101","MINISTERIOS","2660","MINISTERIO DE VIVIENDA, CONSTRUCCION Y SANEAMIENTO","11","ICA","3375068","3289028.75"
"2025","13","GOBIERNO NACIONAL","0101010101","MINISTERIOS","2660","MINISTERIO DE VIVIENDA, CONSTRUCCION Y SANEAMIENTO","12","JUNIN","57791628","57096561.72"
"2025","13","GOBIERNO NACIONAL","0101010101","MINISTERIOS","2660","MINISTERIO DE VIVIENDA, CONSTRUCCION Y SANEAMIENTO","13","LA LIBERTAD","43201629","43027741.03"
"2025","13","GOBIERNO NACIONAL","0101010101","MINISTERIOS","2660","MINISTERIO DE VIVIENDA, CONSTRUCCION Y SANEAMIENTO","14","LAMBAYEQUE","24906282","24832783.96"
"2025","13","GOBIERNO NACIONAL","0101010101","MINISTERIOS","2660","MINISTERIO DE VIVIENDA, CONSTRUCCION Y SANEAMIENTO","15","LIMA","2737275069","2729395203.17"
"2025","13","GOBIERNO NACIONAL","0101010101","MINISTERIOS","2660","MINISTERIO DE VIVIENDA, CONSTRUCCION Y SANEAMIENTO","16","LORETO","59516864","50651086.86"
"2025","13","GOBIERNO NACIONAL","0101010101","MINISTERIOS","2660","MINISTERIO DE VIVIENDA, CONSTRUCCION Y SANEAMIENTO","17","MADRE DE DIOS","20716393","20194835.51"
"2025","13","GOBIERNO NACIONAL","0101010101","MINISTERIOS","2660","MINISTERIO DE VIVIENDA, CONSTRUCCION Y SANEAMIENTO","18","MOQUEGUA","2190679","2181621.09"
"2025","13","GOBIERNO NACIONAL","0101010101","MINISTERIOS","2660","MINISTERIO DE VIVIENDA, CONSTRUCCION Y SANEAMIENTO","19","PASCO","2027777","2011431.8"
"2025","13","GOBIERNO NACIONAL","0101010101","MINISTERIOS","2660","MINISTERIO DE VIVIENDA, CONSTRUCCION Y SANEAMIENTO","20","PIURA","243053514","242559748.15"
"2025","13","GOBIERNO NACIONAL","0101010101","MINISTERIOS","2660","MINISTERIO DE VIVIENDA, CONSTRUCCION Y SANEAMIENTO","21","PUNO","98206155","96955266.97"
"2025","13","GOBIERNO NACIONAL","0101010101","MINISTERIOS","2660","MINISTERIO DE VIVIENDA, CONSTRUCCION Y SANEAMIENTO","22","SAN MARTIN","9835162","9689821.23"
"2025","13","GOBIERNO NACIONAL","0101010101","MINISTERIOS","2660","MINISTERIO DE VIVIENDA, CONSTRUCCION Y SANEAMIENTO","23","TACNA","16918581","16057291.69"
"2025","13","GOBIERNO NACIONAL","0101010101","MINISTERIOS","2660","MINISTERIO DE VIVIENDA, CONSTRUCCION Y SANEAMIENTO","24","TUMBES","23482779","23270621.6"
"2025","13","GOBIERNO NACIONAL","0101010101","MINISTERIOS","2660","MINISTERIO DE VIVIENDA, CONSTRUCCION Y SANEAMIENTO","25","UCAYALI","4710854","4672206.19"
"2025","13","GOBIERNO NACIONAL","0101010101","MINISTERIOS","2661","MINISTERIO DE COMERCIO EXTERIOR Y TURISMO","01","AMAZONAS","17205423","16855081.44"
"2025","13","GOBIERNO NACIONAL","0101010101","MINISTERIOS","2661","MINISTERIO DE COMERCIO EXTERIOR Y TURISMO","02","ANCASH","418695","407268.04"
"2025","13","GOBIERNO NACIONAL","0101010101","MINISTERIOS","2661","MINISTERIO DE COMERCIO EXTERIOR Y TURISMO","04","AREQUIPA","13781421","13734449.99"
"2025","13","GOBIERNO NACIONAL","0101010101","MINISTERIOS","2661","MINISTERIO DE COMERCIO EXTERIOR Y TURISMO","05","AYACUCHO","1902712","1707191.01"
"2025","13","GOBIERNO NACIONAL","0101010101","MINISTERIOS","2661","MINISTERIO DE COMERCIO EXTERIOR Y TURISMO","06","CAJAMARCA","845133","795694.03"
"2025","13","GOBIERNO NACIONAL","0101010101","MINISTERIOS","2661","MINISTERIO DE COMERCIO EXTERIOR Y TURISMO","07","PROV CONSTIT DEL CALLAO","4000000","4000000"
"2025","13","GOBIERNO NACIONAL","0101010101","MINISTERIOS","2661","MINISTERIO DE COMERCIO EXTERIOR Y TURISMO","08","CUSCO","13969798","13878215.34"
"2025","13","GOBIERNO NACIONAL","0101010101","MINISTERIOS","2661","MINISTERIO DE COMERCIO EXTERIOR Y TURISMO","10","HUANUCO","1725989","1719707.92"
"2025","13","GOBIERNO NACIONAL","0101010101","MINISTERIOS","2661","MINISTERIO DE COMERCIO EXTERIOR Y TURISMO","11","ICA","544660","523103.02"
"2025","13","GOBIERNO NACIONAL","0101010101","MINISTERIOS","2661","MINISTERIO DE COMERCIO EXTERIOR Y TURISMO","12","JUNIN","867473","645600.18"
"2025","13","GOBIERNO NACIONAL","0101010101","MINISTERIOS","2661","MINISTERIO DE COMERCIO EXTERIOR Y TURISMO","13","LA LIBERTAD","8658082","8196104.11"
"2025","13","GOBIERNO NACIONAL","0101010101","MINISTERIOS","2661","MINISTERIO DE COMERCIO EXTERIOR Y TURISMO","14","LAMBAYEQUE","23643698","23623419.71"
"2025","13","GOBIERNO NACIONAL","0101010101","MINISTERIOS","2661","MINISTERIO DE COMERCIO EXTERIOR Y TURISMO","15","LIMA","242183512","225158334.47"
"2025","13","GOBIERNO NACIONAL","0101010101","MINISTERIOS","2661","MINISTERIO DE COMERCIO EXTERIOR Y TURISMO","16","LORETO","756685","749001.22"
"2025","13","GOBIERNO NACIONAL","0101010101","MINISTERIOS","2661","MINISTERIO DE COMERCIO EXTERIOR Y TURISMO","17","MADRE DE DIOS","92920","92919.82"
"2025","13","GOBIERNO NACIONAL","0101010101","MINISTERIOS","2661","MINISTERIO DE COMERCIO EXTERIOR Y TURISMO","18","MOQUEGUA","454825","454248.25"
"2025","13","GOBIERNO NACIONAL","0101010101","MINISTERIOS","2661","MINISTERIO DE COMERCIO EXTERIOR Y TURISMO","19","PASCO","9397","9397"
"2025","13","GOBIERNO NACIONAL","0101010101","MINISTERIOS","2661","MINISTERIO DE COMERCIO EXTERIOR Y TURISMO","20","PIURA","13274081","13274014.56"
"2025","13","GOBIERNO NACIONAL","0101010101","MINISTERIOS","2661","MINISTERIO DE COMERCIO EXTERIOR Y TURISMO","21","PUNO","8075013","8054054.52"
"2025","13","GOBIERNO NACIONAL","0101010101","MINISTERIOS","2661","MINISTERIO DE COMERCIO EXTERIOR Y TURISMO","23","TACNA","20000","0"
"2025","13","GOBIERNO NACIONAL","0101010101","MINISTERIOS","2661","MINISTERIO DE COMERCIO EXTERIOR Y TURISMO","24","TUMBES","105238","105236.97"
"2025","13","GOBIERNO NACIONAL","0101010101","MINISTERIOS","2661","MINISTERIO DE COMERCIO EXTERIOR Y TURISMO","25","UCAYALI","5367825","5345577.77"
"2025","13","GOBIERNO NACIONAL","0101010101","MINISTERIOS","2662","MINISTERIO DE LA PRODUCCION","05","AYACUCHO","488811","332802.69"
"2025","13","GOBIERNO NACIONAL","0101010101","MINISTERIOS","2662","MINISTERIO DE LA PRODUCCION","06","CAJAMARCA","1028737","992621.75"
"2025","13","GOBIERNO NACIONAL","0101010101","MINISTERIOS","2662","MINISTERIO DE LA PRODUCCION","08","CUSCO","1049113","890677.21"
"2025","13","GOBIERNO NACIONAL","0101010101","MINISTERIOS","2662","MINISTERIO DE LA PRODUCCION","12","JUNIN","8374936","6626398.12"
"2025","13","GOBIERNO NACIONAL","0101010101","MINISTERIOS","2662","MINISTERIO DE LA PRODUCCION","14","LAMBAYEQUE","8917457","7624224.36"
"2025","13","GOBIERNO NACIONAL","0101010101","MINISTERIOS","2662","MINISTERIO DE LA PRODUCCION","15","LIMA","438587554","434172494.92"
"2025","13","GOBIERNO NACIONAL","0101010101","MINISTERIOS","2662","MINISTERIO DE LA PRODUCCION","16","LORETO","1941706","1886446.05"
"2025","13","GOBIERNO NACIONAL","0101010101","MINISTERIOS","2662","MINISTERIO DE LA PRODUCCION","18","MOQUEGUA","66440","37725.84"
"2025","13","GOBIERNO NACIONAL","0101010101","MINISTERIOS","2662","MINISTERIO DE LA PRODUCCION","20","PIURA","9998968","8553441.87"
"2025","13","GOBIERNO NACIONAL","0101010101","MINISTERIOS","2662","MINISTERIO DE LA PRODUCCION","21","PUNO","510742","171199.09"
"2025","13","GOBIERNO NACIONAL","0101010101","MINISTERIOS","2662","MINISTERIO DE LA PRODUCCION","22","SAN MARTIN","593594","461423.47"
"2025","13","GOBIERNO NACIONAL","0101010101","MINISTERIOS","2663","MINISTERIO DE LA MUJER  Y POBLACIONES VULNERABLES","01","AMAZONAS","10017909","9920529.02"
"2025","13","GOBIERNO NACIONAL","0101010101","MINISTERIOS","2663","MINISTERIO DE LA MUJER  Y POBLACIONES VULNERABLES","02","ANCASH","18069205","17881609.41"
"2025","13","GOBIERNO NACIONAL","0101010101","MINISTERIOS","2663","MINISTERIO DE LA MUJER  Y POBLACIONES VULNERABLES","03","APURIMAC","7765712","7689640.77"
"2025","13","GOBIERNO NACIONAL","0101010101","MINISTERIOS","2663","MINISTERIO DE LA MUJER  Y POBLACIONES VULNERABLES","04","AREQUIPA","30648794","30330049.01"
"2025","13","GOBIERNO NACIONAL","0101010101","MINISTERIOS","2663","MINISTERIO DE LA MUJER  Y POBLACIONES VULNERABLES","05","AYACUCHO","14420825","14270195.99"
"2025","13","GOBIERNO NACIONAL","0101010101","MINISTERIOS","2663","MINISTERIO DE LA MUJER  Y POBLACIONES VULNERABLES","06","CAJAMARCA","10046450","9879084.18"
"2025","13","GOBIERNO NACIONAL","0101010101","MINISTERIOS","2663","MINISTERIO DE LA MUJER  Y POBLACIONES VULNERABLES","07","PROV CONSTIT DEL CALLAO","22232293","21588199.44"
"2025","13","GOBIERNO NACIONAL","0101010101","MINISTERIOS","2663","MINISTERIO DE LA MUJER  Y POBLACIONES VULNERABLES","08","CUSCO","23554968","23326309.03"
"2025","13","GOBIERNO NACIONAL","0101010101","MINISTERIOS","2663","MINISTERIO DE LA MUJER  Y POBLACIONES VULNERABLES","09","HUANCAVELICA","8711335","8538889.23"
"2025","13","GOBIERNO NACIONAL","0101010101","MINISTERIOS","2663","MINISTERIO DE LA MUJER  Y POBLACIONES VULNERABLES","10","HUANUCO","12928440","12807417.91"
"2025","13","GOBIERNO NACIONAL","0101010101","MINISTERIOS","2663","MINISTERIO DE LA MUJER  Y POBLACIONES VULNERABLES","11","ICA","15107668","14954894.85"
"2025","13","GOBIERNO NACIONAL","0101010101","MINISTERIOS","2663","MINISTERIO DE LA MUJER  Y POBLACIONES VULNERABLES","12","JUNIN","16994309","16860038.94"
"2025","13","GOBIERNO NACIONAL","0101010101","MINISTERIOS","2663","MINISTERIO DE LA MUJER  Y POBLACIONES VULNERABLES","13","LA LIBERTAD","19643201","19421103.4"
"2025","13","GOBIERNO NACIONAL","0101010101","MINISTERIOS","2663","MINISTERIO DE LA MUJER  Y POBLACIONES VULNERABLES","14","LAMBAYEQUE","17014431","16767710.17"
"2025","13","GOBIERNO NACIONAL","0101010101","MINISTERIOS","2663","MINISTERIO DE LA MUJER  Y POBLACIONES VULNERABLES","15","LIMA","670482606","665200963.71"
"2025","13","GOBIERNO NACIONAL","0101010101","MINISTERIOS","2663","MINISTERIO DE LA MUJER  Y POBLACIONES VULNERABLES","16","LORETO","16491053","16262977.56"
"2025","13","GOBIERNO NACIONAL","0101010101","MINISTERIOS","2663","MINISTERIO DE LA MUJER  Y POBLACIONES VULNERABLES","17","MADRE DE DIOS","9834210","9548784.7"
"2025","13","GOBIERNO NACIONAL","0101010101","MINISTERIOS","2663","MINISTERIO DE LA MUJER  Y POBLACIONES VULNERABLES","18","MOQUEGUA","6927603","6863306.71"
"2025","13","GOBIERNO NACIONAL","0101010101","MINISTERIOS","2663","MINISTERIO DE LA MUJER  Y POBLACIONES VULNERABLES","19","PASCO","3764147","3731776.23"
"2025","13","GOBIERNO NACIONAL","0101010101","MINISTERIOS","2663","MINISTERIO DE LA MUJER  Y POBLACIONES VULNERABLES","20","PIURA","13251491","13122935.83"
"2025","13","GOBIERNO NACIONAL","0101010101","MINISTERIOS","2663","MINISTERIO DE LA MUJER  Y POBLACIONES VULNERABLES","21","PUNO","20306583","20155816.05"
"2025","13","GOBIERNO NACIONAL","0101010101","MINISTERIOS","2663","MINISTERIO DE LA MUJER  Y POBLACIONES VULNERABLES","22","SAN MARTIN","8020765","7817616.9"
"2025","13","GOBIERNO NACIONAL","0101010101","MINISTERIOS","2663","MINISTERIO DE LA MUJER  Y POBLACIONES VULNERABLES","23","TACNA","11370236","11261740.94"
"2025","13","GOBIERNO NACIONAL","0101010101","MINISTERIOS","2663","MINISTERIO DE LA MUJER  Y POBLACIONES VULNERABLES","24","TUMBES","7985375","7832242.78"
"2025","13","GOBIERNO NACIONAL","0101010101","MINISTERIOS","2663","MINISTERIO DE LA MUJER  Y POBLACIONES VULNERABLES","25","UCAYALI","9767481","9620859.19"
"2025","13","GOBIERNO NACIONAL","0101010101","MINISTERIOS","2754","MINISTERIO DEL AMBIENTE","02","ANCASH","9310786","9306111.12"
"2025","13","GOBIERNO NACIONAL","0101010101","MINISTERIOS","2754","MINISTERIO DEL AMBIENTE","03","APURIMAC","374753","361570"
"2025","13","GOBIERNO NACIONAL","0101010101","MINISTERIOS","2754","MINISTERIO DEL AMBIENTE","04","AREQUIPA","90373556","88588279.39"
"2025","13","GOBIERNO NACIONAL","0101010101","MINISTERIOS","2754","MINISTERIO DEL AMBIENTE","09","HUANCAVELICA","3500778","3380908.22"
"2025","13","GOBIERNO NACIONAL","0101010101","MINISTERIOS","2754","MINISTERIO DEL AMBIENTE","10","HUANUCO","9069547","8577067.51"
"2025","13","GOBIERNO NACIONAL","0101010101","MINISTERIOS","2754","MINISTERIO DEL AMBIENTE","11","ICA","17998459","17998457.78"
"2025","13","GOBIERNO NACIONAL","0101010101","MINISTERIOS","2754","MINISTERIO DEL AMBIENTE","13","LA LIBERTAD","584737","246497.64"
"2025","13","GOBIERNO NACIONAL","0101010101","MINISTERIOS","2754","MINISTERIO DEL AMBIENTE","14","LAMBAYEQUE","23417092","23155636.42"
"2025","13","GOBIERNO NACIONAL","0101010101","MINISTERIOS","2754","MINISTERIO DEL AMBIENTE","15","LIMA","197794021","190603509.29"
"2025","13","GOBIERNO NACIONAL","0101010101","MINISTERIOS","2754","MINISTERIO DEL AMBIENTE","16","LORETO","4238399","4235627.2"
"2025","13","GOBIERNO NACIONAL","0101010101","MINISTERIOS","2754","MINISTERIO DEL AMBIENTE","17","MADRE DE DIOS","7615513","7540653.84"
"2025","13","GOBIERNO NACIONAL","0101010101","MINISTERIOS","2754","MINISTERIO DEL AMBIENTE","19","PASCO","7363298","7286806.29"
"2025","13","GOBIERNO NACIONAL","0101010101","MINISTERIOS","2754","MINISTERIO DEL AMBIENTE","20","PIURA","25623640","24987194.67"
"2025","13","GOBIERNO NACIONAL","0101010101","MINISTERIOS","2754","MINISTERIO DEL AMBIENTE","21","PUNO","15615526","15458461.79"
"2025","13","GOBIERNO NACIONAL","0101010101","MINISTERIOS","2754","MINISTERIO DEL AMBIENTE","22","SAN MARTIN","15439331","15304605.34"
"2025","13","GOBIERNO NACIONAL","0101010101","MINISTERIOS","2754","MINISTERIO DEL AMBIENTE","23","TACNA","20869230","19816558.8"
"2025","13","GOBIERNO NACIONAL","0101010101","MINISTERIOS","2754","MINISTERIO DEL AMBIENTE","24","TUMBES","8777274","8692264.74"
"2025","13","GOBIERNO NACIONAL","0101010101","MINISTERIOS","2754","MINISTERIO DEL AMBIENTE","25","UCAYALI","23351209","21803084.53"
"2025","13","GOBIERNO NACIONAL","0101010101","MINISTERIOS","2796","MINISTERIO DE CULTURA","01","AMAZONAS","9829681","9400396.67"
"2025","13","GOBIERNO NACIONAL","0101010101","MINISTERIOS","2796","MINISTERIO DE CULTURA","02","ANCASH","11009966","10720441.37"
"2025","13","GOBIERNO NACIONAL","0101010101","MINISTERIOS","2796","MINISTERIO DE CULTURA","03","APURIMAC","1962323","1956975.45"
"2025","13","GOBIERNO NACIONAL","0101010101","MINISTERIOS","2796","MINISTERIO DE CULTURA","04","AREQUIPA","6833198","6765717.97"
"2025","13","GOBIERNO NACIONAL","0101010101","MINISTERIOS","2796","MINISTERIO DE CULTURA","05","AYACUCHO","6829161","5029058.72"
"2025","13","GOBIERNO NACIONAL","0101010101","MINISTERIOS","2796","MINISTERIO DE CULTURA","06","CAJAMARCA","4350783","4342840.64"
"2025","13","GOBIERNO NACIONAL","0101010101","MINISTERIOS","2796","MINISTERIO DE CULTURA","07","PROV CONSTIT DEL CALLAO","2157175","1968518.11"
"2025","13","GOBIERNO NACIONAL","0101010101","MINISTERIOS","2796","MINISTERIO DE CULTURA","08","CUSCO","106419093","99085379.68"
"2025","13","GOBIERNO NACIONAL","0101010101","MINISTERIOS","2796","MINISTERIO DE CULTURA","09","HUANCAVELICA","1756754","1735250.25"
"2025","13","GOBIERNO NACIONAL","0101010101","MINISTERIOS","2796","MINISTERIO DE CULTURA","10","HUANUCO","2069274","2058828.38"
"2025","13","GOBIERNO NACIONAL","0101010101","MINISTERIOS","2796","MINISTERIO DE CULTURA","11","ICA","7681584","7546081.03"
"2025","13","GOBIERNO NACIONAL","0101010101","MINISTERIOS","2796","MINISTERIO DE CULTURA","12","JUNIN","31917342","31185919.14"
"2025","13","GOBIERNO NACIONAL","0101010101","MINISTERIOS","2796","MINISTERIO DE CULTURA","13","LA LIBERTAD","24361948","22715721.89"
"2025","13","GOBIERNO NACIONAL","0101010101","MINISTERIOS","2796","MINISTERIO DE CULTURA","14","LAMBAYEQUE","15719900","14936661.97"
"2025","13","GOBIERNO NACIONAL","0101010101","MINISTERIOS","2796","MINISTERIO DE CULTURA","15","LIMA","346495386","332929380.69"
"2025","13","GOBIERNO NACIONAL","0101010101","MINISTERIOS","2796","MINISTERIO DE CULTURA","16","LORETO","2044329","2020490.64"
"2025","13","GOBIERNO NACIONAL","0101010101","MINISTERIOS","2796","MINISTERIO DE CULTURA","17","MADRE DE DIOS","1127542","1120812.43"
"2025","13","GOBIERNO NACIONAL","0101010101","MINISTERIOS","2796","MINISTERIO DE CULTURA","18","MOQUEGUA","985153","978494.05"
"2025","13","GOBIERNO NACIONAL","0101010101","MINISTERIOS","2796","MINISTERIO DE CULTURA","19","PASCO","1212877","1187217.69"
"2025","13","GOBIERNO NACIONAL","0101010101","MINISTERIOS","2796","MINISTERIO DE CULTURA","20","PIURA","3018848","3012671.93"
"2025","13","GOBIERNO NACIONAL","0101010101","MINISTERIOS","2796","MINISTERIO DE CULTURA","21","PUNO","9413564","9124276.34"
"2025","13","GOBIERNO NACIONAL","0101010101","MINISTERIOS","2796","MINISTERIO DE CULTURA","22","SAN MARTIN","18814577","18721357.77"
"2025","13","GOBIERNO NACIONAL","0101010101","MINISTERIOS","2796","MINISTERIO DE CULTURA","23","TACNA","2384522","2300632.67"
"2025","13","GOBIERNO NACIONAL","0101010101","MINISTERIOS","2796","MINISTERIO DE CULTURA","24","TUMBES","1870404","1777834.34"
"2025","13","GOBIERNO NACIONAL","0101010101","MINISTERIOS","2796","MINISTERIO DE CULTURA","25","UCAYALI","1445719","1383640.51"
"2025","13","GOBIERNO NACIONAL","0101010101","MINISTERIOS","2821","MINISTERIO DE DESARROLLO E INCLUSIÓN SOCIAL","01","AMAZONAS","271326888","270667686.26"
"2025","13","GOBIERNO NACIONAL","0101010101","MINISTERIOS","2821","MINISTERIO DE DESARROLLO E INCLUSIÓN SOCIAL","02","ANCASH","313933027","312606038"
"2025","13","GOBIERNO NACIONAL","0101010101","MINISTERIOS","2821","MINISTERIO DE DESARROLLO E INCLUSIÓN SOCIAL","03","APURIMAC","232188732","230664738.05"
"2025","13","GOBIERNO NACIONAL","0101010101","MINISTERIOS","2821","MINISTERIO DE DESARROLLO E INCLUSIÓN SOCIAL","04","AREQUIPA","158090396","156482996.86"
"2025","13","GOBIERNO NACIONAL","0101010101","MINISTERIOS","2821","MINISTERIO DE DESARROLLO E INCLUSIÓN SOCIAL","05","AYACUCHO","293146475","292320403.39"
"2025","13","GOBIERNO NACIONAL","0101010101","MINISTERIOS","2821","MINISTERIO DE DESARROLLO E INCLUSIÓN SOCIAL","06","CAJAMARCA","651181816","648583054.72"
"2025","13","GOBIERNO NACIONAL","0101010101","MINISTERIOS","2821","MINISTERIO DE DESARROLLO E INCLUSIÓN SOCIAL","07","PROV CONSTIT DEL CALLAO","34839342","34777186.95"
"2025","13","GOBIERNO NACIONAL","0101010101","MINISTERIOS","2821","MINISTERIO DE DESARROLLO E INCLUSIÓN SOCIAL","08","CUSCO","382757470","382193946.2"
"2025","13","GOBIERNO NACIONAL","0101010101","MINISTERIOS","2821","MINISTERIO DE DESARROLLO E INCLUSIÓN SOCIAL","09","HUANCAVELICA","219842363","218230826.69"
"2025","13","GOBIERNO NACIONAL","0101010101","MINISTERIOS","2821","MINISTERIO DE DESARROLLO E INCLUSIÓN SOCIAL","10","HUANUCO","317602017","316829781.86"
"2025","13","GOBIERNO NACIONAL","0101010101","MINISTERIOS","2821","MINISTERIO DE DESARROLLO E INCLUSIÓN SOCIAL","11","ICA","103554849","102236325.53"
"2025","13","GOBIERNO NACIONAL","0101010101","MINISTERIOS","2821","MINISTERIO DE DESARROLLO E INCLUSIÓN SOCIAL","12","JUNIN","308228175","305518777.22"
"2025","13","GOBIERNO NACIONAL","0101010101","MINISTERIOS","2821","MINISTERIO DE DESARROLLO E INCLUSIÓN SOCIAL","13","LA LIBERTAD","367799867","366812650.93"
"2025","13","GOBIERNO NACIONAL","0101010101","MINISTERIOS","2821","MINISTERIO DE DESARROLLO E INCLUSIÓN SOCIAL","14","LAMBAYEQUE","191373851","190133932.03"
"2025","13","GOBIERNO NACIONAL","0101010101","MINISTERIOS","2821","MINISTERIO DE DESARROLLO E INCLUSIÓN SOCIAL","15","LIMA","1091985005","1055931546.81"
"2025","13","GOBIERNO NACIONAL","0101010101","MINISTERIOS","2821","MINISTERIO DE DESARROLLO E INCLUSIÓN SOCIAL","16","LORETO","445788949","437858016.97"
"2025","13","GOBIERNO NACIONAL","0101010101","MINISTERIOS","2821","MINISTERIO DE DESARROLLO E INCLUSIÓN SOCIAL","17","MADRE DE DIOS","39775601","39471555.03"
"2025","13","GOBIERNO NACIONAL","0101010101","MINISTERIOS","2821","MINISTERIO DE DESARROLLO E INCLUSIÓN SOCIAL","18","MOQUEGUA","45522494","45249096.63"
"2025","13","GOBIERNO NACIONAL","0101010101","MINISTERIOS","2821","MINISTERIO DE DESARROLLO E INCLUSIÓN SOCIAL","19","PASCO","104381367","104046959.82"
"2025","13","GOBIERNO NACIONAL","0101010101","MINISTERIOS","2821","MINISTERIO DE DESARROLLO E INCLUSIÓN SOCIAL","20","PIURA","513682028","512775619.67"
"2025","13","GOBIERNO NACIONAL","0101010101","MINISTERIOS","2821","MINISTERIO DE DESARROLLO E INCLUSIÓN SOCIAL","21","PUNO","390317624","389503135.61"
"2025","13","GOBIERNO NACIONAL","0101010101","MINISTERIOS","2821","MINISTERIO DE DESARROLLO E INCLUSIÓN SOCIAL","22","SAN MARTIN","292736666","291744233.67"
"2025","13","GOBIERNO NACIONAL","0101010101","MINISTERIOS","2821","MINISTERIO DE DESARROLLO E INCLUSIÓN SOCIAL","23","TACNA","50595034","50307535.74"
"2025","13","GOBIERNO NACIONAL","0101010101","MINISTERIOS","2821","MINISTERIO DE DESARROLLO E INCLUSIÓN SOCIAL","24","TUMBES","52140271","51680422.04"
"2025","13","GOBIERNO NACIONAL","0101010101","MINISTERIOS","2821","MINISTERIO DE DESARROLLO E INCLUSIÓN SOCIAL","25","UCAYALI","173137716","171922934.53"
"2025","13","GOBIERNO NACIONAL","0101010102","PODERES Y OTRAS ENTIDADES  DE GASTO","0006","CONGRESO DE LA REPUBLICA","15","LIMA","1413267068","1257523750.47"
"2025","13","GOBIERNO NACIONAL","0101010102","PODERES Y OTRAS ENTIDADES  DE GASTO","0007","JUNTA NACIONAL DE JUSTICIA","15","LIMA","47006176","45497228.63"
"2025","13","GOBIERNO NACIONAL","0101010102","PODERES Y OTRAS ENTIDADES  DE GASTO","0008","CONTRALORIA GENERAL DE LA REPUBLICA","01","AMAZONAS","8206147","8066925.47"
"2025","13","GOBIERNO NACIONAL","0101010102","PODERES Y OTRAS ENTIDADES  DE GASTO","0008","CONTRALORIA GENERAL DE LA REPUBLICA","02","ANCASH","17959051","17283060.14"
"2025","13","GOBIERNO NACIONAL","0101010102","PODERES Y OTRAS ENTIDADES  DE GASTO","0008","CONTRALORIA GENERAL DE LA REPUBLICA","03","APURIMAC","9464726","9134126.12"
"2025","13","GOBIERNO NACIONAL","0101010102","PODERES Y OTRAS ENTIDADES  DE GASTO","0008","CONTRALORIA GENERAL DE LA REPUBLICA","04","AREQUIPA","25786428","25635985.57"
"2025","13","GOBIERNO NACIONAL","0101010102","PODERES Y OTRAS ENTIDADES  DE GASTO","0008","CONTRALORIA GENERAL DE LA REPUBLICA","05","AYACUCHO","14245503","13939298.97"
"2025","13","GOBIERNO NACIONAL","0101010102","PODERES Y OTRAS ENTIDADES  DE GASTO","0008","CONTRALORIA GENERAL DE LA REPUBLICA","06","CAJAMARCA","20601318","20438025.52"
"2025","13","GOBIERNO NACIONAL","0101010102","PODERES Y OTRAS ENTIDADES  DE GASTO","0008","CONTRALORIA GENERAL DE LA REPUBLICA","07","PROV CONSTIT DEL CALLAO","7629858","7539000.68"
"2025","13","GOBIERNO NACIONAL","0101010102","PODERES Y OTRAS ENTIDADES  DE GASTO","0008","CONTRALORIA GENERAL DE LA REPUBLICA","08","CUSCO","16259256","15897562.62"
"2025","13","GOBIERNO NACIONAL","0101010102","PODERES Y OTRAS ENTIDADES  DE GASTO","0008","CONTRALORIA GENERAL DE LA REPUBLICA","09","HUANCAVELICA","11350128","11111300.32"
"2025","13","GOBIERNO NACIONAL","0101010102","PODERES Y OTRAS ENTIDADES  DE GASTO","0008","CONTRALORIA GENERAL DE LA REPUBLICA","10","HUANUCO","12695500","12546064.55"
"2025","13","GOBIERNO NACIONAL","0101010102","PODERES Y OTRAS ENTIDADES  DE GASTO","0008","CONTRALORIA GENERAL DE LA REPUBLICA","11","ICA","9524691","9344278.54"
"2025","13","GOBIERNO NACIONAL","0101010102","PODERES Y OTRAS ENTIDADES  DE GASTO","0008","CONTRALORIA GENERAL DE LA REPUBLICA","12","JUNIN","21521943","21241959.5"
"2025","13","GOBIERNO NACIONAL","0101010102","PODERES Y OTRAS ENTIDADES  DE GASTO","0008","CONTRALORIA GENERAL DE LA REPUBLICA","13","LA LIBERTAD","24310401","23937671.78"
"2025","13","GOBIERNO NACIONAL","0101010102","PODERES Y OTRAS ENTIDADES  DE GASTO","0008","CONTRALORIA GENERAL DE LA REPUBLICA","14","LAMBAYEQUE","20572192","20321946.79"
"2025","13","GOBIERNO NACIONAL","0101010102","PODERES Y OTRAS ENTIDADES  DE GASTO","0008","CONTRALORIA GENERAL DE LA REPUBLICA","15","LIMA","812450128","756970822.27"
"2025","13","GOBIERNO NACIONAL","0101010102","PODERES Y OTRAS ENTIDADES  DE GASTO","0008","CONTRALORIA GENERAL DE LA REPUBLICA","16","LORETO","11728455","11541092.16"
"2025","13","GOBIERNO NACIONAL","0101010102","PODERES Y OTRAS ENTIDADES  DE GASTO","0008","CONTRALORIA GENERAL DE LA REPUBLICA","17","MADRE DE DIOS","5585429","5436930.21"
"2025","13","GOBIERNO NACIONAL","0101010102","PODERES Y OTRAS ENTIDADES  DE GASTO","0008","CONTRALORIA GENERAL DE LA REPUBLICA","18","MOQUEGUA","8128664","7995277.31"
"2025","13","GOBIERNO NACIONAL","0101010102","PODERES Y OTRAS ENTIDADES  DE GASTO","0008","CONTRALORIA GENERAL DE LA REPUBLICA","19","PASCO","6528379","6162392.58"
"2025","13","GOBIERNO NACIONAL","0101010102","PODERES Y OTRAS ENTIDADES  DE GASTO","0008","CONTRALORIA GENERAL DE LA REPUBLICA","20","PIURA","21290177","21100690.45"
"2025","13","GOBIERNO NACIONAL","0101010102","PODERES Y OTRAS ENTIDADES  DE GASTO","0008","CONTRALORIA GENERAL DE LA REPUBLICA","21","PUNO","12243651","12051857.6"
"2025","13","GOBIERNO NACIONAL","0101010102","PODERES Y OTRAS ENTIDADES  DE GASTO","0008","CONTRALORIA GENERAL DE LA REPUBLICA","22","SAN MARTIN","14182708","14015307"
"2025","13","GOBIERNO NACIONAL","0101010102","PODERES Y OTRAS ENTIDADES  DE GASTO","0008","CONTRALORIA GENERAL DE LA REPUBLICA","23","TACNA","16857771","16646092.09"
"2025","13","GOBIERNO NACIONAL","0101010102","PODERES Y OTRAS ENTIDADES  DE GASTO","0008","CONTRALORIA GENERAL DE LA REPUBLICA","24","TUMBES","10437417","10275284.94"
"2025","13","GOBIERNO NACIONAL","0101010102","PODERES Y OTRAS ENTIDADES  DE GASTO","0008","CONTRALORIA GENERAL DE LA REPUBLICA","25","UCAYALI","10962525","10756910.79"
"2025","13","GOBIERNO NACIONAL","0101010102","PODERES Y OTRAS ENTIDADES  DE GASTO","0009","DEFENSORIA DEL PUEBLO","11","ICA","42750","42700"
"2025","13","GOBIERNO NACIONAL","0101010102","PODERES Y OTRAS ENTIDADES  DE GASTO","0009","DEFENSORIA DEL PUEBLO","13","LA LIBERTAD","1278065","1277427.3"
"2025","13","GOBIERNO NACIONAL","0101010102","PODERES Y OTRAS ENTIDADES  DE GASTO","0009","DEFENSORIA DEL PUEBLO","14","LAMBAYEQUE","42750","0"
"2025","13","GOBIERNO NACIONAL","0101010102","PODERES Y OTRAS ENTIDADES  DE GASTO","0009","DEFENSORIA DEL PUEBLO","15","LIMA","96241028","93361494.34"
"2025","13","GOBIERNO NACIONAL","0101010102","PODERES Y OTRAS ENTIDADES  DE GASTO","0009","DEFENSORIA DEL PUEBLO","18","MOQUEGUA","85600","40800"
"2025","13","GOBIERNO NACIONAL","0101010102","PODERES Y OTRAS ENTIDADES  DE GASTO","0009","DEFENSORIA DEL PUEBLO","25","UCAYALI","42800","40850"
"2025","13","GOBIERNO NACIONAL","0101010102","PODERES Y OTRAS ENTIDADES  DE GASTO","0010","JURADO NACIONAL DE ELECCIONES","06","CAJAMARCA","3387599","3288107.53"
"2025","13","GOBIERNO NACIONAL","0101010102","PODERES Y OTRAS ENTIDADES  DE GASTO","0010","JURADO NACIONAL DE ELECCIONES","15","LIMA","164029789","159170967.09"
"2025","13","GOBIERNO NACIONAL","0101010102","PODERES Y OTRAS ENTIDADES  DE GASTO","0027","OFICINA NACIONAL DE PROCESOS ELECTORALES","01","AMAZONAS","2782286","2750699.27"
"2025","13","GOBIERNO NACIONAL","0101010102","PODERES Y OTRAS ENTIDADES  DE GASTO","0027","OFICINA NACIONAL DE PROCESOS ELECTORALES","02","ANCASH","2754117","2712229.45"
"2025","13","GOBIERNO NACIONAL","0101010102","PODERES Y OTRAS ENTIDADES  DE GASTO","0027","OFICINA NACIONAL DE PROCESOS ELECTORALES","03","APURIMAC","790460","756626.52"
"2025","13","GOBIERNO NACIONAL","0101010102","PODERES Y OTRAS ENTIDADES  DE GASTO","0027","OFICINA NACIONAL DE PROCESOS ELECTORALES","04","AREQUIPA","84666","75846.69"
"2025","13","GOBIERNO NACIONAL","0101010102","PODERES Y OTRAS ENTIDADES  DE GASTO","0027","OFICINA NACIONAL DE PROCESOS ELECTORALES","05","AYACUCHO","220253","210799.96"
"2025","13","GOBIERNO NACIONAL","0101010102","PODERES Y OTRAS ENTIDADES  DE GASTO","0027","OFICINA NACIONAL DE PROCESOS ELECTORALES","06","CAJAMARCA","1412106","1403181.03"
"2025","13","GOBIERNO NACIONAL","0101010102","PODERES Y OTRAS ENTIDADES  DE GASTO","0027","OFICINA NACIONAL DE PROCESOS ELECTORALES","07","PROV CONSTIT DEL CALLAO","45585","45585"
"2025","13","GOBIERNO NACIONAL","0101010102","PODERES Y OTRAS ENTIDADES  DE GASTO","0027","OFICINA NACIONAL DE PROCESOS ELECTORALES","08","CUSCO","224835","219924.27"
"2025","13","GOBIERNO NACIONAL","0101010102","PODERES Y OTRAS ENTIDADES  DE GASTO","0027","OFICINA NACIONAL DE PROCESOS ELECTORALES","09","HUANCAVELICA","300041","289457.83"
"2025","13","GOBIERNO NACIONAL","0101010102","PODERES Y OTRAS ENTIDADES  DE GASTO","0027","OFICINA NACIONAL DE PROCESOS ELECTORALES","10","HUANUCO","571312","559650.26"
"2025","13","GOBIERNO NACIONAL","0101010102","PODERES Y OTRAS ENTIDADES  DE GASTO","0027","OFICINA NACIONAL DE PROCESOS ELECTORALES","11","ICA","3854583","3509421.72"
"2025","13","GOBIERNO NACIONAL","0101010102","PODERES Y OTRAS ENTIDADES  DE GASTO","0027","OFICINA NACIONAL DE PROCESOS ELECTORALES","12","JUNIN","244609","235465.72"
"2025","13","GOBIERNO NACIONAL","0101010102","PODERES Y OTRAS ENTIDADES  DE GASTO","0027","OFICINA NACIONAL DE PROCESOS ELECTORALES","13","LA LIBERTAD","214543","203304.48"
"2025","13","GOBIERNO NACIONAL","0101010102","PODERES Y OTRAS ENTIDADES  DE GASTO","0027","OFICINA NACIONAL DE PROCESOS ELECTORALES","14","LAMBAYEQUE","226248","214943.6"
"2025","13","GOBIERNO NACIONAL","0101010102","PODERES Y OTRAS ENTIDADES  DE GASTO","0027","OFICINA NACIONAL DE PROCESOS ELECTORALES","15","LIMA","295511590","270843306.59"
"2025","13","GOBIERNO NACIONAL","0101010102","PODERES Y OTRAS ENTIDADES  DE GASTO","0027","OFICINA NACIONAL DE PROCESOS ELECTORALES","16","LORETO","1030867","731754.5"
"2025","13","GOBIERNO NACIONAL","0101010102","PODERES Y OTRAS ENTIDADES  DE GASTO","0027","OFICINA NACIONAL DE PROCESOS ELECTORALES","17","MADRE DE DIOS","97997","79248.99"
"2025","13","GOBIERNO NACIONAL","0101010102","PODERES Y OTRAS ENTIDADES  DE GASTO","0027","OFICINA NACIONAL DE PROCESOS ELECTORALES","19","PASCO","6864866","5790959.35"
"2025","13","GOBIERNO NACIONAL","0101010102","PODERES Y OTRAS ENTIDADES  DE GASTO","0027","OFICINA NACIONAL DE PROCESOS ELECTORALES","20","PIURA","239430","228308.32"
"2025","13","GOBIERNO NACIONAL","0101010102","PODERES Y OTRAS ENTIDADES  DE GASTO","0027","OFICINA NACIONAL DE PROCESOS ELECTORALES","21","PUNO","224015","211406.69"
"2025","13","GOBIERNO NACIONAL","0101010102","PODERES Y OTRAS ENTIDADES  DE GASTO","0027","OFICINA NACIONAL DE PROCESOS ELECTORALES","22","SAN MARTIN","236554","228317.99"
"2025","13","GOBIERNO NACIONAL","0101010102","PODERES Y OTRAS ENTIDADES  DE GASTO","0027","OFICINA NACIONAL DE PROCESOS ELECTORALES","23","TACNA","51606085","38982531.82"
"2025","13","GOBIERNO NACIONAL","0101010102","PODERES Y OTRAS ENTIDADES  DE GASTO","0027","OFICINA NACIONAL DE PROCESOS ELECTORALES","24","TUMBES","5782242","5029398.97"
"2025","13","GOBIERNO NACIONAL","0101010102","PODERES Y OTRAS ENTIDADES  DE GASTO","0027","OFICINA NACIONAL DE PROCESOS ELECTORALES","25","UCAYALI","11615990","10317521.14"
"2025","13","GOBIERNO NACIONAL","0101010102","PODERES Y OTRAS ENTIDADES  DE GASTO","0028","PODER JUDICIAL","01","AMAZONAS","52065579","49067254.16"
"2025","13","GOBIERNO NACIONAL","0101010102","PODERES Y OTRAS ENTIDADES  DE GASTO","0028","PODER JUDICIAL","02","ANCASH","163843423","163694784.19"
"2025","13","GOBIERNO NACIONAL","0101010102","PODERES Y OTRAS ENTIDADES  DE GASTO","0028","PODER JUDICIAL","03","APURIMAC","51356712","51333062.04"
"2025","13","GOBIERNO NACIONAL","0101010102","PODERES Y OTRAS ENTIDADES  DE GASTO","0028","PODER JUDICIAL","04","AREQUIPA","165726664","165638417.08"
"2025","13","GOBIERNO NACIONAL","0101010102","PODERES Y OTRAS ENTIDADES  DE GASTO","0028","PODER JUDICIAL","05","AYACUCHO","70359570","70306319.35"
"2025","13","GOBIERNO NACIONAL","0101010102","PODERES Y OTRAS ENTIDADES  DE GASTO","0028","PODER JUDICIAL","06","CAJAMARCA","107102048","106454452.89"
"2025","13","GOBIERNO NACIONAL","0101010102","PODERES Y OTRAS ENTIDADES  DE GASTO","0028","PODER JUDICIAL","07","PROV CONSTIT DEL CALLAO","142335160","139690629.61"
"2025","13","GOBIERNO NACIONAL","0101010102","PODERES Y OTRAS ENTIDADES  DE GASTO","0028","PODER JUDICIAL","08","CUSCO","132842143","132712594.74"
"2025","13","GOBIERNO NACIONAL","0101010102","PODERES Y OTRAS ENTIDADES  DE GASTO","0028","PODER JUDICIAL","09","HUANCAVELICA","31846878","31725231.16"
"2025","13","GOBIERNO NACIONAL","0101010102","PODERES Y OTRAS ENTIDADES  DE GASTO","0028","PODER JUDICIAL","10","HUANUCO","75599668","75566842.72"
"2025","13","GOBIERNO NACIONAL","0101010102","PODERES Y OTRAS ENTIDADES  DE GASTO","0028","PODER JUDICIAL","11","ICA","92026366","91873786.44"
"2025","13","GOBIERNO NACIONAL","0101010102","PODERES Y OTRAS ENTIDADES  DE GASTO","0028","PODER JUDICIAL","12","JUNIN","134932170","134650914.39"
"2025","13","GOBIERNO NACIONAL","0101010102","PODERES Y OTRAS ENTIDADES  DE GASTO","0028","PODER JUDICIAL","13","LA LIBERTAD","139790943","139753028.83"
"2025","13","GOBIERNO NACIONAL","0101010102","PODERES Y OTRAS ENTIDADES  DE GASTO","0028","PODER JUDICIAL","14","LAMBAYEQUE","134370904","134213486.64"
"2025","13","GOBIERNO NACIONAL","0101010102","PODERES Y OTRAS ENTIDADES  DE GASTO","0028","PODER JUDICIAL","15","LIMA","1825295206","1772855567.27"
"2025","13","GOBIERNO NACIONAL","0101010102","PODERES Y OTRAS ENTIDADES  DE GASTO","0028","PODER JUDICIAL","16","LORETO","50564732","50428574.56"
"2025","13","GOBIERNO NACIONAL","0101010102","PODERES Y OTRAS ENTIDADES  DE GASTO","0028","PODER JUDICIAL","17","MADRE DE DIOS","30710183","30566117.82"
"2025","13","GOBIERNO NACIONAL","0101010102","PODERES Y OTRAS ENTIDADES  DE GASTO","0028","PODER JUDICIAL","18","MOQUEGUA","32644665","32550217.7"
"2025","13","GOBIERNO NACIONAL","0101010102","PODERES Y OTRAS ENTIDADES  DE GASTO","0028","PODER JUDICIAL","19","PASCO","24765413","24713012.52"
"2025","13","GOBIERNO NACIONAL","0101010102","PODERES Y OTRAS ENTIDADES  DE GASTO","0028","PODER JUDICIAL","20","PIURA","151423616","151172980.88"
"2025","13","GOBIERNO NACIONAL","0101010102","PODERES Y OTRAS ENTIDADES  DE GASTO","0028","PODER JUDICIAL","21","PUNO","76644365","76306111.35"
"2025","13","GOBIERNO NACIONAL","0101010102","PODERES Y OTRAS ENTIDADES  DE GASTO","0028","PODER JUDICIAL","22","SAN MARTIN","74117692","74074369.08"
"2025","13","GOBIERNO NACIONAL","0101010102","PODERES Y OTRAS ENTIDADES  DE GASTO","0028","PODER JUDICIAL","23","TACNA","52148475","51576734.45"
"2025","13","GOBIERNO NACIONAL","0101010102","PODERES Y OTRAS ENTIDADES  DE GASTO","0028","PODER JUDICIAL","24","TUMBES","40575952","39871337.51"
"2025","13","GOBIERNO NACIONAL","0101010102","PODERES Y OTRAS ENTIDADES  DE GASTO","0028","PODER JUDICIAL","25","UCAYALI","53389798","52990773.3"
"2025","13","GOBIERNO NACIONAL","0101010102","PODERES Y OTRAS ENTIDADES  DE GASTO","0029","PRESIDENCIA DEL CONSEJO DE MINISTROS","04","AREQUIPA","403738","283549.77"
"2025","13","GOBIERNO NACIONAL","0101010102","PODERES Y OTRAS ENTIDADES  DE GASTO","0029","PRESIDENCIA DEL CONSEJO DE MINISTROS","05","AYACUCHO","1128691","1128688.22"
"2025","13","GOBIERNO NACIONAL","0101010102","PODERES Y OTRAS ENTIDADES  DE GASTO","0029","PRESIDENCIA DEL CONSEJO DE MINISTROS","06","CAJAMARCA","15500","15000"
"2025","13","GOBIERNO NACIONAL","0101010102","PODERES Y OTRAS ENTIDADES  DE GASTO","0029","PRESIDENCIA DEL CONSEJO DE MINISTROS","15","LIMA","215961368","207082429.15"
"2025","13","GOBIERNO NACIONAL","0101010102","PODERES Y OTRAS ENTIDADES  DE GASTO","0030","REGISTRO NACIONAL DE IDENTIFICACION Y ESTADO CIVIL","01","AMAZONAS","3650841","3642389.18"
"2025","13","GOBIERNO NACIONAL","0101010102","PODERES Y OTRAS ENTIDADES  DE GASTO","0030","REGISTRO NACIONAL DE IDENTIFICACION Y ESTADO CIVIL","02","ANCASH","5986287","5977729.26"
"2025","13","GOBIERNO NACIONAL","0101010102","PODERES Y OTRAS ENTIDADES  DE GASTO","0030","REGISTRO NACIONAL DE IDENTIFICACION Y ESTADO CIVIL","03","APURIMAC","28750","28337.3"
"2025","13","GOBIERNO NACIONAL","0101010102","PODERES Y OTRAS ENTIDADES  DE GASTO","0030","REGISTRO NACIONAL DE IDENTIFICACION Y ESTADO CIVIL","04","AREQUIPA","6034968","6015708.46"
"2025","13","GOBIERNO NACIONAL","0101010102","PODERES Y OTRAS ENTIDADES  DE GASTO","0030","REGISTRO NACIONAL DE IDENTIFICACION Y ESTADO CIVIL","05","AYACUCHO","4587803","4575552.9"
"2025","13","GOBIERNO NACIONAL","0101010102","PODERES Y OTRAS ENTIDADES  DE GASTO","0030","REGISTRO NACIONAL DE IDENTIFICACION Y ESTADO CIVIL","06","CAJAMARCA","261269","253669.05"
"2025","13","GOBIERNO NACIONAL","0101010102","PODERES Y OTRAS ENTIDADES  DE GASTO","0030","REGISTRO NACIONAL DE IDENTIFICACION Y ESTADO CIVIL","07","PROV CONSTIT DEL CALLAO","18654","18632.6"
"2025","13","GOBIERNO NACIONAL","0101010102","PODERES Y OTRAS ENTIDADES  DE GASTO","0030","REGISTRO NACIONAL DE IDENTIFICACION Y ESTADO CIVIL","08","CUSCO","6032151","6021141.21"
"2025","13","GOBIERNO NACIONAL","0101010102","PODERES Y OTRAS ENTIDADES  DE GASTO","0030","REGISTRO NACIONAL DE IDENTIFICACION Y ESTADO CIVIL","09","HUANCAVELICA","2526432","2523640.61"
"2025","13","GOBIERNO NACIONAL","0101010102","PODERES Y OTRAS ENTIDADES  DE GASTO","0030","REGISTRO NACIONAL DE IDENTIFICACION Y ESTADO CIVIL","10","HUANUCO","4576791","4561692.82"
"2025","13","GOBIERNO NACIONAL","0101010102","PODERES Y OTRAS ENTIDADES  DE GASTO","0030","REGISTRO NACIONAL DE IDENTIFICACION Y ESTADO CIVIL","11","ICA","4533743","4520142.12"
"2025","13","GOBIERNO NACIONAL","0101010102","PODERES Y OTRAS ENTIDADES  DE GASTO","0030","REGISTRO NACIONAL DE IDENTIFICACION Y ESTADO CIVIL","12","JUNIN","4888121","4883880.46"
"2025","13","GOBIERNO NACIONAL","0101010102","PODERES Y OTRAS ENTIDADES  DE GASTO","0030","REGISTRO NACIONAL DE IDENTIFICACION Y ESTADO CIVIL","13","LA LIBERTAD","10167954","10155294.42"
"2025","13","GOBIERNO NACIONAL","0101010102","PODERES Y OTRAS ENTIDADES  DE GASTO","0030","REGISTRO NACIONAL DE IDENTIFICACION Y ESTADO CIVIL","14","LAMBAYEQUE","83921","83101.1"
"2025","13","GOBIERNO NACIONAL","0101010102","PODERES Y OTRAS ENTIDADES  DE GASTO","0030","REGISTRO NACIONAL DE IDENTIFICACION Y ESTADO CIVIL","15","LIMA","477277502","469107548.63"
"2025","13","GOBIERNO NACIONAL","0101010102","PODERES Y OTRAS ENTIDADES  DE GASTO","0030","REGISTRO NACIONAL DE IDENTIFICACION Y ESTADO CIVIL","16","LORETO","3676507","3585149.58"
"2025","13","GOBIERNO NACIONAL","0101010102","PODERES Y OTRAS ENTIDADES  DE GASTO","0030","REGISTRO NACIONAL DE IDENTIFICACION Y ESTADO CIVIL","17","MADRE DE DIOS","58966","58240"
"2025","13","GOBIERNO NACIONAL","0101010102","PODERES Y OTRAS ENTIDADES  DE GASTO","0030","REGISTRO NACIONAL DE IDENTIFICACION Y ESTADO CIVIL","18","MOQUEGUA","56113","55530.21"
"2025","13","GOBIERNO NACIONAL","0101010102","PODERES Y OTRAS ENTIDADES  DE GASTO","0030","REGISTRO NACIONAL DE IDENTIFICACION Y ESTADO CIVIL","19","PASCO","99425","98137.61"
"2025","13","GOBIERNO NACIONAL","0101010102","PODERES Y OTRAS ENTIDADES  DE GASTO","0030","REGISTRO NACIONAL DE IDENTIFICACION Y ESTADO CIVIL","20","PIURA","10063115","9957288.3"
"2025","13","GOBIERNO NACIONAL","0101010102","PODERES Y OTRAS ENTIDADES  DE GASTO","0030","REGISTRO NACIONAL DE IDENTIFICACION Y ESTADO CIVIL","21","PUNO","4167613","4133383.64"
"2025","13","GOBIERNO NACIONAL","0101010102","PODERES Y OTRAS ENTIDADES  DE GASTO","0030","REGISTRO NACIONAL DE IDENTIFICACION Y ESTADO CIVIL","22","SAN MARTIN","4667378","4645424.49"
"2025","13","GOBIERNO NACIONAL","0101010102","PODERES Y OTRAS ENTIDADES  DE GASTO","0030","REGISTRO NACIONAL DE IDENTIFICACION Y ESTADO CIVIL","23","TACNA","20792","20717.4"
"2025","13","GOBIERNO NACIONAL","0101010102","PODERES Y OTRAS ENTIDADES  DE GASTO","0030","REGISTRO NACIONAL DE IDENTIFICACION Y ESTADO CIVIL","24","TUMBES","12707","12625.3"
"2025","13","GOBIERNO NACIONAL","0101010102","PODERES Y OTRAS ENTIDADES  DE GASTO","0030","REGISTRO NACIONAL DE IDENTIFICACION Y ESTADO CIVIL","25","UCAYALI","2198431","2161840.61"
"2025","13","GOBIERNO NACIONAL","0101010102","PODERES Y OTRAS ENTIDADES  DE GASTO","0031","TRIBUNAL CONSTITUCIONAL","15","LIMA","55323663","54382212.78"
"2025","13","GOBIERNO NACIONAL","0101010102","PODERES Y OTRAS ENTIDADES  DE GASTO","2758","FUERO MILITAR POLICIAL","04","AREQUIPA","1056482","1048283.99"
"2025","13","GOBIERNO NACIONAL","0101010102","PODERES Y OTRAS ENTIDADES  DE GASTO","2758","FUERO MILITAR POLICIAL","08","CUSCO","640203","619064.9"
"2025","13","GOBIERNO NACIONAL","0101010102","PODERES Y OTRAS ENTIDADES  DE GASTO","2758","FUERO MILITAR POLICIAL","14","LAMBAYEQUE","1526544","1504170.36"
"2025","13","GOBIERNO NACIONAL","0101010102","PODERES Y OTRAS ENTIDADES  DE GASTO","2758","FUERO MILITAR POLICIAL","15","LIMA","17299894","16321404.43"
"2025","13","GOBIERNO NACIONAL","0101010102","PODERES Y OTRAS ENTIDADES  DE GASTO","2758","FUERO MILITAR POLICIAL","16","LORETO","880787","845418.36"
"2025","13","GOBIERNO NACIONAL","0101010201","UNIVERSIDADES PUBLICAS","1886","UNIVERSIDAD NACIONAL AGRARIA LA MOLINA","15","LIMA","245894572","229577540.3"
"2025","13","GOBIERNO NACIONAL","0101010201","UNIVERSIDADES PUBLICAS","1887","UNIVERSIDAD NACIONAL AGRARIA DE LA SELVA","10","HUANUCO","102669837","101717867.51"
"2025","13","GOBIERNO NACIONAL","0101010201","UNIVERSIDADES PUBLICAS","1888","UNIVERSIDAD NACIONAL DANIEL ALCIDES CARRION","12","JUNIN","141263","134999.68"
"2025","13","GOBIERNO NACIONAL","0101010201","UNIVERSIDADES PUBLICAS","1888","UNIVERSIDAD NACIONAL DANIEL ALCIDES CARRION","19","PASCO","131794547","123702159.96"
"2025","13","GOBIERNO NACIONAL","0101010201","UNIVERSIDADES PUBLICAS","1889","UNIVERSIDAD NACIONAL DE CAJAMARCA","06","CAJAMARCA","164248978","155105765.65"
"2025","13","GOBIERNO NACIONAL","0101010201","UNIVERSIDADES PUBLICAS","1890","UNIVERSIDAD NACIONAL DE HUANCAVELICA","09","HUANCAVELICA","116672960","109027261.02"
"2025","13","GOBIERNO NACIONAL","0101010201","UNIVERSIDADES PUBLICAS","1891","UNIVERSIDAD NACIONAL DE INGENIERIA","15","LIMA","370576690","338296914.8"
"2025","13","GOBIERNO NACIONAL","0101010201","UNIVERSIDADES PUBLICAS","1891","UNIVERSIDAD NACIONAL DE INGENIERIA","16","LORETO","12000","11400"
"2025","13","GOBIERNO NACIONAL","0101010201","UNIVERSIDADES PUBLICAS","1892","UNIVERSIDAD NACIONAL DE LA AMAZONIA PERUANA","15","LIMA","292736","247209.1"
"2025","13","GOBIERNO NACIONAL","0101010201","UNIVERSIDADES PUBLICAS","1892","UNIVERSIDAD NACIONAL DE LA AMAZONIA PERUANA","16","LORETO","156499377","146571163.65"
"2025","13","GOBIERNO NACIONAL","0101010201","UNIVERSIDADES PUBLICAS","1893","UNIVERSIDAD NACIONAL DE PIURA","11","ICA","91140","91140"
"2025","13","GOBIERNO NACIONAL","0101010201","UNIVERSIDADES PUBLICAS","1893","UNIVERSIDAD NACIONAL DE PIURA","14","LAMBAYEQUE","10400","10400"
"2025","13","GOBIERNO NACIONAL","0101010201","UNIVERSIDADES PUBLICAS","1893","UNIVERSIDAD NACIONAL DE PIURA","15","LIMA","410597","410596.06"
"2025","13","GOBIERNO NACIONAL","0101010201","UNIVERSIDADES PUBLICAS","1893","UNIVERSIDAD NACIONAL DE PIURA","20","PIURA","250171145","239876711.75"
"2025","13","GOBIERNO NACIONAL","0101010201","UNIVERSIDADES PUBLICAS","1893","UNIVERSIDAD NACIONAL DE PIURA","24","TUMBES","69984","69984"
"2025","13","GOBIERNO NACIONAL","0101010201","UNIVERSIDADES PUBLICAS","1894","UNIVERSIDAD NACIONAL DE TRUJILLO","13","LA LIBERTAD","279803000","257844254.18"
"2025","13","GOBIERNO NACIONAL","0101010201","UNIVERSIDADES PUBLICAS","1895","UNIVERSIDAD NACIONAL DE TUMBES","24","TUMBES","118264427","110930620.85"
"2025","13","GOBIERNO NACIONAL","0101010201","UNIVERSIDADES PUBLICAS","1896","UNIVERSIDAD NACIONAL DE UCAYALI","25","UCAYALI","72216840","67336147.66"
"2025","13","GOBIERNO NACIONAL","0101010201","UNIVERSIDADES PUBLICAS","1897","UNIVERSIDAD NACIONAL DEL ALTIPLANO","21","PUNO","331240685","321935682.43"
"2025","13","GOBIERNO NACIONAL","0101010201","UNIVERSIDADES PUBLICAS","1898","UNIVERSIDAD NACIONALDEL CALLAO","07","PROV CONSTIT DEL CALLAO","160225336","142694964.04"
"2025","13","GOBIERNO NACIONAL","0101010201","UNIVERSIDADES PUBLICAS","1898","UNIVERSIDAD NACIONALDEL CALLAO","15","LIMA","34600","0"
"2025","13","GOBIERNO NACIONAL","0101010201","UNIVERSIDADES PUBLICAS","1899","UNIVERSIDAD NACIONAL DEL CENTRO DEL PERU","12","JUNIN","183540624","178865391.08"
"2025","13","GOBIERNO NACIONAL","0101010201","UNIVERSIDADES PUBLICAS","1900","UNIVERSIDAD NACIONAL DEL SANTA","02","ANCASH","109675434","88325081.96"
"2025","13","GOBIERNO NACIONAL","0101010201","UNIVERSIDADES PUBLICAS","1901","UNIVERSIDAD NACIONAL DE EDUCACION ENRIQUE GUZMAN Y VALLE","15","LIMA","205642726","180976348.83"
"2025","13","GOBIERNO NACIONAL","0101010201","UNIVERSIDADES PUBLICAS","1902","UNIVERSIDAD NACIONAL FEDERICO VILLARREAL","15","LIMA","272958734","233827269.44"
"2025","13","GOBIERNO NACIONAL","0101010201","UNIVERSIDADES PUBLICAS","1903","UNIVERSIDAD NACIONAL HERMILIO VALDIZAN","10","HUANUCO","140438738","140425540.78"
"2025","13","GOBIERNO NACIONAL","0101010201","UNIVERSIDADES PUBLICAS","1904","UNIVERSIDAD NACIONAL JORGE BASADRE GROHMANN","23","TACNA","191860567","147316344.96"
"2025","13","GOBIERNO NACIONAL","0101010201","UNIVERSIDADES PUBLICAS","1905","UNIVERSIDAD NACIONAL JOSE F. SANCHEZ CARRION","15","LIMA","154798165","147227478.52"
"2025","13","GOBIERNO NACIONAL","0101010201","UNIVERSIDADES PUBLICAS","1906","UNIVERSIDAD NACIONAL MAYOR DE SAN MARCOS","15","LIMA","757078825","716914887.41"
"2025","13","GOBIERNO NACIONAL","0101010201","UNIVERSIDADES PUBLICAS","1907","UNIVERSIDAD NACIONAL PEDRO RUIZ GALLO","14","LAMBAYEQUE","204327972","183130508.11"
"2025","13","GOBIERNO NACIONAL","0101010201","UNIVERSIDADES PUBLICAS","1908","UNIVERSIDAD NACIONAL SAN AGUSTIN","04","AREQUIPA","447571313","423477337.82"
"2025","13","GOBIERNO NACIONAL","0101010201","UNIVERSIDADES PUBLICAS","1909","UNIVERSIDAD NACIONAL SAN ANTONIO ABAD DEL CUSCO","03","APURIMAC","919533","781383.65"
"2025","13","GOBIERNO NACIONAL","0101010201","UNIVERSIDADES PUBLICAS","1909","UNIVERSIDAD NACIONAL SAN ANTONIO ABAD DEL CUSCO","08","CUSCO","415051071","338833389.82"
"2025","13","GOBIERNO NACIONAL","0101010201","UNIVERSIDADES PUBLICAS","1909","UNIVERSIDAD NACIONAL SAN ANTONIO ABAD DEL CUSCO","17","MADRE DE DIOS","5890","0"
"2025","13","GOBIERNO NACIONAL","0101010201","UNIVERSIDADES PUBLICAS","1910","UNIVERSIDAD NACIONAL SAN CRISTOBAL DE HUAMANGA","05","AYACUCHO","174974559","150783421.94"
"2025","13","GOBIERNO NACIONAL","0101010201","UNIVERSIDADES PUBLICAS","1910","UNIVERSIDAD NACIONAL SAN CRISTOBAL DE HUAMANGA","08","CUSCO","3356175","3099051.33"
"2025","13","GOBIERNO NACIONAL","0101010201","UNIVERSIDADES PUBLICAS","1911","UNIVERSIDAD NACIONAL SAN LUIS GONZAGA DE ICA","11","ICA","249508061","244028159.65"
"2025","13","GOBIERNO NACIONAL","0101010201","UNIVERSIDADES PUBLICAS","1912","UNIVERSIDAD NACIONAL DE SAN MARTIN","22","SAN MARTIN","101939563","87915940.9"
"2025","13","GOBIERNO NACIONAL","0101010201","UNIVERSIDADES PUBLICAS","1913","UNIVERSIDAD NACIONAL SANTIAGO ANTUNEZ DE MAYOLO","02","ANCASH","178081702","137493687.98"
"2025","13","GOBIERNO NACIONAL","0101010201","UNIVERSIDADES PUBLICAS","2641","UNIVERSIDAD NACIONAL TORIBIO RODRIGUEZ DE MENDOZA","01","AMAZONAS","175407510","175237636.13"
"2025","13","GOBIERNO NACIONAL","0101010201","UNIVERSIDADES PUBLICAS","2642","UNIVERSIDAD NACIONAL AMAZONICA DE MADRE DE DIOS","17","MADRE DE DIOS","62284211","60920513.95"
"2025","13","GOBIERNO NACIONAL","0101010201","UNIVERSIDADES PUBLICAS","2643","UNIVERSIDAD NACIONAL MICAELA BASTIDAS DE APURIMAC","03","APURIMAC","92088326","85287944.98"
"2025","13","GOBIERNO NACIONAL","0101010201","UNIVERSIDADES PUBLICAS","2644","UNIVERSIDAD NACIONAL INTERCULTURAL DE LA AMAZONIA","25","UCAYALI","45527476","42122435.08"
"2025","13","GOBIERNO NACIONAL","0101010201","UNIVERSIDADES PUBLICAS","2713","UNIVERSIDAD NACIONAL TECNOLÓGICA  DE LIMA SUR","15","LIMA","40971714","40059780.52"
"2025","13","GOBIERNO NACIONAL","0101010201","UNIVERSIDADES PUBLICAS","2722","UNIVERSIDAD NACIONAL JOSE MARIA ARGUEDAS","03","APURIMAC","65632216","60401172.55"
"2025","13","GOBIERNO NACIONAL","0101010201","UNIVERSIDADES PUBLICAS","2756","UNIVERSIDAD NACIONAL DE MOQUEGUA","18","MOQUEGUA","89245840","71138871.39"
"2025","13","GOBIERNO NACIONAL","0101010201","UNIVERSIDADES PUBLICAS","2798","UNIVERSIDAD NACIONAL DE JAEN","06","CAJAMARCA","82028173","75672614.13"
"2025","13","GOBIERNO NACIONAL","0101010201","UNIVERSIDADES PUBLICAS","2798","UNIVERSIDAD NACIONAL DE JAEN","17","MADRE DE DIOS","427842","234514.77"
"2025","13","GOBIERNO NACIONAL","0101010201","UNIVERSIDADES PUBLICAS","2802","UNIVERSIDAD NACIONAL DE CAÑETE","15","LIMA","52570197","34708451.65"
"2025","13","GOBIERNO NACIONAL","0101010201","UNIVERSIDADES PUBLICAS","2805","UNIVERSIDAD NACIONAL DE FRONTERA","20","PIURA","90962637","88509730.5"
"2025","13","GOBIERNO NACIONAL","0101010201","UNIVERSIDADES PUBLICAS","2806","UNIVERSIDAD NACIONAL DE BARRANCA","15","LIMA","57375038","55298397.99"
"2025","13","GOBIERNO NACIONAL","0101010201","UNIVERSIDADES PUBLICAS","2807","UNIVERSIDAD NACIONAL AUTONOMA DE CHOTA","06","CAJAMARCA","42289151","38797679.41"
"2025","13","GOBIERNO NACIONAL","0101010201","UNIVERSIDADES PUBLICAS","2808","UNIVERSIDAD NACIONAL INTERCULTURAL DE LA SELVA CENTRAL JUAN SANTOS ATAHUALPA","12","JUNIN","47200233","37282014.12"
"2025","13","GOBIERNO NACIONAL","0101010201","UNIVERSIDADES PUBLICAS","2809","UNIVERSIDAD NACIONAL DE JULIACA","21","PUNO","49025819","46418823.01"
"2025","13","GOBIERNO NACIONAL","0101010201","UNIVERSIDADES PUBLICAS","2881","UNIVERSIDAD NACIONAL AUTONOMA DE HUANTA","05","AYACUCHO","30414220","28135080.26"
"2025","13","GOBIERNO NACIONAL","0101010201","UNIVERSIDADES PUBLICAS","2906","UNIVERSIDAD NACIONAL AUTONOMA  ALTOANDINA DE TARMA","12","JUNIN","56915360","53419302.06"
"2025","13","GOBIERNO NACIONAL","0101010201","UNIVERSIDADES PUBLICAS","2908","UNIVERSIDAD NACIONAL INTERCULTURAL FABIOLA SALAZAR LEGUIA DE BAGUA","01","AMAZONAS","32523819","30077469.21"
"2025","13","GOBIERNO NACIONAL","0101010201","UNIVERSIDADES PUBLICAS","2913","UNIVERSIDAD NACIONAL INTERCULTURAL DE QUILLABAMBA","08","CUSCO","97494004","50398310.55"
"2025","13","GOBIERNO NACIONAL","0101010201","UNIVERSIDADES PUBLICAS","2925","UNIVERSIDAD NACIONAL AUTONOMA DE ALTO AMAZONAS","16","LORETO","35690263","27633535.7"
"2025","13","GOBIERNO NACIONAL","0101010201","UNIVERSIDADES PUBLICAS","2976","UNIVERSIDAD NACIONAL AUTONOMA DE TAYACAJA","09","HUANCAVELICA","71805006","34957177.25"
"2025","13","GOBIERNO NACIONAL","0101010201","UNIVERSIDADES PUBLICAS","2984","UNIVERSIDAD NACIONAL CIRO ALEGRIA","13","LA LIBERTAD","24921377","15779900.73"
"2025","13","GOBIERNO NACIONAL","0101010201","UNIVERSIDADES PUBLICAS","2991","UNIVERSIDAD NACIONAL DANIEL ALOMIA ROBLES","10","HUANUCO","9125966","9040252.89"
"2025","13","GOBIERNO NACIONAL","0101010201","UNIVERSIDADES PUBLICAS","2992","UNIVERSIDAD NACIONAL DE MUSICA","15","LIMA","27492690","26431917.4"
"2025","13","GOBIERNO NACIONAL","0101010201","UNIVERSIDADES PUBLICAS","2993","UNIVERSIDAD NACIONAL DIEGO QUISPE TITO","08","CUSCO","47782952","18236742.34"
"2025","13","GOBIERNO NACIONAL","0101010201","UNIVERSIDADES PUBLICAS","3034","UNIVERSIDAD NACIONAL TECNOLOGICA DE FRONTERA SAN IGNACIO DE LOYOLA","06","CAJAMARCA","3506596","3505127.3"
"2025","13","GOBIERNO NACIONAL","0101010201","UNIVERSIDADES PUBLICAS","3037","UNIVERSIDAD NACIONAL TECNOLOGICA DE SAN JUAN DE LURIGANCHO","15","LIMA","4060700","3933368.83"
"2025","13","GOBIERNO NACIONAL","0101010201","UNIVERSIDADES PUBLICAS","3042","UNIVERSIDAD NACIONAL DEL VRAEM","08","CUSCO","1188753","1188726.81"
"2025","13","GOBIERNO NACIONAL","0101010201","UNIVERSIDADES PUBLICAS","3043","UNIVERSIDAD NACIONAL AUTONOMA DE CUTERVO","06","CAJAMARCA","1557514","1358408.97"
"2025","13","GOBIERNO NACIONAL","0101010201","UNIVERSIDADES PUBLICAS","3044","UNIVERSIDAD NACIONAL FRONTERIZA AUTONOMA DE YUNGUYO","21","PUNO","543581","513549.39"
"2025","13","GOBIERNO NACIONAL","0101010201","UNIVERSIDADES PUBLICAS","3045"," UNIVERSIDAD NACIONAL DE CARABAYA","21","PUNO","533802","528825.03"
"2025","13","GOBIERNO NACIONAL","0101010201","UNIVERSIDADES PUBLICAS","3046","UNIVERSIDAD NACIONAL AUTONOMA DEL DISTRITO DE SAN MARCOS","02","ANCASH","576690","565971.71"
"2025","13","GOBIERNO NACIONAL","0101010201","UNIVERSIDADES PUBLICAS","3048","UNIVERSIDAD NACIONAL DE SECHURA","20","PIURA","565331","461163.88"
"2025","13","GOBIERNO NACIONAL","0101010201","UNIVERSIDADES PUBLICAS","3049","UNIVERSIDAD NACIONAL DE HUANCABAMBA","20","PIURA","134500","117550.25"
"2025","13","GOBIERNO NACIONAL","0101010201","UNIVERSIDADES PUBLICAS","3050","UNIVERSIDAD NACIONAL INTERCULTURAL AIMARA DE ILAVE","21","PUNO","259546","233865.05"
"2025","13","GOBIERNO NACIONAL","0101010201","UNIVERSIDADES PUBLICAS","3051","UNIVERSIDAD NACIONAL TECNOLOGICA DE CHINCHA","11","ICA","564849","425932.41"
"2025","13","GOBIERNO NACIONAL","0101010201","UNIVERSIDADES PUBLICAS","3052","UNIVERSIDAD NACIONAL AUTONOMA DE CHUPACA","12","JUNIN","565422","446157.75"
"2025","13","GOBIERNO NACIONAL","0101010201","UNIVERSIDADES PUBLICAS","3054","UNIVERSIDAD NACIONAL DE DESAGUADERO","21","PUNO","230582","229333.44"
"2025","13","GOBIERNO NACIONAL","0101010202","ORGANISMOS DESCENT. AUTONOMOS","1915","FONDO NACIONAL DE DESARROLLO PESQUERO","01","AMAZONAS","599684","599468.2"
"2025","13","GOBIERNO NACIONAL","0101010202","ORGANISMOS DESCENT. AUTONOMOS","1915","FONDO NACIONAL DE DESARROLLO PESQUERO","02","ANCASH","1777473","1772124.54"
"2025","13","GOBIERNO NACIONAL","0101010202","ORGANISMOS DESCENT. AUTONOMOS","1915","FONDO NACIONAL DE DESARROLLO PESQUERO","03","APURIMAC","653177","653081.63"
"2025","13","GOBIERNO NACIONAL","0101010202","ORGANISMOS DESCENT. AUTONOMOS","1915","FONDO NACIONAL DE DESARROLLO PESQUERO","04","AREQUIPA","18908282","18382767.42"
"2025","13","GOBIERNO NACIONAL","0101010202","ORGANISMOS DESCENT. AUTONOMOS","1915","FONDO NACIONAL DE DESARROLLO PESQUERO","05","AYACUCHO","986353","986348.49"
"2025","13","GOBIERNO NACIONAL","0101010202","ORGANISMOS DESCENT. AUTONOMOS","1915","FONDO NACIONAL DE DESARROLLO PESQUERO","06","CAJAMARCA","264810","264340.84"
"2025","13","GOBIERNO NACIONAL","0101010202","ORGANISMOS DESCENT. AUTONOMOS","1915","FONDO NACIONAL DE DESARROLLO PESQUERO","07","PROV CONSTIT DEL CALLAO","620940","620931.68"
"2025","13","GOBIERNO NACIONAL","0101010202","ORGANISMOS DESCENT. AUTONOMOS","1915","FONDO NACIONAL DE DESARROLLO PESQUERO","08","CUSCO","1121568","1120484.89"
"2025","13","GOBIERNO NACIONAL","0101010202","ORGANISMOS DESCENT. AUTONOMOS","1915","FONDO NACIONAL DE DESARROLLO PESQUERO","09","HUANCAVELICA","457532","457530.36"
"2025","13","GOBIERNO NACIONAL","0101010202","ORGANISMOS DESCENT. AUTONOMOS","1915","FONDO NACIONAL DE DESARROLLO PESQUERO","10","HUANUCO","791656","791654.13"
"2025","13","GOBIERNO NACIONAL","0101010202","ORGANISMOS DESCENT. AUTONOMOS","1915","FONDO NACIONAL DE DESARROLLO PESQUERO","11","ICA","9057997","7945020.85"
"2025","13","GOBIERNO NACIONAL","0101010202","ORGANISMOS DESCENT. AUTONOMOS","1915","FONDO NACIONAL DE DESARROLLO PESQUERO","12","JUNIN","1134471","1134469.03"
"2025","13","GOBIERNO NACIONAL","0101010202","ORGANISMOS DESCENT. AUTONOMOS","1915","FONDO NACIONAL DE DESARROLLO PESQUERO","13","LA LIBERTAD","2495745","2494367.35"
"2025","13","GOBIERNO NACIONAL","0101010202","ORGANISMOS DESCENT. AUTONOMOS","1915","FONDO NACIONAL DE DESARROLLO PESQUERO","14","LAMBAYEQUE","4626309","4569467.78"
"2025","13","GOBIERNO NACIONAL","0101010202","ORGANISMOS DESCENT. AUTONOMOS","1915","FONDO NACIONAL DE DESARROLLO PESQUERO","15","LIMA","56736892","55670379.09"
"2025","13","GOBIERNO NACIONAL","0101010202","ORGANISMOS DESCENT. AUTONOMOS","1915","FONDO NACIONAL DE DESARROLLO PESQUERO","16","LORETO","1604756","1602696.42"
"2025","13","GOBIERNO NACIONAL","0101010202","ORGANISMOS DESCENT. AUTONOMOS","1915","FONDO NACIONAL DE DESARROLLO PESQUERO","17","MADRE DE DIOS","656848","656333.2"
"2025","13","GOBIERNO NACIONAL","0101010202","ORGANISMOS DESCENT. AUTONOMOS","1915","FONDO NACIONAL DE DESARROLLO PESQUERO","18","MOQUEGUA","3412284","3411160.16"
"2025","13","GOBIERNO NACIONAL","0101010202","ORGANISMOS DESCENT. AUTONOMOS","1915","FONDO NACIONAL DE DESARROLLO PESQUERO","19","PASCO","423747","423747"
"2025","13","GOBIERNO NACIONAL","0101010202","ORGANISMOS DESCENT. AUTONOMOS","1915","FONDO NACIONAL DE DESARROLLO PESQUERO","20","PIURA","17466930","17351907.57"
"2025","13","GOBIERNO NACIONAL","0101010202","ORGANISMOS DESCENT. AUTONOMOS","1915","FONDO NACIONAL DE DESARROLLO PESQUERO","21","PUNO","4689547","4687215.51"
"2025","13","GOBIERNO NACIONAL","0101010202","ORGANISMOS DESCENT. AUTONOMOS","1915","FONDO NACIONAL DE DESARROLLO PESQUERO","22","SAN MARTIN","2145696","2145540.9"
"2025","13","GOBIERNO NACIONAL","0101010202","ORGANISMOS DESCENT. AUTONOMOS","1915","FONDO NACIONAL DE DESARROLLO PESQUERO","23","TACNA","1268757","1267042.84"
"2025","13","GOBIERNO NACIONAL","0101010202","ORGANISMOS DESCENT. AUTONOMOS","1915","FONDO NACIONAL DE DESARROLLO PESQUERO","24","TUMBES","3734305","3728386.73"
"2025","13","GOBIERNO NACIONAL","0101010202","ORGANISMOS DESCENT. AUTONOMOS","1915","FONDO NACIONAL DE DESARROLLO PESQUERO","25","UCAYALI","358689","356544.95"
"2025","13","GOBIERNO NACIONAL","0101010202","ORGANISMOS DESCENT. AUTONOMOS","1916","INSTITUTO DE INVESTIGACIONES DE LA AMAZONIA PERUANA","01","AMAZONAS","257567","255179.22"
"2025","13","GOBIERNO NACIONAL","0101010202","ORGANISMOS DESCENT. AUTONOMOS","1916","INSTITUTO DE INVESTIGACIONES DE LA AMAZONIA PERUANA","10","HUANUCO","847755","823505.84"
"2025","13","GOBIERNO NACIONAL","0101010202","ORGANISMOS DESCENT. AUTONOMOS","1916","INSTITUTO DE INVESTIGACIONES DE LA AMAZONIA PERUANA","15","LIMA","333502","239795.58"
"2025","13","GOBIERNO NACIONAL","0101010202","ORGANISMOS DESCENT. AUTONOMOS","1916","INSTITUTO DE INVESTIGACIONES DE LA AMAZONIA PERUANA","16","LORETO","23710047","21811708.48"
"2025","13","GOBIERNO NACIONAL","0101010202","ORGANISMOS DESCENT. AUTONOMOS","1916","INSTITUTO DE INVESTIGACIONES DE LA AMAZONIA PERUANA","17","MADRE DE DIOS","2653776","2467003.62"
"2025","13","GOBIERNO NACIONAL","0101010202","ORGANISMOS DESCENT. AUTONOMOS","1916","INSTITUTO DE INVESTIGACIONES DE LA AMAZONIA PERUANA","22","SAN MARTIN","2310076","2251389.13"
"2025","13","GOBIERNO NACIONAL","0101010202","ORGANISMOS DESCENT. AUTONOMOS","1916","INSTITUTO DE INVESTIGACIONES DE LA AMAZONIA PERUANA","25","UCAYALI","2931075","2519268.21"
"2025","13","GOBIERNO NACIONAL","0101010202","ORGANISMOS DESCENT. AUTONOMOS","1917","SUPERINTENDENCIA NACIONAL DE BIENES ESTATALES","15","LIMA","46627633","45622263.09"
"2025","13","GOBIERNO NACIONAL","0101010301","INSTITUCIONES PUBLICAS DESCENTRALIZADAS","1918","SUPERINTENDENCIA NACIONAL DE LOS REGISTROS PUBLICOS","01","AMAZONAS","1943562","1943432.86"
"2025","13","GOBIERNO NACIONAL","0101010301","INSTITUCIONES PUBLICAS DESCENTRALIZADAS","1918","SUPERINTENDENCIA NACIONAL DE LOS REGISTROS PUBLICOS","02","ANCASH","18178028","18119895.58"
"2025","13","GOBIERNO NACIONAL","0101010301","INSTITUCIONES PUBLICAS DESCENTRALIZADAS","1918","SUPERINTENDENCIA NACIONAL DE LOS REGISTROS PUBLICOS","04","AREQUIPA","37905190","37727219.42"
"2025","13","GOBIERNO NACIONAL","0101010301","INSTITUCIONES PUBLICAS DESCENTRALIZADAS","1918","SUPERINTENDENCIA NACIONAL DE LOS REGISTROS PUBLICOS","05","AYACUCHO","8438642","8419424.17"
"2025","13","GOBIERNO NACIONAL","0101010301","INSTITUCIONES PUBLICAS DESCENTRALIZADAS","1918","SUPERINTENDENCIA NACIONAL DE LOS REGISTROS PUBLICOS","06","CAJAMARCA","340730","340722.19"
"2025","13","GOBIERNO NACIONAL","0101010301","INSTITUCIONES PUBLICAS DESCENTRALIZADAS","1918","SUPERINTENDENCIA NACIONAL DE LOS REGISTROS PUBLICOS","08","CUSCO","26452309","26377756.22"
"2025","13","GOBIERNO NACIONAL","0101010301","INSTITUCIONES PUBLICAS DESCENTRALIZADAS","1918","SUPERINTENDENCIA NACIONAL DE LOS REGISTROS PUBLICOS","09","HUANCAVELICA","74078","74056.54"
"2025","13","GOBIERNO NACIONAL","0101010301","INSTITUCIONES PUBLICAS DESCENTRALIZADAS","1918","SUPERINTENDENCIA NACIONAL DE LOS REGISTROS PUBLICOS","10","HUANUCO","85762","85750.13"
"2025","13","GOBIERNO NACIONAL","0101010301","INSTITUCIONES PUBLICAS DESCENTRALIZADAS","1918","SUPERINTENDENCIA NACIONAL DE LOS REGISTROS PUBLICOS","11","ICA","17744445","17726660.98"
"2025","13","GOBIERNO NACIONAL","0101010301","INSTITUCIONES PUBLICAS DESCENTRALIZADAS","1918","SUPERINTENDENCIA NACIONAL DE LOS REGISTROS PUBLICOS","12","JUNIN","25491809","25429108.3"
"2025","13","GOBIERNO NACIONAL","0101010301","INSTITUCIONES PUBLICAS DESCENTRALIZADAS","1918","SUPERINTENDENCIA NACIONAL DE LOS REGISTROS PUBLICOS","13","LA LIBERTAD","28668264","28443360.95"
"2025","13","GOBIERNO NACIONAL","0101010301","INSTITUCIONES PUBLICAS DESCENTRALIZADAS","1918","SUPERINTENDENCIA NACIONAL DE LOS REGISTROS PUBLICOS","14","LAMBAYEQUE","32153847","32004569.61"
"2025","13","GOBIERNO NACIONAL","0101010301","INSTITUCIONES PUBLICAS DESCENTRALIZADAS","1918","SUPERINTENDENCIA NACIONAL DE LOS REGISTROS PUBLICOS","15","LIMA","318247614","316044483.99"
"2025","13","GOBIERNO NACIONAL","0101010301","INSTITUCIONES PUBLICAS DESCENTRALIZADAS","1918","SUPERINTENDENCIA NACIONAL DE LOS REGISTROS PUBLICOS","16","LORETO","9539116","9506907.66"
"2025","13","GOBIERNO NACIONAL","0101010301","INSTITUCIONES PUBLICAS DESCENTRALIZADAS","1918","SUPERINTENDENCIA NACIONAL DE LOS REGISTROS PUBLICOS","18","MOQUEGUA","11232","11230.4"
"2025","13","GOBIERNO NACIONAL","0101010301","INSTITUCIONES PUBLICAS DESCENTRALIZADAS","1918","SUPERINTENDENCIA NACIONAL DE LOS REGISTROS PUBLICOS","19","PASCO","79246","74056.55"
"2025","13","GOBIERNO NACIONAL","0101010301","INSTITUCIONES PUBLICAS DESCENTRALIZADAS","1918","SUPERINTENDENCIA NACIONAL DE LOS REGISTROS PUBLICOS","20","PIURA","23340310","23286573.28"
"2025","13","GOBIERNO NACIONAL","0101010301","INSTITUCIONES PUBLICAS DESCENTRALIZADAS","1918","SUPERINTENDENCIA NACIONAL DE LOS REGISTROS PUBLICOS","21","PUNO","16848","16845.58"
"2025","13","GOBIERNO NACIONAL","0101010301","INSTITUCIONES PUBLICAS DESCENTRALIZADAS","1918","SUPERINTENDENCIA NACIONAL DE LOS REGISTROS PUBLICOS","22","SAN MARTIN","15855318","15770365.82"
"2025","13","GOBIERNO NACIONAL","0101010301","INSTITUCIONES PUBLICAS DESCENTRALIZADAS","1918","SUPERINTENDENCIA NACIONAL DE LOS REGISTROS PUBLICOS","23","TACNA","24276205","24104946.79"
"2025","13","GOBIERNO NACIONAL","0101010301","INSTITUCIONES PUBLICAS DESCENTRALIZADAS","1918","SUPERINTENDENCIA NACIONAL DE LOS REGISTROS PUBLICOS","24","TUMBES","1","0"
"2025","13","GOBIERNO NACIONAL","0101010301","INSTITUCIONES PUBLICAS DESCENTRALIZADAS","1918","SUPERINTENDENCIA NACIONAL DE LOS REGISTROS PUBLICOS","25","UCAYALI","9928138","9874630.04"
"2025","13","GOBIERNO NACIONAL","0101010301","INSTITUCIONES PUBLICAS DESCENTRALIZADAS","1920","ORGANISMO SUPERVISOR DE INVERSION PRIVADA EN TELECOMUNICACIONES","01","AMAZONAS","394352","377578.63"
"2025","13","GOBIERNO NACIONAL","0101010301","INSTITUCIONES PUBLICAS DESCENTRALIZADAS","1920","ORGANISMO SUPERVISOR DE INVERSION PRIVADA EN TELECOMUNICACIONES","02","ANCASH","561964","540238.57"
"2025","13","GOBIERNO NACIONAL","0101010301","INSTITUCIONES PUBLICAS DESCENTRALIZADAS","1920","ORGANISMO SUPERVISOR DE INVERSION PRIVADA EN TELECOMUNICACIONES","03","APURIMAC","319689","304305.67"
"2025","13","GOBIERNO NACIONAL","0101010301","INSTITUCIONES PUBLICAS DESCENTRALIZADAS","1920","ORGANISMO SUPERVISOR DE INVERSION PRIVADA EN TELECOMUNICACIONES","04","AREQUIPA","437828","426119.68"
"2025","13","GOBIERNO NACIONAL","0101010301","INSTITUCIONES PUBLICAS DESCENTRALIZADAS","1920","ORGANISMO SUPERVISOR DE INVERSION PRIVADA EN TELECOMUNICACIONES","05","AYACUCHO","353654","341596.78"
"2025","13","GOBIERNO NACIONAL","0101010301","INSTITUCIONES PUBLICAS DESCENTRALIZADAS","1920","ORGANISMO SUPERVISOR DE INVERSION PRIVADA EN TELECOMUNICACIONES","06","CAJAMARCA","465595","440980.33"
"2025","13","GOBIERNO NACIONAL","0101010301","INSTITUCIONES PUBLICAS DESCENTRALIZADAS","1920","ORGANISMO SUPERVISOR DE INVERSION PRIVADA EN TELECOMUNICACIONES","08","CUSCO","443985","427888.21"
"2025","13","GOBIERNO NACIONAL","0101010301","INSTITUCIONES PUBLICAS DESCENTRALIZADAS","1920","ORGANISMO SUPERVISOR DE INVERSION PRIVADA EN TELECOMUNICACIONES","09","HUANCAVELICA","345739","316797.31"
"2025","13","GOBIERNO NACIONAL","0101010301","INSTITUCIONES PUBLICAS DESCENTRALIZADAS","1920","ORGANISMO SUPERVISOR DE INVERSION PRIVADA EN TELECOMUNICACIONES","10","HUANUCO","284221","265255.9"
"2025","13","GOBIERNO NACIONAL","0101010301","INSTITUCIONES PUBLICAS DESCENTRALIZADAS","1920","ORGANISMO SUPERVISOR DE INVERSION PRIVADA EN TELECOMUNICACIONES","11","ICA","505402","494334.17"
"2025","13","GOBIERNO NACIONAL","0101010301","INSTITUCIONES PUBLICAS DESCENTRALIZADAS","1920","ORGANISMO SUPERVISOR DE INVERSION PRIVADA EN TELECOMUNICACIONES","12","JUNIN","454656","432287.6"
"2025","13","GOBIERNO NACIONAL","0101010301","INSTITUCIONES PUBLICAS DESCENTRALIZADAS","1920","ORGANISMO SUPERVISOR DE INVERSION PRIVADA EN TELECOMUNICACIONES","13","LA LIBERTAD","473582","460248.15"
"2025","13","GOBIERNO NACIONAL","0101010301","INSTITUCIONES PUBLICAS DESCENTRALIZADAS","1920","ORGANISMO SUPERVISOR DE INVERSION PRIVADA EN TELECOMUNICACIONES","14","LAMBAYEQUE","435631","422275.72"
"2025","13","GOBIERNO NACIONAL","0101010301","INSTITUCIONES PUBLICAS DESCENTRALIZADAS","1920","ORGANISMO SUPERVISOR DE INVERSION PRIVADA EN TELECOMUNICACIONES","15","LIMA","116408708","103906170.33"
"2025","13","GOBIERNO NACIONAL","0101010301","INSTITUCIONES PUBLICAS DESCENTRALIZADAS","1920","ORGANISMO SUPERVISOR DE INVERSION PRIVADA EN TELECOMUNICACIONES","16","LORETO","666205","595420.31"
"2025","13","GOBIERNO NACIONAL","0101010301","INSTITUCIONES PUBLICAS DESCENTRALIZADAS","1920","ORGANISMO SUPERVISOR DE INVERSION PRIVADA EN TELECOMUNICACIONES","17","MADRE DE DIOS","319882","305146.92"
"2025","13","GOBIERNO NACIONAL","0101010301","INSTITUCIONES PUBLICAS DESCENTRALIZADAS","1920","ORGANISMO SUPERVISOR DE INVERSION PRIVADA EN TELECOMUNICACIONES","18","MOQUEGUA","399082","354251.03"
"2025","13","GOBIERNO NACIONAL","0101010301","INSTITUCIONES PUBLICAS DESCENTRALIZADAS","1920","ORGANISMO SUPERVISOR DE INVERSION PRIVADA EN TELECOMUNICACIONES","19","PASCO","376267","369050.45"
"2025","13","GOBIERNO NACIONAL","0101010301","INSTITUCIONES PUBLICAS DESCENTRALIZADAS","1920","ORGANISMO SUPERVISOR DE INVERSION PRIVADA EN TELECOMUNICACIONES","20","PIURA","420681","399553.19"
"2025","13","GOBIERNO NACIONAL","0101010301","INSTITUCIONES PUBLICAS DESCENTRALIZADAS","1920","ORGANISMO SUPERVISOR DE INVERSION PRIVADA EN TELECOMUNICACIONES","21","PUNO","413908","398674.07"
"2025","13","GOBIERNO NACIONAL","0101010301","INSTITUCIONES PUBLICAS DESCENTRALIZADAS","1920","ORGANISMO SUPERVISOR DE INVERSION PRIVADA EN TELECOMUNICACIONES","22","SAN MARTIN","481802","467626.68"
"2025","13","GOBIERNO NACIONAL","0101010301","INSTITUCIONES PUBLICAS DESCENTRALIZADAS","1920","ORGANISMO SUPERVISOR DE INVERSION PRIVADA EN TELECOMUNICACIONES","23","TACNA","377640","364854.47"
"2025","13","GOBIERNO NACIONAL","0101010301","INSTITUCIONES PUBLICAS DESCENTRALIZADAS","1920","ORGANISMO SUPERVISOR DE INVERSION PRIVADA EN TELECOMUNICACIONES","24","TUMBES","397710","371201.28"
"2025","13","GOBIERNO NACIONAL","0101010301","INSTITUCIONES PUBLICAS DESCENTRALIZADAS","1920","ORGANISMO SUPERVISOR DE INVERSION PRIVADA EN TELECOMUNICACIONES","25","UCAYALI","291767","277256.15"
"2025","13","GOBIERNO NACIONAL","0101010301","INSTITUCIONES PUBLICAS DESCENTRALIZADAS","1921","ORGANISMO SUPERVISOR DE LA INVERSION EN LA ENERGIA Y MINERIA","15","LIMA","620637826","557720108.07"
"2025","13","GOBIERNO NACIONAL","0101010301","INSTITUCIONES PUBLICAS DESCENTRALIZADAS","1922","SUPERINTENDENCIA DE BANCA, SEGUROS Y ADMINISTRADORAS PRIVADAS DE FONDOS DE PENSIONES Y AFP","15","LIMA","614561063","499524551.58"
"2025","13","GOBIERNO NACIONAL","0101010301","INSTITUCIONES PUBLICAS DESCENTRALIZADAS","1923","SUPERINTENDENCIA NACIONAL DE SERVICIOS DE SANEAMIENTO","01","AMAZONAS","1293594","1268722.83"
"2025","13","GOBIERNO NACIONAL","0101010301","INSTITUCIONES PUBLICAS DESCENTRALIZADAS","1923","SUPERINTENDENCIA NACIONAL DE SERVICIOS DE SANEAMIENTO","02","ANCASH","2458127","2424113.74"
"2025","13","GOBIERNO NACIONAL","0101010301","INSTITUCIONES PUBLICAS DESCENTRALIZADAS","1923","SUPERINTENDENCIA NACIONAL DE SERVICIOS DE SANEAMIENTO","03","APURIMAC","1142545","1131294.83"
"2025","13","GOBIERNO NACIONAL","0101010301","INSTITUCIONES PUBLICAS DESCENTRALIZADAS","1923","SUPERINTENDENCIA NACIONAL DE SERVICIOS DE SANEAMIENTO","04","AREQUIPA","1556510","1534175.02"
"2025","13","GOBIERNO NACIONAL","0101010301","INSTITUCIONES PUBLICAS DESCENTRALIZADAS","1923","SUPERINTENDENCIA NACIONAL DE SERVICIOS DE SANEAMIENTO","05","AYACUCHO","1256544","1238496.48"
"2025","13","GOBIERNO NACIONAL","0101010301","INSTITUCIONES PUBLICAS DESCENTRALIZADAS","1923","SUPERINTENDENCIA NACIONAL DE SERVICIOS DE SANEAMIENTO","06","CAJAMARCA","1435905","1417368.36"
"2025","13","GOBIERNO NACIONAL","0101010301","INSTITUCIONES PUBLICAS DESCENTRALIZADAS","1923","SUPERINTENDENCIA NACIONAL DE SERVICIOS DE SANEAMIENTO","07","PROV CONSTIT DEL CALLAO","293788","287452.32"
"2025","13","GOBIERNO NACIONAL","0101010301","INSTITUCIONES PUBLICAS DESCENTRALIZADAS","1923","SUPERINTENDENCIA NACIONAL DE SERVICIOS DE SANEAMIENTO","08","CUSCO","1364978","1354162.59"
"2025","13","GOBIERNO NACIONAL","0101010301","INSTITUCIONES PUBLICAS DESCENTRALIZADAS","1923","SUPERINTENDENCIA NACIONAL DE SERVICIOS DE SANEAMIENTO","09","HUANCAVELICA","1222808","1162259.81"
"2025","13","GOBIERNO NACIONAL","0101010301","INSTITUCIONES PUBLICAS DESCENTRALIZADAS","1923","SUPERINTENDENCIA NACIONAL DE SERVICIOS DE SANEAMIENTO","10","HUANUCO","1184339","1174203.03"
"2025","13","GOBIERNO NACIONAL","0101010301","INSTITUCIONES PUBLICAS DESCENTRALIZADAS","1923","SUPERINTENDENCIA NACIONAL DE SERVICIOS DE SANEAMIENTO","11","ICA","1339694","1312348.47"
"2025","13","GOBIERNO NACIONAL","0101010301","INSTITUCIONES PUBLICAS DESCENTRALIZADAS","1923","SUPERINTENDENCIA NACIONAL DE SERVICIOS DE SANEAMIENTO","12","JUNIN","1530764","1523581.98"
"2025","13","GOBIERNO NACIONAL","0101010301","INSTITUCIONES PUBLICAS DESCENTRALIZADAS","1923","SUPERINTENDENCIA NACIONAL DE SERVICIOS DE SANEAMIENTO","13","LA LIBERTAD","1361487","1346836.74"
"2025","13","GOBIERNO NACIONAL","0101010301","INSTITUCIONES PUBLICAS DESCENTRALIZADAS","1923","SUPERINTENDENCIA NACIONAL DE SERVICIOS DE SANEAMIENTO","14","LAMBAYEQUE","1280646","1263916.43"
"2025","13","GOBIERNO NACIONAL","0101010301","INSTITUCIONES PUBLICAS DESCENTRALIZADAS","1923","SUPERINTENDENCIA NACIONAL DE SERVICIOS DE SANEAMIENTO","15","LIMA","84581488","81645719.36"
"2025","13","GOBIERNO NACIONAL","0101010301","INSTITUCIONES PUBLICAS DESCENTRALIZADAS","1923","SUPERINTENDENCIA NACIONAL DE SERVICIOS DE SANEAMIENTO","16","LORETO","1180215","1151825.03"
"2025","13","GOBIERNO NACIONAL","0101010301","INSTITUCIONES PUBLICAS DESCENTRALIZADAS","1923","SUPERINTENDENCIA NACIONAL DE SERVICIOS DE SANEAMIENTO","17","MADRE DE DIOS","1029440","1008177.51"
"2025","13","GOBIERNO NACIONAL","0101010301","INSTITUCIONES PUBLICAS DESCENTRALIZADAS","1923","SUPERINTENDENCIA NACIONAL DE SERVICIOS DE SANEAMIENTO","18","MOQUEGUA","1048171","1033714.02"
"2025","13","GOBIERNO NACIONAL","0101010301","INSTITUCIONES PUBLICAS DESCENTRALIZADAS","1923","SUPERINTENDENCIA NACIONAL DE SERVICIOS DE SANEAMIENTO","19","PASCO","1181493","1169808.97"
"2025","13","GOBIERNO NACIONAL","0101010301","INSTITUCIONES PUBLICAS DESCENTRALIZADAS","1923","SUPERINTENDENCIA NACIONAL DE SERVICIOS DE SANEAMIENTO","20","PIURA","2270848","2249849.82"
"2025","13","GOBIERNO NACIONAL","0101010301","INSTITUCIONES PUBLICAS DESCENTRALIZADAS","1923","SUPERINTENDENCIA NACIONAL DE SERVICIOS DE SANEAMIENTO","21","PUNO","1347846","1340389.39"
"2025","13","GOBIERNO NACIONAL","0101010301","INSTITUCIONES PUBLICAS DESCENTRALIZADAS","1923","SUPERINTENDENCIA NACIONAL DE SERVICIOS DE SANEAMIENTO","22","SAN MARTIN","1563946","1551801.07"
"2025","13","GOBIERNO NACIONAL","0101010301","INSTITUCIONES PUBLICAS DESCENTRALIZADAS","1923","SUPERINTENDENCIA NACIONAL DE SERVICIOS DE SANEAMIENTO","23","TACNA","1111147","1094095.82"
"2025","13","GOBIERNO NACIONAL","0101010301","INSTITUCIONES PUBLICAS DESCENTRALIZADAS","1923","SUPERINTENDENCIA NACIONAL DE SERVICIOS DE SANEAMIENTO","24","TUMBES","1238337","1219200.35"
"2025","13","GOBIERNO NACIONAL","0101010301","INSTITUCIONES PUBLICAS DESCENTRALIZADAS","1923","SUPERINTENDENCIA NACIONAL DE SERVICIOS DE SANEAMIENTO","25","UCAYALI","1198566","1190120.2"
"2025","13","GOBIERNO NACIONAL","0101010301","INSTITUCIONES PUBLICAS DESCENTRALIZADAS","1940","ACADEMIA DE LA MAGISTRATURA","15","LIMA","14923741","14110288.08"
"2025","13","GOBIERNO NACIONAL","0101010301","INSTITUCIONES PUBLICAS DESCENTRALIZADAS","1941","ARCHIVO GENERAL DE LA NACION","15","LIMA","25387349","24574411.01"
"2025","13","GOBIERNO NACIONAL","0101010301","INSTITUCIONES PUBLICAS DESCENTRALIZADAS","1942","BIBLIOTECA NACIONAL DEL PERU","15","LIMA","52006580","51382556.34"
"2025","13","GOBIERNO NACIONAL","0101010301","INSTITUCIONES PUBLICAS DESCENTRALIZADAS","1944","CENTRO DE FORMACION EN TURISMO","07","PROV CONSTIT DEL CALLAO","81179","80848.37"
"2025","13","GOBIERNO NACIONAL","0101010301","INSTITUCIONES PUBLICAS DESCENTRALIZADAS","1944","CENTRO DE FORMACION EN TURISMO","08","CUSCO","3078667","3030581.96"
"2025","13","GOBIERNO NACIONAL","0101010301","INSTITUCIONES PUBLICAS DESCENTRALIZADAS","1944","CENTRO DE FORMACION EN TURISMO","11","ICA","103161","0"
"2025","13","GOBIERNO NACIONAL","0101010301","INSTITUCIONES PUBLICAS DESCENTRALIZADAS","1944","CENTRO DE FORMACION EN TURISMO","14","LAMBAYEQUE","2689719","2647723.54"
"2025","13","GOBIERNO NACIONAL","0101010301","INSTITUCIONES PUBLICAS DESCENTRALIZADAS","1944","CENTRO DE FORMACION EN TURISMO","15","LIMA","22219513","21811067.96"
"2025","13","GOBIERNO NACIONAL","0101010301","INSTITUCIONES PUBLICAS DESCENTRALIZADAS","1944","CENTRO DE FORMACION EN TURISMO","22","SAN MARTIN","19085","18485"
"2025","13","GOBIERNO NACIONAL","0101010301","INSTITUCIONES PUBLICAS DESCENTRALIZADAS","1944","CENTRO DE FORMACION EN TURISMO","24","TUMBES","981259","980711.59"
"2025","13","GOBIERNO NACIONAL","0101010301","INSTITUCIONES PUBLICAS DESCENTRALIZADAS","1944","CENTRO DE FORMACION EN TURISMO","98","EXTERIOR","165380","165379.6"
"2025","13","GOBIERNO NACIONAL","0101010301","INSTITUCIONES PUBLICAS DESCENTRALIZADAS","1945","ORGANISMO DE FORMALIZACION DE LA PROPIEDAD INFORMAL","01","AMAZONAS","1389125","1387071.04"
"2025","13","GOBIERNO NACIONAL","0101010301","INSTITUCIONES PUBLICAS DESCENTRALIZADAS","1945","ORGANISMO DE FORMALIZACION DE LA PROPIEDAD INFORMAL","02","ANCASH","3408406","3403621.17"
"2025","13","GOBIERNO NACIONAL","0101010301","INSTITUCIONES PUBLICAS DESCENTRALIZADAS","1945","ORGANISMO DE FORMALIZACION DE LA PROPIEDAD INFORMAL","03","APURIMAC","1908840","1907387.92"
"2025","13","GOBIERNO NACIONAL","0101010301","INSTITUCIONES PUBLICAS DESCENTRALIZADAS","1945","ORGANISMO DE FORMALIZACION DE LA PROPIEDAD INFORMAL","04","AREQUIPA","2462250","2461601.14"
"2025","13","GOBIERNO NACIONAL","0101010301","INSTITUCIONES PUBLICAS DESCENTRALIZADAS","1945","ORGANISMO DE FORMALIZACION DE LA PROPIEDAD INFORMAL","05","AYACUCHO","2257790","2254869.92"
"2025","13","GOBIERNO NACIONAL","0101010301","INSTITUCIONES PUBLICAS DESCENTRALIZADAS","1945","ORGANISMO DE FORMALIZACION DE LA PROPIEDAD INFORMAL","06","CAJAMARCA","1616512","1613617.7"
"2025","13","GOBIERNO NACIONAL","0101010301","INSTITUCIONES PUBLICAS DESCENTRALIZADAS","1945","ORGANISMO DE FORMALIZACION DE LA PROPIEDAD INFORMAL","08","CUSCO","1721358","1721170.56"
"2025","13","GOBIERNO NACIONAL","0101010301","INSTITUCIONES PUBLICAS DESCENTRALIZADAS","1945","ORGANISMO DE FORMALIZACION DE LA PROPIEDAD INFORMAL","09","HUANCAVELICA","1278010","1274515.23"
"2025","13","GOBIERNO NACIONAL","0101010301","INSTITUCIONES PUBLICAS DESCENTRALIZADAS","1945","ORGANISMO DE FORMALIZACION DE LA PROPIEDAD INFORMAL","10","HUANUCO","1654400","1653123.62"
"2025","13","GOBIERNO NACIONAL","0101010301","INSTITUCIONES PUBLICAS DESCENTRALIZADAS","1945","ORGANISMO DE FORMALIZACION DE LA PROPIEDAD INFORMAL","11","ICA","1973289","1971863.88"
"2025","13","GOBIERNO NACIONAL","0101010301","INSTITUCIONES PUBLICAS DESCENTRALIZADAS","1945","ORGANISMO DE FORMALIZACION DE LA PROPIEDAD INFORMAL","12","JUNIN","1687158","1685662.19"
"2025","13","GOBIERNO NACIONAL","0101010301","INSTITUCIONES PUBLICAS DESCENTRALIZADAS","1945","ORGANISMO DE FORMALIZACION DE LA PROPIEDAD INFORMAL","13","LA LIBERTAD","2297939","2293648.38"
"2025","13","GOBIERNO NACIONAL","0101010301","INSTITUCIONES PUBLICAS DESCENTRALIZADAS","1945","ORGANISMO DE FORMALIZACION DE LA PROPIEDAD INFORMAL","14","LAMBAYEQUE","2550422","2549385.61"
"2025","13","GOBIERNO NACIONAL","0101010301","INSTITUCIONES PUBLICAS DESCENTRALIZADAS","1945","ORGANISMO DE FORMALIZACION DE LA PROPIEDAD INFORMAL","15","LIMA","126463549","125826404.4"
"2025","13","GOBIERNO NACIONAL","0101010301","INSTITUCIONES PUBLICAS DESCENTRALIZADAS","1945","ORGANISMO DE FORMALIZACION DE LA PROPIEDAD INFORMAL","16","LORETO","1061521","1061043.49"
"2025","13","GOBIERNO NACIONAL","0101010301","INSTITUCIONES PUBLICAS DESCENTRALIZADAS","1945","ORGANISMO DE FORMALIZACION DE LA PROPIEDAD INFORMAL","17","MADRE DE DIOS","1730036","1729812.15"
"2025","13","GOBIERNO NACIONAL","0101010301","INSTITUCIONES PUBLICAS DESCENTRALIZADAS","1945","ORGANISMO DE FORMALIZACION DE LA PROPIEDAD INFORMAL","18","MOQUEGUA","895687","893689.07"
"2025","13","GOBIERNO NACIONAL","0101010301","INSTITUCIONES PUBLICAS DESCENTRALIZADAS","1945","ORGANISMO DE FORMALIZACION DE LA PROPIEDAD INFORMAL","19","PASCO","1175401","1170896.64"
"2025","13","GOBIERNO NACIONAL","0101010301","INSTITUCIONES PUBLICAS DESCENTRALIZADAS","1945","ORGANISMO DE FORMALIZACION DE LA PROPIEDAD INFORMAL","20","PIURA","2525677","2518431.51"
"2025","13","GOBIERNO NACIONAL","0101010301","INSTITUCIONES PUBLICAS DESCENTRALIZADAS","1945","ORGANISMO DE FORMALIZACION DE LA PROPIEDAD INFORMAL","21","PUNO","1363769","1361829.09"
"2025","13","GOBIERNO NACIONAL","0101010301","INSTITUCIONES PUBLICAS DESCENTRALIZADAS","1945","ORGANISMO DE FORMALIZACION DE LA PROPIEDAD INFORMAL","22","SAN MARTIN","1447397","1445824.38"
"2025","13","GOBIERNO NACIONAL","0101010301","INSTITUCIONES PUBLICAS DESCENTRALIZADAS","1945","ORGANISMO DE FORMALIZACION DE LA PROPIEDAD INFORMAL","23","TACNA","1011928","1010785.92"
"2025","13","GOBIERNO NACIONAL","0101010301","INSTITUCIONES PUBLICAS DESCENTRALIZADAS","1945","ORGANISMO DE FORMALIZACION DE LA PROPIEDAD INFORMAL","24","TUMBES","844277","843115.68"
"2025","13","GOBIERNO NACIONAL","0101010301","INSTITUCIONES PUBLICAS DESCENTRALIZADAS","1945","ORGANISMO DE FORMALIZACION DE LA PROPIEDAD INFORMAL","25","UCAYALI","1307819","1304970.69"
"2025","13","GOBIERNO NACIONAL","0101010301","INSTITUCIONES PUBLICAS DESCENTRALIZADAS","1947","COMISION DE PROMOCION DEL PERU PARA  LA  EXPORTACION Y EL TURISMO","15","LIMA","170892989","167569344.27"
"2025","13","GOBIERNO NACIONAL","0101010301","INSTITUCIONES PUBLICAS DESCENTRALIZADAS","1947","COMISION DE PROMOCION DEL PERU PARA  LA  EXPORTACION Y EL TURISMO","98","EXTERIOR","236404346","234082305.26"
"2025","13","GOBIERNO NACIONAL","0101010301","INSTITUCIONES PUBLICAS DESCENTRALIZADAS","1949","CONSEJO NACIONAL DE CIENCIA, TECNOLOGIA E INNOVACION TECNOLOGICA","15","LIMA","225593261","217577764.87"
"2025","13","GOBIERNO NACIONAL","0101010301","INSTITUCIONES PUBLICAS DESCENTRALIZADAS","1952","ORGANISMO ESPECIALIZADO PARA LAS CONTRATACIONES PUBLICAS EFICIENTES","02","ANCASH","352810","348346.19"
"2025","13","GOBIERNO NACIONAL","0101010301","INSTITUCIONES PUBLICAS DESCENTRALIZADAS","1952","ORGANISMO ESPECIALIZADO PARA LAS CONTRATACIONES PUBLICAS EFICIENTES","03","APURIMAC","67259","66810.6"
"2025","13","GOBIERNO NACIONAL","0101010301","INSTITUCIONES PUBLICAS DESCENTRALIZADAS","1952","ORGANISMO ESPECIALIZADO PARA LAS CONTRATACIONES PUBLICAS EFICIENTES","04","AREQUIPA","327477","323005.56"
"2025","13","GOBIERNO NACIONAL","0101010301","INSTITUCIONES PUBLICAS DESCENTRALIZADAS","1952","ORGANISMO ESPECIALIZADO PARA LAS CONTRATACIONES PUBLICAS EFICIENTES","05","AYACUCHO","332033","327921.93"
"2025","13","GOBIERNO NACIONAL","0101010301","INSTITUCIONES PUBLICAS DESCENTRALIZADAS","1952","ORGANISMO ESPECIALIZADO PARA LAS CONTRATACIONES PUBLICAS EFICIENTES","06","CAJAMARCA","348744","344801.54"
"2025","13","GOBIERNO NACIONAL","0101010301","INSTITUCIONES PUBLICAS DESCENTRALIZADAS","1952","ORGANISMO ESPECIALIZADO PARA LAS CONTRATACIONES PUBLICAS EFICIENTES","08","CUSCO","377771","374229.25"
"2025","13","GOBIERNO NACIONAL","0101010301","INSTITUCIONES PUBLICAS DESCENTRALIZADAS","1952","ORGANISMO ESPECIALIZADO PARA LAS CONTRATACIONES PUBLICAS EFICIENTES","09","HUANCAVELICA","60861","60440.41"
"2025","13","GOBIERNO NACIONAL","0101010301","INSTITUCIONES PUBLICAS DESCENTRALIZADAS","1952","ORGANISMO ESPECIALIZADO PARA LAS CONTRATACIONES PUBLICAS EFICIENTES","10","HUANUCO","366318","362394.57"
"2025","13","GOBIERNO NACIONAL","0101010301","INSTITUCIONES PUBLICAS DESCENTRALIZADAS","1952","ORGANISMO ESPECIALIZADO PARA LAS CONTRATACIONES PUBLICAS EFICIENTES","11","ICA","140055","139697.36"
"2025","13","GOBIERNO NACIONAL","0101010301","INSTITUCIONES PUBLICAS DESCENTRALIZADAS","1952","ORGANISMO ESPECIALIZADO PARA LAS CONTRATACIONES PUBLICAS EFICIENTES","12","JUNIN","364967","361529.73"
"2025","13","GOBIERNO NACIONAL","0101010301","INSTITUCIONES PUBLICAS DESCENTRALIZADAS","1952","ORGANISMO ESPECIALIZADO PARA LAS CONTRATACIONES PUBLICAS EFICIENTES","13","LA LIBERTAD","172084","171490.2"
"2025","13","GOBIERNO NACIONAL","0101010301","INSTITUCIONES PUBLICAS DESCENTRALIZADAS","1952","ORGANISMO ESPECIALIZADO PARA LAS CONTRATACIONES PUBLICAS EFICIENTES","14","LAMBAYEQUE","331400","324864.63"
"2025","13","GOBIERNO NACIONAL","0101010301","INSTITUCIONES PUBLICAS DESCENTRALIZADAS","1952","ORGANISMO ESPECIALIZADO PARA LAS CONTRATACIONES PUBLICAS EFICIENTES","15","LIMA","119251065","115395810.94"
"2025","13","GOBIERNO NACIONAL","0101010301","INSTITUCIONES PUBLICAS DESCENTRALIZADAS","1952","ORGANISMO ESPECIALIZADO PARA LAS CONTRATACIONES PUBLICAS EFICIENTES","16","LORETO","61188","60787.31"
"2025","13","GOBIERNO NACIONAL","0101010301","INSTITUCIONES PUBLICAS DESCENTRALIZADAS","1952","ORGANISMO ESPECIALIZADO PARA LAS CONTRATACIONES PUBLICAS EFICIENTES","17","MADRE DE DIOS","60307","59908.68"
"2025","13","GOBIERNO NACIONAL","0101010301","INSTITUCIONES PUBLICAS DESCENTRALIZADAS","1952","ORGANISMO ESPECIALIZADO PARA LAS CONTRATACIONES PUBLICAS EFICIENTES","20","PIURA","368736","361594.34"
"2025","13","GOBIERNO NACIONAL","0101010301","INSTITUCIONES PUBLICAS DESCENTRALIZADAS","1952","ORGANISMO ESPECIALIZADO PARA LAS CONTRATACIONES PUBLICAS EFICIENTES","21","PUNO","359028","354276.71"
"2025","13","GOBIERNO NACIONAL","0101010301","INSTITUCIONES PUBLICAS DESCENTRALIZADAS","1952","ORGANISMO ESPECIALIZADO PARA LAS CONTRATACIONES PUBLICAS EFICIENTES","22","SAN MARTIN","387267","378612.6"
"2025","13","GOBIERNO NACIONAL","0101010301","INSTITUCIONES PUBLICAS DESCENTRALIZADAS","1952","ORGANISMO ESPECIALIZADO PARA LAS CONTRATACIONES PUBLICAS EFICIENTES","23","TACNA","82401","81479.19"
"2025","13","GOBIERNO NACIONAL","0101010301","INSTITUCIONES PUBLICAS DESCENTRALIZADAS","1952","ORGANISMO ESPECIALIZADO PARA LAS CONTRATACIONES PUBLICAS EFICIENTES","24","TUMBES","62165","61722.8"
"2025","13","GOBIERNO NACIONAL","0101010301","INSTITUCIONES PUBLICAS DESCENTRALIZADAS","1952","ORGANISMO ESPECIALIZADO PARA LAS CONTRATACIONES PUBLICAS EFICIENTES","25","UCAYALI","130245","129769.14"
"2025","13","GOBIERNO NACIONAL","0101010301","INSTITUCIONES PUBLICAS DESCENTRALIZADAS","1955","INTENDENCIA NACIONAL DE BOMBEROS DEL PERÚ - INBP","01","AMAZONAS","373008","363798.82"
"2025","13","GOBIERNO NACIONAL","0101010301","INSTITUCIONES PUBLICAS DESCENTRALIZADAS","1955","INTENDENCIA NACIONAL DE BOMBEROS DEL PERÚ - INBP","02","ANCASH","761350","747841.31"
"2025","13","GOBIERNO NACIONAL","0101010301","INSTITUCIONES PUBLICAS DESCENTRALIZADAS","1955","INTENDENCIA NACIONAL DE BOMBEROS DEL PERÚ - INBP","03","APURIMAC","600415","581687.68"
"2025","13","GOBIERNO NACIONAL","0101010301","INSTITUCIONES PUBLICAS DESCENTRALIZADAS","1955","INTENDENCIA NACIONAL DE BOMBEROS DEL PERÚ - INBP","04","AREQUIPA","1510889","1491507.02"
"2025","13","GOBIERNO NACIONAL","0101010301","INSTITUCIONES PUBLICAS DESCENTRALIZADAS","1955","INTENDENCIA NACIONAL DE BOMBEROS DEL PERÚ - INBP","05","AYACUCHO","485151","473159.44"
"2025","13","GOBIERNO NACIONAL","0101010301","INSTITUCIONES PUBLICAS DESCENTRALIZADAS","1955","INTENDENCIA NACIONAL DE BOMBEROS DEL PERÚ - INBP","06","CAJAMARCA","470497","454995.62"
"2025","13","GOBIERNO NACIONAL","0101010301","INSTITUCIONES PUBLICAS DESCENTRALIZADAS","1955","INTENDENCIA NACIONAL DE BOMBEROS DEL PERÚ - INBP","07","PROV CONSTIT DEL CALLAO","2742631","2705338.72"
"2025","13","GOBIERNO NACIONAL","0101010301","INSTITUCIONES PUBLICAS DESCENTRALIZADAS","1955","INTENDENCIA NACIONAL DE BOMBEROS DEL PERÚ - INBP","08","CUSCO","1489274","1444260.05"
"2025","13","GOBIERNO NACIONAL","0101010301","INSTITUCIONES PUBLICAS DESCENTRALIZADAS","1955","INTENDENCIA NACIONAL DE BOMBEROS DEL PERÚ - INBP","09","HUANCAVELICA","133387","119532.02"
"2025","13","GOBIERNO NACIONAL","0101010301","INSTITUCIONES PUBLICAS DESCENTRALIZADAS","1955","INTENDENCIA NACIONAL DE BOMBEROS DEL PERÚ - INBP","10","HUANUCO","555107","544383.02"
"2025","13","GOBIERNO NACIONAL","0101010301","INSTITUCIONES PUBLICAS DESCENTRALIZADAS","1955","INTENDENCIA NACIONAL DE BOMBEROS DEL PERÚ - INBP","11","ICA","1764663","1666925.7"
"2025","13","GOBIERNO NACIONAL","0101010301","INSTITUCIONES PUBLICAS DESCENTRALIZADAS","1955","INTENDENCIA NACIONAL DE BOMBEROS DEL PERÚ - INBP","12","JUNIN","856051","821205.37"
"2025","13","GOBIERNO NACIONAL","0101010301","INSTITUCIONES PUBLICAS DESCENTRALIZADAS","1955","INTENDENCIA NACIONAL DE BOMBEROS DEL PERÚ - INBP","13","LA LIBERTAD","1500284","1481171.55"
"2025","13","GOBIERNO NACIONAL","0101010301","INSTITUCIONES PUBLICAS DESCENTRALIZADAS","1955","INTENDENCIA NACIONAL DE BOMBEROS DEL PERÚ - INBP","14","LAMBAYEQUE","962664","874356.95"
"2025","13","GOBIERNO NACIONAL","0101010301","INSTITUCIONES PUBLICAS DESCENTRALIZADAS","1955","INTENDENCIA NACIONAL DE BOMBEROS DEL PERÚ - INBP","15","LIMA","73339967","71668200.24"
"2025","13","GOBIERNO NACIONAL","0101010301","INSTITUCIONES PUBLICAS DESCENTRALIZADAS","1955","INTENDENCIA NACIONAL DE BOMBEROS DEL PERÚ - INBP","16","LORETO","1030297","998946.99"
"2025","13","GOBIERNO NACIONAL","0101010301","INSTITUCIONES PUBLICAS DESCENTRALIZADAS","1955","INTENDENCIA NACIONAL DE BOMBEROS DEL PERÚ - INBP","17","MADRE DE DIOS","443197","429550.96"
"2025","13","GOBIERNO NACIONAL","0101010301","INSTITUCIONES PUBLICAS DESCENTRALIZADAS","1955","INTENDENCIA NACIONAL DE BOMBEROS DEL PERÚ - INBP","18","MOQUEGUA","1296604","1269924.02"
"2025","13","GOBIERNO NACIONAL","0101010301","INSTITUCIONES PUBLICAS DESCENTRALIZADAS","1955","INTENDENCIA NACIONAL DE BOMBEROS DEL PERÚ - INBP","19","PASCO","847861","816879.14"
"2025","13","GOBIERNO NACIONAL","0101010301","INSTITUCIONES PUBLICAS DESCENTRALIZADAS","1955","INTENDENCIA NACIONAL DE BOMBEROS DEL PERÚ - INBP","20","PIURA","1287825","1263626.27"
"2025","13","GOBIERNO NACIONAL","0101010301","INSTITUCIONES PUBLICAS DESCENTRALIZADAS","1955","INTENDENCIA NACIONAL DE BOMBEROS DEL PERÚ - INBP","21","PUNO","617538","601245.48"
"2025","13","GOBIERNO NACIONAL","0101010301","INSTITUCIONES PUBLICAS DESCENTRALIZADAS","1955","INTENDENCIA NACIONAL DE BOMBEROS DEL PERÚ - INBP","22","SAN MARTIN","953904","932443.35"
"2025","13","GOBIERNO NACIONAL","0101010301","INSTITUCIONES PUBLICAS DESCENTRALIZADAS","1955","INTENDENCIA NACIONAL DE BOMBEROS DEL PERÚ - INBP","23","TACNA","1731029","1698663.91"
"2025","13","GOBIERNO NACIONAL","0101010301","INSTITUCIONES PUBLICAS DESCENTRALIZADAS","1955","INTENDENCIA NACIONAL DE BOMBEROS DEL PERÚ - INBP","24","TUMBES","445484","429562.2"
"2025","13","GOBIERNO NACIONAL","0101010301","INSTITUCIONES PUBLICAS DESCENTRALIZADAS","1955","INTENDENCIA NACIONAL DE BOMBEROS DEL PERÚ - INBP","25","UCAYALI","540718","499109.18"
"2025","13","GOBIERNO NACIONAL","0101010301","INSTITUCIONES PUBLICAS DESCENTRALIZADAS","1959","INSTITUTO DEL MAR DEL PERU","02","ANCASH","1840670","1838909.46"
"2025","13","GOBIERNO NACIONAL","0101010301","INSTITUCIONES PUBLICAS DESCENTRALIZADAS","1959","INSTITUTO DEL MAR DEL PERU","04","AREQUIPA","1699408","1695669.4"
"2025","13","GOBIERNO NACIONAL","0101010301","INSTITUCIONES PUBLICAS DESCENTRALIZADAS","1959","INSTITUTO DEL MAR DEL PERU","07","PROV CONSTIT DEL CALLAO","94332241","93195982.82"
"2025","13","GOBIERNO NACIONAL","0101010301","INSTITUCIONES PUBLICAS DESCENTRALIZADAS","1959","INSTITUTO DEL MAR DEL PERU","11","ICA","1787885","1786265.15"
"2025","13","GOBIERNO NACIONAL","0101010301","INSTITUCIONES PUBLICAS DESCENTRALIZADAS","1959","INSTITUTO DEL MAR DEL PERU","13","LA LIBERTAD","1806834","1806825.82"
"2025","13","GOBIERNO NACIONAL","0101010301","INSTITUCIONES PUBLICAS DESCENTRALIZADAS","1959","INSTITUTO DEL MAR DEL PERU","14","LAMBAYEQUE","1502666","1494508.35"
"2025","13","GOBIERNO NACIONAL","0101010301","INSTITUCIONES PUBLICAS DESCENTRALIZADAS","1959","INSTITUTO DEL MAR DEL PERU","15","LIMA","2435112","2435106.82"
"2025","13","GOBIERNO NACIONAL","0101010301","INSTITUCIONES PUBLICAS DESCENTRALIZADAS","1959","INSTITUTO DEL MAR DEL PERU","18","MOQUEGUA","2508233","2501341.74"
"2025","13","GOBIERNO NACIONAL","0101010301","INSTITUCIONES PUBLICAS DESCENTRALIZADAS","1959","INSTITUTO DEL MAR DEL PERU","20","PIURA","1640132","1639800.44"
"2025","13","GOBIERNO NACIONAL","0101010301","INSTITUCIONES PUBLICAS DESCENTRALIZADAS","1959","INSTITUTO DEL MAR DEL PERU","21","PUNO","1596594","1596585.96"
"2025","13","GOBIERNO NACIONAL","0101010301","INSTITUCIONES PUBLICAS DESCENTRALIZADAS","1959","INSTITUTO DEL MAR DEL PERU","24","TUMBES","2373612","2368014.87"
"2025","13","GOBIERNO NACIONAL","0101010301","INSTITUCIONES PUBLICAS DESCENTRALIZADAS","1959","INSTITUTO DEL MAR DEL PERU","25","UCAYALI","178772","178771.02"
"2025","13","GOBIERNO NACIONAL","0101010301","INSTITUCIONES PUBLICAS DESCENTRALIZADAS","1960","INSTITUTO GEOFISICO DEL PERU","02","ANCASH","1085004","1083273.42"
"2025","13","GOBIERNO NACIONAL","0101010301","INSTITUCIONES PUBLICAS DESCENTRALIZADAS","1960","INSTITUTO GEOFISICO DEL PERU","04","AREQUIPA","1703942","1702239.81"
"2025","13","GOBIERNO NACIONAL","0101010301","INSTITUCIONES PUBLICAS DESCENTRALIZADAS","1960","INSTITUTO GEOFISICO DEL PERU","09","HUANCAVELICA","36860","22256.76"
"2025","13","GOBIERNO NACIONAL","0101010301","INSTITUCIONES PUBLICAS DESCENTRALIZADAS","1960","INSTITUTO GEOFISICO DEL PERU","12","JUNIN","898393","891953.59"
"2025","13","GOBIERNO NACIONAL","0101010301","INSTITUCIONES PUBLICAS DESCENTRALIZADAS","1960","INSTITUTO GEOFISICO DEL PERU","15","LIMA","43418855","42948018.63"
"2025","13","GOBIERNO NACIONAL","0101010301","INSTITUCIONES PUBLICAS DESCENTRALIZADAS","1960","INSTITUTO GEOFISICO DEL PERU","16","LORETO","12753","12753"
"2025","13","GOBIERNO NACIONAL","0101010301","INSTITUCIONES PUBLICAS DESCENTRALIZADAS","1960","INSTITUTO GEOFISICO DEL PERU","20","PIURA","286706","252972.83"
"2025","13","GOBIERNO NACIONAL","0101010301","INSTITUCIONES PUBLICAS DESCENTRALIZADAS","1961","INSTITUTO GEOGRAFICO NACIONAL","15","LIMA","7388919","7086994.35"
"2025","13","GOBIERNO NACIONAL","0101010301","INSTITUCIONES PUBLICAS DESCENTRALIZADAS","1962","INSTITUTO GEOLOGICO, MINERO Y METALURGICO","15","LIMA","76263013","75543595.3"
"2025","13","GOBIERNO NACIONAL","0101010301","INSTITUCIONES PUBLICAS DESCENTRALIZADAS","1963","INSTITUTO NACIONAL DE DEFENSA DE LA COMPETENCIA Y DE LA PROTECCION DE LA PROPIEDAD INTELECTUAL","01","AMAZONAS","222436","221163.51"
"2025","13","GOBIERNO NACIONAL","0101010301","INSTITUCIONES PUBLICAS DESCENTRALIZADAS","1963","INSTITUTO NACIONAL DE DEFENSA DE LA COMPETENCIA Y DE LA PROTECCION DE LA PROPIEDAD INTELECTUAL","02","ANCASH","452933","451351.66"
"2025","13","GOBIERNO NACIONAL","0101010301","INSTITUCIONES PUBLICAS DESCENTRALIZADAS","1963","INSTITUTO NACIONAL DE DEFENSA DE LA COMPETENCIA Y DE LA PROTECCION DE LA PROPIEDAD INTELECTUAL","03","APURIMAC","77128","76994.6"
"2025","13","GOBIERNO NACIONAL","0101010301","INSTITUCIONES PUBLICAS DESCENTRALIZADAS","1963","INSTITUTO NACIONAL DE DEFENSA DE LA COMPETENCIA Y DE LA PROTECCION DE LA PROPIEDAD INTELECTUAL","04","AREQUIPA","272081","272026.86"
"2025","13","GOBIERNO NACIONAL","0101010301","INSTITUCIONES PUBLICAS DESCENTRALIZADAS","1963","INSTITUTO NACIONAL DE DEFENSA DE LA COMPETENCIA Y DE LA PROTECCION DE LA PROPIEDAD INTELECTUAL","05","AYACUCHO","140731","140023.06"
"2025","13","GOBIERNO NACIONAL","0101010301","INSTITUCIONES PUBLICAS DESCENTRALIZADAS","1963","INSTITUTO NACIONAL DE DEFENSA DE LA COMPETENCIA Y DE LA PROTECCION DE LA PROPIEDAD INTELECTUAL","06","CAJAMARCA","169451","168725.52"
"2025","13","GOBIERNO NACIONAL","0101010301","INSTITUCIONES PUBLICAS DESCENTRALIZADAS","1963","INSTITUTO NACIONAL DE DEFENSA DE LA COMPETENCIA Y DE LA PROTECCION DE LA PROPIEDAD INTELECTUAL","08","CUSCO","209892","208457.01"
"2025","13","GOBIERNO NACIONAL","0101010301","INSTITUCIONES PUBLICAS DESCENTRALIZADAS","1963","INSTITUTO NACIONAL DE DEFENSA DE LA COMPETENCIA Y DE LA PROTECCION DE LA PROPIEDAD INTELECTUAL","09","HUANCAVELICA","51101","50654.36"
"2025","13","GOBIERNO NACIONAL","0101010301","INSTITUCIONES PUBLICAS DESCENTRALIZADAS","1963","INSTITUTO NACIONAL DE DEFENSA DE LA COMPETENCIA Y DE LA PROTECCION DE LA PROPIEDAD INTELECTUAL","10","HUANUCO","89238","88831.04"
"2025","13","GOBIERNO NACIONAL","0101010301","INSTITUCIONES PUBLICAS DESCENTRALIZADAS","1963","INSTITUTO NACIONAL DE DEFENSA DE LA COMPETENCIA Y DE LA PROTECCION DE LA PROPIEDAD INTELECTUAL","11","ICA","242400","241544.54"
"2025","13","GOBIERNO NACIONAL","0101010301","INSTITUCIONES PUBLICAS DESCENTRALIZADAS","1963","INSTITUTO NACIONAL DE DEFENSA DE LA COMPETENCIA Y DE LA PROTECCION DE LA PROPIEDAD INTELECTUAL","12","JUNIN","447217","447028.14"
"2025","13","GOBIERNO NACIONAL","0101010301","INSTITUCIONES PUBLICAS DESCENTRALIZADAS","1963","INSTITUTO NACIONAL DE DEFENSA DE LA COMPETENCIA Y DE LA PROTECCION DE LA PROPIEDAD INTELECTUAL","13","LA LIBERTAD","214270","212592.09"
"2025","13","GOBIERNO NACIONAL","0101010301","INSTITUCIONES PUBLICAS DESCENTRALIZADAS","1963","INSTITUTO NACIONAL DE DEFENSA DE LA COMPETENCIA Y DE LA PROTECCION DE LA PROPIEDAD INTELECTUAL","14","LAMBAYEQUE","417390","415819"
"2025","13","GOBIERNO NACIONAL","0101010301","INSTITUCIONES PUBLICAS DESCENTRALIZADAS","1963","INSTITUTO NACIONAL DE DEFENSA DE LA COMPETENCIA Y DE LA PROTECCION DE LA PROPIEDAD INTELECTUAL","15","LIMA","181095632","178607344.13"
"2025","13","GOBIERNO NACIONAL","0101010301","INSTITUCIONES PUBLICAS DESCENTRALIZADAS","1963","INSTITUTO NACIONAL DE DEFENSA DE LA COMPETENCIA Y DE LA PROTECCION DE LA PROPIEDAD INTELECTUAL","16","LORETO","79970","79544.79"
"2025","13","GOBIERNO NACIONAL","0101010301","INSTITUCIONES PUBLICAS DESCENTRALIZADAS","1963","INSTITUTO NACIONAL DE DEFENSA DE LA COMPETENCIA Y DE LA PROTECCION DE LA PROPIEDAD INTELECTUAL","17","MADRE DE DIOS","50876","48243.62"
"2025","13","GOBIERNO NACIONAL","0101010301","INSTITUCIONES PUBLICAS DESCENTRALIZADAS","1963","INSTITUTO NACIONAL DE DEFENSA DE LA COMPETENCIA Y DE LA PROTECCION DE LA PROPIEDAD INTELECTUAL","18","MOQUEGUA","248880","247112.85"
"2025","13","GOBIERNO NACIONAL","0101010301","INSTITUCIONES PUBLICAS DESCENTRALIZADAS","1963","INSTITUTO NACIONAL DE DEFENSA DE LA COMPETENCIA Y DE LA PROTECCION DE LA PROPIEDAD INTELECTUAL","19","PASCO","182476","182453.6"
"2025","13","GOBIERNO NACIONAL","0101010301","INSTITUCIONES PUBLICAS DESCENTRALIZADAS","1963","INSTITUTO NACIONAL DE DEFENSA DE LA COMPETENCIA Y DE LA PROTECCION DE LA PROPIEDAD INTELECTUAL","20","PIURA","859638","858607.53"
"2025","13","GOBIERNO NACIONAL","0101010301","INSTITUCIONES PUBLICAS DESCENTRALIZADAS","1963","INSTITUTO NACIONAL DE DEFENSA DE LA COMPETENCIA Y DE LA PROTECCION DE LA PROPIEDAD INTELECTUAL","21","PUNO","378562","377785.86"
"2025","13","GOBIERNO NACIONAL","0101010301","INSTITUCIONES PUBLICAS DESCENTRALIZADAS","1963","INSTITUTO NACIONAL DE DEFENSA DE LA COMPETENCIA Y DE LA PROTECCION DE LA PROPIEDAD INTELECTUAL","22","SAN MARTIN","140347","139349.97"
"2025","13","GOBIERNO NACIONAL","0101010301","INSTITUCIONES PUBLICAS DESCENTRALIZADAS","1963","INSTITUTO NACIONAL DE DEFENSA DE LA COMPETENCIA Y DE LA PROTECCION DE LA PROPIEDAD INTELECTUAL","23","TACNA","137791","137096.66"
"2025","13","GOBIERNO NACIONAL","0101010301","INSTITUCIONES PUBLICAS DESCENTRALIZADAS","1963","INSTITUTO NACIONAL DE DEFENSA DE LA COMPETENCIA Y DE LA PROTECCION DE LA PROPIEDAD INTELECTUAL","24","TUMBES","54727","54174.75"
"2025","13","GOBIERNO NACIONAL","0101010301","INSTITUCIONES PUBLICAS DESCENTRALIZADAS","1963","INSTITUTO NACIONAL DE DEFENSA DE LA COMPETENCIA Y DE LA PROTECCION DE LA PROPIEDAD INTELECTUAL","25","UCAYALI","56977","56842.2"
"2025","13","GOBIERNO NACIONAL","0101010301","INSTITUCIONES PUBLICAS DESCENTRALIZADAS","1967","INSTITUTO NACIONAL DE DEFENSA CIVIL","01","AMAZONAS","502538","496207.62"
"2025","13","GOBIERNO NACIONAL","0101010301","INSTITUCIONES PUBLICAS DESCENTRALIZADAS","1967","INSTITUTO NACIONAL DE DEFENSA CIVIL","02","ANCASH","716827","706268.09"
"2025","13","GOBIERNO NACIONAL","0101010301","INSTITUCIONES PUBLICAS DESCENTRALIZADAS","1967","INSTITUTO NACIONAL DE DEFENSA CIVIL","03","APURIMAC","687243","674293.2"
"2025","13","GOBIERNO NACIONAL","0101010301","INSTITUCIONES PUBLICAS DESCENTRALIZADAS","1967","INSTITUTO NACIONAL DE DEFENSA CIVIL","04","AREQUIPA","909853","866154.11"
"2025","13","GOBIERNO NACIONAL","0101010301","INSTITUCIONES PUBLICAS DESCENTRALIZADAS","1967","INSTITUTO NACIONAL DE DEFENSA CIVIL","05","AYACUCHO","808634","795831.32"
"2025","13","GOBIERNO NACIONAL","0101010301","INSTITUCIONES PUBLICAS DESCENTRALIZADAS","1967","INSTITUTO NACIONAL DE DEFENSA CIVIL","06","CAJAMARCA","751626","745277.07"
"2025","13","GOBIERNO NACIONAL","0101010301","INSTITUCIONES PUBLICAS DESCENTRALIZADAS","1967","INSTITUTO NACIONAL DE DEFENSA CIVIL","08","CUSCO","693920","675939.34"
"2025","13","GOBIERNO NACIONAL","0101010301","INSTITUCIONES PUBLICAS DESCENTRALIZADAS","1967","INSTITUTO NACIONAL DE DEFENSA CIVIL","09","HUANCAVELICA","606885","600793.96"
"2025","13","GOBIERNO NACIONAL","0101010301","INSTITUCIONES PUBLICAS DESCENTRALIZADAS","1967","INSTITUTO NACIONAL DE DEFENSA CIVIL","10","HUANUCO","727684","697236.74"
"2025","13","GOBIERNO NACIONAL","0101010301","INSTITUCIONES PUBLICAS DESCENTRALIZADAS","1967","INSTITUTO NACIONAL DE DEFENSA CIVIL","11","ICA","549324","527926.3"
"2025","13","GOBIERNO NACIONAL","0101010301","INSTITUCIONES PUBLICAS DESCENTRALIZADAS","1967","INSTITUTO NACIONAL DE DEFENSA CIVIL","12","JUNIN","682894","659517.02"
"2025","13","GOBIERNO NACIONAL","0101010301","INSTITUCIONES PUBLICAS DESCENTRALIZADAS","1967","INSTITUTO NACIONAL DE DEFENSA CIVIL","13","LA LIBERTAD","501026","495815.69"
"2025","13","GOBIERNO NACIONAL","0101010301","INSTITUCIONES PUBLICAS DESCENTRALIZADAS","1967","INSTITUTO NACIONAL DE DEFENSA CIVIL","14","LAMBAYEQUE","564576","551342.54"
"2025","13","GOBIERNO NACIONAL","0101010301","INSTITUCIONES PUBLICAS DESCENTRALIZADAS","1967","INSTITUTO NACIONAL DE DEFENSA CIVIL","15","LIMA","85688003","84000380.91"
"2025","13","GOBIERNO NACIONAL","0101010301","INSTITUCIONES PUBLICAS DESCENTRALIZADAS","1967","INSTITUTO NACIONAL DE DEFENSA CIVIL","16","LORETO","591953","575110.2"
"2025","13","GOBIERNO NACIONAL","0101010301","INSTITUCIONES PUBLICAS DESCENTRALIZADAS","1967","INSTITUTO NACIONAL DE DEFENSA CIVIL","17","MADRE DE DIOS","607071","604656.11"
"2025","13","GOBIERNO NACIONAL","0101010301","INSTITUCIONES PUBLICAS DESCENTRALIZADAS","1967","INSTITUTO NACIONAL DE DEFENSA CIVIL","18","MOQUEGUA","676595","671893.78"
"2025","13","GOBIERNO NACIONAL","0101010301","INSTITUCIONES PUBLICAS DESCENTRALIZADAS","1967","INSTITUTO NACIONAL DE DEFENSA CIVIL","19","PASCO","707058","700986.78"
"2025","13","GOBIERNO NACIONAL","0101010301","INSTITUCIONES PUBLICAS DESCENTRALIZADAS","1967","INSTITUTO NACIONAL DE DEFENSA CIVIL","20","PIURA","733923","713960.86"
"2025","13","GOBIERNO NACIONAL","0101010301","INSTITUCIONES PUBLICAS DESCENTRALIZADAS","1967","INSTITUTO NACIONAL DE DEFENSA CIVIL","21","PUNO","705167","669037.23"
"2025","13","GOBIERNO NACIONAL","0101010301","INSTITUCIONES PUBLICAS DESCENTRALIZADAS","1967","INSTITUTO NACIONAL DE DEFENSA CIVIL","22","SAN MARTIN","506111","499794.26"
"2025","13","GOBIERNO NACIONAL","0101010301","INSTITUCIONES PUBLICAS DESCENTRALIZADAS","1967","INSTITUTO NACIONAL DE DEFENSA CIVIL","23","TACNA","450057","446429.08"
"2025","13","GOBIERNO NACIONAL","0101010301","INSTITUCIONES PUBLICAS DESCENTRALIZADAS","1967","INSTITUTO NACIONAL DE DEFENSA CIVIL","24","TUMBES","578934","576258.94"
"2025","13","GOBIERNO NACIONAL","0101010301","INSTITUCIONES PUBLICAS DESCENTRALIZADAS","1967","INSTITUTO NACIONAL DE DEFENSA CIVIL","25","UCAYALI","587801","587794.72"
"2025","13","GOBIERNO NACIONAL","0101010301","INSTITUCIONES PUBLICAS DESCENTRALIZADAS","1970","INSTITUTO NACIONAL DE ESTADISTICA E INFORMATICA","01","AMAZONAS","881763","796079.52"
"2025","13","GOBIERNO NACIONAL","0101010301","INSTITUCIONES PUBLICAS DESCENTRALIZADAS","1970","INSTITUTO NACIONAL DE ESTADISTICA E INFORMATICA","02","ANCASH","1436458","1338341"
"2025","13","GOBIERNO NACIONAL","0101010301","INSTITUCIONES PUBLICAS DESCENTRALIZADAS","1970","INSTITUTO NACIONAL DE ESTADISTICA E INFORMATICA","03","APURIMAC","691655","671334.26"
"2025","13","GOBIERNO NACIONAL","0101010301","INSTITUCIONES PUBLICAS DESCENTRALIZADAS","1970","INSTITUTO NACIONAL DE ESTADISTICA E INFORMATICA","04","AREQUIPA","1107886","947467.34"
"2025","13","GOBIERNO NACIONAL","0101010301","INSTITUCIONES PUBLICAS DESCENTRALIZADAS","1970","INSTITUTO NACIONAL DE ESTADISTICA E INFORMATICA","05","AYACUCHO","522325","516590.26"
"2025","13","GOBIERNO NACIONAL","0101010301","INSTITUCIONES PUBLICAS DESCENTRALIZADAS","1970","INSTITUTO NACIONAL DE ESTADISTICA E INFORMATICA","06","CAJAMARCA","710965","664639.19"
"2025","13","GOBIERNO NACIONAL","0101010301","INSTITUCIONES PUBLICAS DESCENTRALIZADAS","1970","INSTITUTO NACIONAL DE ESTADISTICA E INFORMATICA","08","CUSCO","871601","797958.45"
"2025","13","GOBIERNO NACIONAL","0101010301","INSTITUCIONES PUBLICAS DESCENTRALIZADAS","1970","INSTITUTO NACIONAL DE ESTADISTICA E INFORMATICA","09","HUANCAVELICA","566329","543067.39"
"2025","13","GOBIERNO NACIONAL","0101010301","INSTITUCIONES PUBLICAS DESCENTRALIZADAS","1970","INSTITUTO NACIONAL DE ESTADISTICA E INFORMATICA","10","HUANUCO","569019","531193.88"
"2025","13","GOBIERNO NACIONAL","0101010301","INSTITUCIONES PUBLICAS DESCENTRALIZADAS","1970","INSTITUTO NACIONAL DE ESTADISTICA E INFORMATICA","11","ICA","1077733","1023920.86"
"2025","13","GOBIERNO NACIONAL","0101010301","INSTITUCIONES PUBLICAS DESCENTRALIZADAS","1970","INSTITUTO NACIONAL DE ESTADISTICA E INFORMATICA","12","JUNIN","879478","839895.35"
"2025","13","GOBIERNO NACIONAL","0101010301","INSTITUCIONES PUBLICAS DESCENTRALIZADAS","1970","INSTITUTO NACIONAL DE ESTADISTICA E INFORMATICA","13","LA LIBERTAD","1103468","1053886.65"
"2025","13","GOBIERNO NACIONAL","0101010301","INSTITUCIONES PUBLICAS DESCENTRALIZADAS","1970","INSTITUTO NACIONAL DE ESTADISTICA E INFORMATICA","14","LAMBAYEQUE","929934","898666.49"
"2025","13","GOBIERNO NACIONAL","0101010301","INSTITUCIONES PUBLICAS DESCENTRALIZADAS","1970","INSTITUTO NACIONAL DE ESTADISTICA E INFORMATICA","15","LIMA","901710152","843909868.92"
"2025","13","GOBIERNO NACIONAL","0101010301","INSTITUCIONES PUBLICAS DESCENTRALIZADAS","1970","INSTITUTO NACIONAL DE ESTADISTICA E INFORMATICA","16","LORETO","709478","675255.61"
"2025","13","GOBIERNO NACIONAL","0101010301","INSTITUCIONES PUBLICAS DESCENTRALIZADAS","1970","INSTITUTO NACIONAL DE ESTADISTICA E INFORMATICA","17","MADRE DE DIOS","641429","558391.77"
"2025","13","GOBIERNO NACIONAL","0101010301","INSTITUCIONES PUBLICAS DESCENTRALIZADAS","1970","INSTITUTO NACIONAL DE ESTADISTICA E INFORMATICA","18","MOQUEGUA","523060","479490.46"
"2025","13","GOBIERNO NACIONAL","0101010301","INSTITUCIONES PUBLICAS DESCENTRALIZADAS","1970","INSTITUTO NACIONAL DE ESTADISTICA E INFORMATICA","19","PASCO","437057","433366.34"
"2025","13","GOBIERNO NACIONAL","0101010301","INSTITUCIONES PUBLICAS DESCENTRALIZADAS","1970","INSTITUTO NACIONAL DE ESTADISTICA E INFORMATICA","20","PIURA","1091514","1066082.77"
"2025","13","GOBIERNO NACIONAL","0101010301","INSTITUCIONES PUBLICAS DESCENTRALIZADAS","1970","INSTITUTO NACIONAL DE ESTADISTICA E INFORMATICA","21","PUNO","740124","727993.7"
"2025","13","GOBIERNO NACIONAL","0101010301","INSTITUCIONES PUBLICAS DESCENTRALIZADAS","1970","INSTITUTO NACIONAL DE ESTADISTICA E INFORMATICA","22","SAN MARTIN","1084154","1024611.79"
"2025","13","GOBIERNO NACIONAL","0101010301","INSTITUCIONES PUBLICAS DESCENTRALIZADAS","1970","INSTITUTO NACIONAL DE ESTADISTICA E INFORMATICA","23","TACNA","753316","660866.1"
"2025","13","GOBIERNO NACIONAL","0101010301","INSTITUCIONES PUBLICAS DESCENTRALIZADAS","1970","INSTITUTO NACIONAL DE ESTADISTICA E INFORMATICA","24","TUMBES","590806","581484.63"
"2025","13","GOBIERNO NACIONAL","0101010301","INSTITUCIONES PUBLICAS DESCENTRALIZADAS","1970","INSTITUTO NACIONAL DE ESTADISTICA E INFORMATICA","25","UCAYALI","503144","451226.2"
"2025","13","GOBIERNO NACIONAL","0101010301","INSTITUCIONES PUBLICAS DESCENTRALIZADAS","1972","INSTITUTO NACIONAL DE INNOVACIÓN AGRARIA","01","AMAZONAS","1633248","1626808.43"
"2025","13","GOBIERNO NACIONAL","0101010301","INSTITUCIONES PUBLICAS DESCENTRALIZADAS","1972","INSTITUTO NACIONAL DE INNOVACIÓN AGRARIA","02","ANCASH","158670","156426.3"
"2025","13","GOBIERNO NACIONAL","0101010301","INSTITUCIONES PUBLICAS DESCENTRALIZADAS","1972","INSTITUTO NACIONAL DE INNOVACIÓN AGRARIA","03","APURIMAC","4027874","4025439.44"
"2025","13","GOBIERNO NACIONAL","0101010301","INSTITUCIONES PUBLICAS DESCENTRALIZADAS","1972","INSTITUTO NACIONAL DE INNOVACIÓN AGRARIA","04","AREQUIPA","7157798","7020596.3"
"2025","13","GOBIERNO NACIONAL","0101010301","INSTITUCIONES PUBLICAS DESCENTRALIZADAS","1972","INSTITUTO NACIONAL DE INNOVACIÓN AGRARIA","05","AYACUCHO","7998006","7903261.87"
"2025","13","GOBIERNO NACIONAL","0101010301","INSTITUCIONES PUBLICAS DESCENTRALIZADAS","1972","INSTITUTO NACIONAL DE INNOVACIÓN AGRARIA","06","CAJAMARCA","17187815","16793950.1"
"2025","13","GOBIERNO NACIONAL","0101010301","INSTITUCIONES PUBLICAS DESCENTRALIZADAS","1972","INSTITUTO NACIONAL DE INNOVACIÓN AGRARIA","08","CUSCO","8623404","8497427.36"
"2025","13","GOBIERNO NACIONAL","0101010301","INSTITUCIONES PUBLICAS DESCENTRALIZADAS","1972","INSTITUTO NACIONAL DE INNOVACIÓN AGRARIA","09","HUANCAVELICA","316781","316244.72"
"2025","13","GOBIERNO NACIONAL","0101010301","INSTITUCIONES PUBLICAS DESCENTRALIZADAS","1972","INSTITUTO NACIONAL DE INNOVACIÓN AGRARIA","10","HUANUCO","556289","546656.44"
"2025","13","GOBIERNO NACIONAL","0101010301","INSTITUCIONES PUBLICAS DESCENTRALIZADAS","1972","INSTITUTO NACIONAL DE INNOVACIÓN AGRARIA","11","ICA","7168818","7050599.51"
"2025","13","GOBIERNO NACIONAL","0101010301","INSTITUCIONES PUBLICAS DESCENTRALIZADAS","1972","INSTITUTO NACIONAL DE INNOVACIÓN AGRARIA","12","JUNIN","13358818","13231522.47"
"2025","13","GOBIERNO NACIONAL","0101010301","INSTITUCIONES PUBLICAS DESCENTRALIZADAS","1972","INSTITUTO NACIONAL DE INNOVACIÓN AGRARIA","13","LA LIBERTAD","1088454","1075139.92"
"2025","13","GOBIERNO NACIONAL","0101010301","INSTITUCIONES PUBLICAS DESCENTRALIZADAS","1972","INSTITUTO NACIONAL DE INNOVACIÓN AGRARIA","14","LAMBAYEQUE","8191305","8138942.89"
"2025","13","GOBIERNO NACIONAL","0101010301","INSTITUCIONES PUBLICAS DESCENTRALIZADAS","1972","INSTITUTO NACIONAL DE INNOVACIÓN AGRARIA","15","LIMA","120204172","118443909.24"
"2025","13","GOBIERNO NACIONAL","0101010301","INSTITUCIONES PUBLICAS DESCENTRALIZADAS","1972","INSTITUTO NACIONAL DE INNOVACIÓN AGRARIA","16","LORETO","3578425","3566377.31"
"2025","13","GOBIERNO NACIONAL","0101010301","INSTITUCIONES PUBLICAS DESCENTRALIZADAS","1972","INSTITUTO NACIONAL DE INNOVACIÓN AGRARIA","17","MADRE DE DIOS","814308","719410"
"2025","13","GOBIERNO NACIONAL","0101010301","INSTITUCIONES PUBLICAS DESCENTRALIZADAS","1972","INSTITUTO NACIONAL DE INNOVACIÓN AGRARIA","18","MOQUEGUA","2395005","2268652.57"
"2025","13","GOBIERNO NACIONAL","0101010301","INSTITUCIONES PUBLICAS DESCENTRALIZADAS","1972","INSTITUTO NACIONAL DE INNOVACIÓN AGRARIA","19","PASCO","2443975","2428873.04"
"2025","13","GOBIERNO NACIONAL","0101010301","INSTITUCIONES PUBLICAS DESCENTRALIZADAS","1972","INSTITUTO NACIONAL DE INNOVACIÓN AGRARIA","20","PIURA","12996824","12960957.74"
"2025","13","GOBIERNO NACIONAL","0101010301","INSTITUCIONES PUBLICAS DESCENTRALIZADAS","1972","INSTITUTO NACIONAL DE INNOVACIÓN AGRARIA","21","PUNO","11326823","11072712.72"
"2025","13","GOBIERNO NACIONAL","0101010301","INSTITUCIONES PUBLICAS DESCENTRALIZADAS","1972","INSTITUTO NACIONAL DE INNOVACIÓN AGRARIA","22","SAN MARTIN","7148346","7130678.39"
"2025","13","GOBIERNO NACIONAL","0101010301","INSTITUCIONES PUBLICAS DESCENTRALIZADAS","1972","INSTITUTO NACIONAL DE INNOVACIÓN AGRARIA","23","TACNA","1119133","1115638.23"
"2025","13","GOBIERNO NACIONAL","0101010301","INSTITUCIONES PUBLICAS DESCENTRALIZADAS","1972","INSTITUTO NACIONAL DE INNOVACIÓN AGRARIA","24","TUMBES","1446745","1438991.48"
"2025","13","GOBIERNO NACIONAL","0101010301","INSTITUCIONES PUBLICAS DESCENTRALIZADAS","1972","INSTITUTO NACIONAL DE INNOVACIÓN AGRARIA","25","UCAYALI","6976609","6824396.13"
"2025","13","GOBIERNO NACIONAL","0101010301","INSTITUCIONES PUBLICAS DESCENTRALIZADAS","1977","INSTITUTO NACIONAL DE RADIO, TELEVISION DEL PERU","04","AREQUIPA","207383","143016.53"
"2025","13","GOBIERNO NACIONAL","0101010301","INSTITUCIONES PUBLICAS DESCENTRALIZADAS","1977","INSTITUTO NACIONAL DE RADIO, TELEVISION DEL PERU","12","JUNIN","137699","102013.08"
"2025","13","GOBIERNO NACIONAL","0101010301","INSTITUCIONES PUBLICAS DESCENTRALIZADAS","1977","INSTITUTO NACIONAL DE RADIO, TELEVISION DEL PERU","15","LIMA","109819087","106537259.3"
"2025","13","GOBIERNO NACIONAL","0101010301","INSTITUCIONES PUBLICAS DESCENTRALIZADAS","1977","INSTITUTO NACIONAL DE RADIO, TELEVISION DEL PERU","16","LORETO","106730","85338.83"
"2025","13","GOBIERNO NACIONAL","0101010301","INSTITUCIONES PUBLICAS DESCENTRALIZADAS","1977","INSTITUTO NACIONAL DE RADIO, TELEVISION DEL PERU","20","PIURA","166433","126060.17"
"2025","13","GOBIERNO NACIONAL","0101010301","INSTITUCIONES PUBLICAS DESCENTRALIZADAS","1977","INSTITUTO NACIONAL DE RADIO, TELEVISION DEL PERU","25","UCAYALI","494305","479300"
"2025","13","GOBIERNO NACIONAL","0101010301","INSTITUCIONES PUBLICAS DESCENTRALIZADAS","1979","INSTITUTO NACIONAL DE SALUD","03","APURIMAC","53106","51595.88"
"2025","13","GOBIERNO NACIONAL","0101010301","INSTITUCIONES PUBLICAS DESCENTRALIZADAS","1979","INSTITUTO NACIONAL DE SALUD","10","HUANUCO","62977","0"
"2025","13","GOBIERNO NACIONAL","0101010301","INSTITUCIONES PUBLICAS DESCENTRALIZADAS","1979","INSTITUTO NACIONAL DE SALUD","13","LA LIBERTAD","150309","133515.05"
"2025","13","GOBIERNO NACIONAL","0101010301","INSTITUCIONES PUBLICAS DESCENTRALIZADAS","1979","INSTITUTO NACIONAL DE SALUD","15","LIMA","200042457","181535925.41"
"2025","13","GOBIERNO NACIONAL","0101010301","INSTITUCIONES PUBLICAS DESCENTRALIZADAS","1979","INSTITUTO NACIONAL DE SALUD","16","LORETO","557770","496410.88"
"2025","13","GOBIERNO NACIONAL","0101010301","INSTITUCIONES PUBLICAS DESCENTRALIZADAS","1980","INSTITUTO NACIONAL PENITENCIARIO","01","AMAZONAS","4646574","4391250.31"
"2025","13","GOBIERNO NACIONAL","0101010301","INSTITUCIONES PUBLICAS DESCENTRALIZADAS","1980","INSTITUTO NACIONAL PENITENCIARIO","02","ANCASH","15676183","15605403.73"
"2025","13","GOBIERNO NACIONAL","0101010301","INSTITUCIONES PUBLICAS DESCENTRALIZADAS","1980","INSTITUTO NACIONAL PENITENCIARIO","03","APURIMAC","47933349","42735884.31"
"2025","13","GOBIERNO NACIONAL","0101010301","INSTITUCIONES PUBLICAS DESCENTRALIZADAS","1980","INSTITUTO NACIONAL PENITENCIARIO","04","AREQUIPA","27835555","15957302.93"
"2025","13","GOBIERNO NACIONAL","0101010301","INSTITUCIONES PUBLICAS DESCENTRALIZADAS","1980","INSTITUTO NACIONAL PENITENCIARIO","05","AYACUCHO","8827099","8819851.3"
"2025","13","GOBIERNO NACIONAL","0101010301","INSTITUCIONES PUBLICAS DESCENTRALIZADAS","1980","INSTITUTO NACIONAL PENITENCIARIO","06","CAJAMARCA","8282865","8205558.88"
"2025","13","GOBIERNO NACIONAL","0101010301","INSTITUCIONES PUBLICAS DESCENTRALIZADAS","1980","INSTITUTO NACIONAL PENITENCIARIO","07","PROV CONSTIT DEL CALLAO","15297544","15134096.01"
"2025","13","GOBIERNO NACIONAL","0101010301","INSTITUCIONES PUBLICAS DESCENTRALIZADAS","1980","INSTITUTO NACIONAL PENITENCIARIO","08","CUSCO","19887815","19681156.62"
"2025","13","GOBIERNO NACIONAL","0101010301","INSTITUCIONES PUBLICAS DESCENTRALIZADAS","1980","INSTITUTO NACIONAL PENITENCIARIO","09","HUANCAVELICA","1430312","1428531.73"
"2025","13","GOBIERNO NACIONAL","0101010301","INSTITUCIONES PUBLICAS DESCENTRALIZADAS","1980","INSTITUTO NACIONAL PENITENCIARIO","10","HUANUCO","13573249","13348519.79"
"2025","13","GOBIERNO NACIONAL","0101010301","INSTITUCIONES PUBLICAS DESCENTRALIZADAS","1980","INSTITUTO NACIONAL PENITENCIARIO","11","ICA","29225702","29106286.53"
"2025","13","GOBIERNO NACIONAL","0101010301","INSTITUCIONES PUBLICAS DESCENTRALIZADAS","1980","INSTITUTO NACIONAL PENITENCIARIO","12","JUNIN","19913333","19836628.78"
"2025","13","GOBIERNO NACIONAL","0101010301","INSTITUCIONES PUBLICAS DESCENTRALIZADAS","1980","INSTITUTO NACIONAL PENITENCIARIO","13","LA LIBERTAD","24172404","22938712.85"
"2025","13","GOBIERNO NACIONAL","0101010301","INSTITUCIONES PUBLICAS DESCENTRALIZADAS","1980","INSTITUTO NACIONAL PENITENCIARIO","14","LAMBAYEQUE","17673866","17315268.54"
"2025","13","GOBIERNO NACIONAL","0101010301","INSTITUCIONES PUBLICAS DESCENTRALIZADAS","1980","INSTITUTO NACIONAL PENITENCIARIO","15","LIMA","689147895","679816964.51"
"2025","13","GOBIERNO NACIONAL","0101010301","INSTITUCIONES PUBLICAS DESCENTRALIZADAS","1980","INSTITUTO NACIONAL PENITENCIARIO","16","LORETO","25502634","16714846.99"
"2025","13","GOBIERNO NACIONAL","0101010301","INSTITUCIONES PUBLICAS DESCENTRALIZADAS","1980","INSTITUTO NACIONAL PENITENCIARIO","17","MADRE DE DIOS","6314307","6257518.17"
"2025","13","GOBIERNO NACIONAL","0101010301","INSTITUCIONES PUBLICAS DESCENTRALIZADAS","1980","INSTITUTO NACIONAL PENITENCIARIO","18","MOQUEGUA","1329035","1329023.36"
"2025","13","GOBIERNO NACIONAL","0101010301","INSTITUCIONES PUBLICAS DESCENTRALIZADAS","1980","INSTITUTO NACIONAL PENITENCIARIO","19","PASCO","6552426","6377467.68"
"2025","13","GOBIERNO NACIONAL","0101010301","INSTITUCIONES PUBLICAS DESCENTRALIZADAS","1980","INSTITUTO NACIONAL PENITENCIARIO","20","PIURA","13722250","13376967.79"
"2025","13","GOBIERNO NACIONAL","0101010301","INSTITUCIONES PUBLICAS DESCENTRALIZADAS","1980","INSTITUTO NACIONAL PENITENCIARIO","21","PUNO","15814815","15692163.98"
"2025","13","GOBIERNO NACIONAL","0101010301","INSTITUCIONES PUBLICAS DESCENTRALIZADAS","1980","INSTITUTO NACIONAL PENITENCIARIO","22","SAN MARTIN","14840898","14750438.89"
"2025","13","GOBIERNO NACIONAL","0101010301","INSTITUCIONES PUBLICAS DESCENTRALIZADAS","1980","INSTITUTO NACIONAL PENITENCIARIO","23","TACNA","10296016","10226216.69"
"2025","13","GOBIERNO NACIONAL","0101010301","INSTITUCIONES PUBLICAS DESCENTRALIZADAS","1980","INSTITUTO NACIONAL PENITENCIARIO","24","TUMBES","4117689","4091488.61"
"2025","13","GOBIERNO NACIONAL","0101010301","INSTITUCIONES PUBLICAS DESCENTRALIZADAS","1980","INSTITUTO NACIONAL PENITENCIARIO","25","UCAYALI","45727981","44753754.8"
"2025","13","GOBIERNO NACIONAL","0101010301","INSTITUCIONES PUBLICAS DESCENTRALIZADAS","1981","INSTITUTO PERUANO DE ENERGIA NUCLEAR","15","LIMA","60278251","58191570.75"
"2025","13","GOBIERNO NACIONAL","0101010301","INSTITUCIONES PUBLICAS DESCENTRALIZADAS","1981","INSTITUTO PERUANO DE ENERGIA NUCLEAR","20","PIURA","163500","0"
"2025","13","GOBIERNO NACIONAL","0101010301","INSTITUCIONES PUBLICAS DESCENTRALIZADAS","1982","INSTITUTO PERUANO DEL DEPORTE","01","AMAZONAS","239032","222827.76"
"2025","13","GOBIERNO NACIONAL","0101010301","INSTITUCIONES PUBLICAS DESCENTRALIZADAS","1982","INSTITUTO PERUANO DEL DEPORTE","02","ANCASH","404717","337285.4"
"2025","13","GOBIERNO NACIONAL","0101010301","INSTITUCIONES PUBLICAS DESCENTRALIZADAS","1982","INSTITUTO PERUANO DEL DEPORTE","03","APURIMAC","119473","63256.74"
"2025","13","GOBIERNO NACIONAL","0101010301","INSTITUCIONES PUBLICAS DESCENTRALIZADAS","1982","INSTITUTO PERUANO DEL DEPORTE","04","AREQUIPA","3845988","886727.18"
"2025","13","GOBIERNO NACIONAL","0101010301","INSTITUCIONES PUBLICAS DESCENTRALIZADAS","1982","INSTITUTO PERUANO DEL DEPORTE","05","AYACUCHO","304713146","199714614.43"
"2025","13","GOBIERNO NACIONAL","0101010301","INSTITUCIONES PUBLICAS DESCENTRALIZADAS","1982","INSTITUTO PERUANO DEL DEPORTE","06","CAJAMARCA","368261","329326.32"
"2025","13","GOBIERNO NACIONAL","0101010301","INSTITUCIONES PUBLICAS DESCENTRALIZADAS","1982","INSTITUTO PERUANO DEL DEPORTE","07","PROV CONSTIT DEL CALLAO","46332","0"
"2025","13","GOBIERNO NACIONAL","0101010301","INSTITUCIONES PUBLICAS DESCENTRALIZADAS","1982","INSTITUTO PERUANO DEL DEPORTE","08","CUSCO","975742","819119.8"
"2025","13","GOBIERNO NACIONAL","0101010301","INSTITUCIONES PUBLICAS DESCENTRALIZADAS","1982","INSTITUTO PERUANO DEL DEPORTE","09","HUANCAVELICA","987660","561337.18"
"2025","13","GOBIERNO NACIONAL","0101010301","INSTITUCIONES PUBLICAS DESCENTRALIZADAS","1982","INSTITUTO PERUANO DEL DEPORTE","10","HUANUCO","307594","225468.72"
"2025","13","GOBIERNO NACIONAL","0101010301","INSTITUCIONES PUBLICAS DESCENTRALIZADAS","1982","INSTITUTO PERUANO DEL DEPORTE","11","ICA","1132177","819453.47"
"2025","13","GOBIERNO NACIONAL","0101010301","INSTITUCIONES PUBLICAS DESCENTRALIZADAS","1982","INSTITUTO PERUANO DEL DEPORTE","12","JUNIN","1013775","918890.57"
"2025","13","GOBIERNO NACIONAL","0101010301","INSTITUCIONES PUBLICAS DESCENTRALIZADAS","1982","INSTITUTO PERUANO DEL DEPORTE","13","LA LIBERTAD","1442812","1178341.62"
"2025","13","GOBIERNO NACIONAL","0101010301","INSTITUCIONES PUBLICAS DESCENTRALIZADAS","1982","INSTITUTO PERUANO DEL DEPORTE","14","LAMBAYEQUE","747810","703058.58"
"2025","13","GOBIERNO NACIONAL","0101010301","INSTITUCIONES PUBLICAS DESCENTRALIZADAS","1982","INSTITUTO PERUANO DEL DEPORTE","15","LIMA","467427480","392572705.88"
"2025","13","GOBIERNO NACIONAL","0101010301","INSTITUCIONES PUBLICAS DESCENTRALIZADAS","1982","INSTITUTO PERUANO DEL DEPORTE","16","LORETO","776633","702926.91"
"2025","13","GOBIERNO NACIONAL","0101010301","INSTITUCIONES PUBLICAS DESCENTRALIZADAS","1982","INSTITUTO PERUANO DEL DEPORTE","17","MADRE DE DIOS","290336","258101.09"
"2025","13","GOBIERNO NACIONAL","0101010301","INSTITUCIONES PUBLICAS DESCENTRALIZADAS","1982","INSTITUTO PERUANO DEL DEPORTE","18","MOQUEGUA","939562","853626.26"
"2025","13","GOBIERNO NACIONAL","0101010301","INSTITUCIONES PUBLICAS DESCENTRALIZADAS","1982","INSTITUTO PERUANO DEL DEPORTE","19","PASCO","347942","320521.75"
"2025","13","GOBIERNO NACIONAL","0101010301","INSTITUCIONES PUBLICAS DESCENTRALIZADAS","1982","INSTITUTO PERUANO DEL DEPORTE","20","PIURA","1203166","495388.19"
"2025","13","GOBIERNO NACIONAL","0101010301","INSTITUCIONES PUBLICAS DESCENTRALIZADAS","1982","INSTITUTO PERUANO DEL DEPORTE","21","PUNO","489471","439990.62"
"2025","13","GOBIERNO NACIONAL","0101010301","INSTITUCIONES PUBLICAS DESCENTRALIZADAS","1982","INSTITUTO PERUANO DEL DEPORTE","22","SAN MARTIN","450607","393311.02"
"2025","13","GOBIERNO NACIONAL","0101010301","INSTITUCIONES PUBLICAS DESCENTRALIZADAS","1982","INSTITUTO PERUANO DEL DEPORTE","23","TACNA","975692","912677.3"
"2025","13","GOBIERNO NACIONAL","0101010301","INSTITUCIONES PUBLICAS DESCENTRALIZADAS","1982","INSTITUTO PERUANO DEL DEPORTE","24","TUMBES","414571","383946.22"
"2025","13","GOBIERNO NACIONAL","0101010301","INSTITUCIONES PUBLICAS DESCENTRALIZADAS","1982","INSTITUTO PERUANO DEL DEPORTE","25","UCAYALI","268446","211487.82"
"2025","13","GOBIERNO NACIONAL","0101010301","INSTITUCIONES PUBLICAS DESCENTRALIZADAS","1983","INSTITUTO TECNOLOGICO DE LA PRODUCCION","04","AREQUIPA","4430959","4100996.62"
"2025","13","GOBIERNO NACIONAL","0101010301","INSTITUCIONES PUBLICAS DESCENTRALIZADAS","1983","INSTITUTO TECNOLOGICO DE LA PRODUCCION","05","AYACUCHO","23599","23598.33"
"2025","13","GOBIERNO NACIONAL","0101010301","INSTITUCIONES PUBLICAS DESCENTRALIZADAS","1983","INSTITUTO TECNOLOGICO DE LA PRODUCCION","06","CAJAMARCA","520959","520874.9"
"2025","13","GOBIERNO NACIONAL","0101010301","INSTITUCIONES PUBLICAS DESCENTRALIZADAS","1983","INSTITUTO TECNOLOGICO DE LA PRODUCCION","07","PROV CONSTIT DEL CALLAO","28703520","28065277.82"
"2025","13","GOBIERNO NACIONAL","0101010301","INSTITUCIONES PUBLICAS DESCENTRALIZADAS","1983","INSTITUTO TECNOLOGICO DE LA PRODUCCION","08","CUSCO","3303680","3223698.19"
"2025","13","GOBIERNO NACIONAL","0101010301","INSTITUCIONES PUBLICAS DESCENTRALIZADAS","1983","INSTITUTO TECNOLOGICO DE LA PRODUCCION","09","HUANCAVELICA","1306395","1279539.85"
"2025","13","GOBIERNO NACIONAL","0101010301","INSTITUCIONES PUBLICAS DESCENTRALIZADAS","1983","INSTITUTO TECNOLOGICO DE LA PRODUCCION","10","HUANUCO","3034165","2757962.65"
"2025","13","GOBIERNO NACIONAL","0101010301","INSTITUCIONES PUBLICAS DESCENTRALIZADAS","1983","INSTITUTO TECNOLOGICO DE LA PRODUCCION","11","ICA","5795396","5478263.15"
"2025","13","GOBIERNO NACIONAL","0101010301","INSTITUCIONES PUBLICAS DESCENTRALIZADAS","1983","INSTITUTO TECNOLOGICO DE LA PRODUCCION","12","JUNIN","1450935","599130.31"
"2025","13","GOBIERNO NACIONAL","0101010301","INSTITUCIONES PUBLICAS DESCENTRALIZADAS","1983","INSTITUTO TECNOLOGICO DE LA PRODUCCION","13","LA LIBERTAD","16803056","15239877.75"
"2025","13","GOBIERNO NACIONAL","0101010301","INSTITUCIONES PUBLICAS DESCENTRALIZADAS","1983","INSTITUTO TECNOLOGICO DE LA PRODUCCION","14","LAMBAYEQUE","50400","50400"
"2025","13","GOBIERNO NACIONAL","0101010301","INSTITUCIONES PUBLICAS DESCENTRALIZADAS","1983","INSTITUTO TECNOLOGICO DE LA PRODUCCION","15","LIMA","47556905","43256188.78"
"2025","13","GOBIERNO NACIONAL","0101010301","INSTITUCIONES PUBLICAS DESCENTRALIZADAS","1983","INSTITUTO TECNOLOGICO DE LA PRODUCCION","16","LORETO","6342192","5146099.54"
"2025","13","GOBIERNO NACIONAL","0101010301","INSTITUCIONES PUBLICAS DESCENTRALIZADAS","1983","INSTITUTO TECNOLOGICO DE LA PRODUCCION","17","MADRE DE DIOS","1911824","1902989.4"
"2025","13","GOBIERNO NACIONAL","0101010301","INSTITUCIONES PUBLICAS DESCENTRALIZADAS","1983","INSTITUTO TECNOLOGICO DE LA PRODUCCION","18","MOQUEGUA","3897828","3746382.04"
"2025","13","GOBIERNO NACIONAL","0101010301","INSTITUCIONES PUBLICAS DESCENTRALIZADAS","1983","INSTITUTO TECNOLOGICO DE LA PRODUCCION","19","PASCO","2903759","2489122.87"
"2025","13","GOBIERNO NACIONAL","0101010301","INSTITUCIONES PUBLICAS DESCENTRALIZADAS","1983","INSTITUTO TECNOLOGICO DE LA PRODUCCION","20","PIURA","1220130","1211230.39"
"2025","13","GOBIERNO NACIONAL","0101010301","INSTITUCIONES PUBLICAS DESCENTRALIZADAS","1983","INSTITUTO TECNOLOGICO DE LA PRODUCCION","21","PUNO","1950982","1948767.11"
"2025","13","GOBIERNO NACIONAL","0101010301","INSTITUCIONES PUBLICAS DESCENTRALIZADAS","1983","INSTITUTO TECNOLOGICO DE LA PRODUCCION","22","SAN MARTIN","9291607","8491994.78"
"2025","13","GOBIERNO NACIONAL","0101010301","INSTITUCIONES PUBLICAS DESCENTRALIZADAS","1983","INSTITUTO TECNOLOGICO DE LA PRODUCCION","23","TACNA","24000","24000"
"2025","13","GOBIERNO NACIONAL","0101010301","INSTITUCIONES PUBLICAS DESCENTRALIZADAS","1983","INSTITUTO TECNOLOGICO DE LA PRODUCCION","25","UCAYALI","10636703","8971862.4"
"2025","13","GOBIERNO NACIONAL","0101010301","INSTITUCIONES PUBLICAS DESCENTRALIZADAS","1984","OFICINA DE NORMALIZACION PREVISIONAL","01","AMAZONAS","22690487","22321975.93"
"2025","13","GOBIERNO NACIONAL","0101010301","INSTITUCIONES PUBLICAS DESCENTRALIZADAS","1984","OFICINA DE NORMALIZACION PREVISIONAL","02","ANCASH","246777625","244828032.89"
"2025","13","GOBIERNO NACIONAL","0101010301","INSTITUCIONES PUBLICAS DESCENTRALIZADAS","1984","OFICINA DE NORMALIZACION PREVISIONAL","03","APURIMAC","25837389","23672597.51"
"2025","13","GOBIERNO NACIONAL","0101010301","INSTITUCIONES PUBLICAS DESCENTRALIZADAS","1984","OFICINA DE NORMALIZACION PREVISIONAL","04","AREQUIPA","510374251","508689193.4"
"2025","13","GOBIERNO NACIONAL","0101010301","INSTITUCIONES PUBLICAS DESCENTRALIZADAS","1984","OFICINA DE NORMALIZACION PREVISIONAL","05","AYACUCHO","35879745","35136662.91"
"2025","13","GOBIERNO NACIONAL","0101010301","INSTITUCIONES PUBLICAS DESCENTRALIZADAS","1984","OFICINA DE NORMALIZACION PREVISIONAL","06","CAJAMARCA","64999391","64702143.04"
"2025","13","GOBIERNO NACIONAL","0101010301","INSTITUCIONES PUBLICAS DESCENTRALIZADAS","1984","OFICINA DE NORMALIZACION PREVISIONAL","08","CUSCO","111789309","111220558.7"
"2025","13","GOBIERNO NACIONAL","0101010301","INSTITUCIONES PUBLICAS DESCENTRALIZADAS","1984","OFICINA DE NORMALIZACION PREVISIONAL","09","HUANCAVELICA","36333245","36112461.48"
"2025","13","GOBIERNO NACIONAL","0101010301","INSTITUCIONES PUBLICAS DESCENTRALIZADAS","1984","OFICINA DE NORMALIZACION PREVISIONAL","10","HUANUCO","78110505","76914236.95"
"2025","13","GOBIERNO NACIONAL","0101010301","INSTITUCIONES PUBLICAS DESCENTRALIZADAS","1984","OFICINA DE NORMALIZACION PREVISIONAL","11","ICA","303847860","301374816.92"
"2025","13","GOBIERNO NACIONAL","0101010301","INSTITUCIONES PUBLICAS DESCENTRALIZADAS","1984","OFICINA DE NORMALIZACION PREVISIONAL","12","JUNIN","450769317","448749433.51"
"2025","13","GOBIERNO NACIONAL","0101010301","INSTITUCIONES PUBLICAS DESCENTRALIZADAS","1984","OFICINA DE NORMALIZACION PREVISIONAL","13","LA LIBERTAD","383198238","381265103.5"
"2025","13","GOBIERNO NACIONAL","0101010301","INSTITUCIONES PUBLICAS DESCENTRALIZADAS","1984","OFICINA DE NORMALIZACION PREVISIONAL","14","LAMBAYEQUE","368982644","368236957.26"
"2025","13","GOBIERNO NACIONAL","0101010301","INSTITUCIONES PUBLICAS DESCENTRALIZADAS","1984","OFICINA DE NORMALIZACION PREVISIONAL","15","LIMA","5428007564","5344896333.16"
"2025","13","GOBIERNO NACIONAL","0101010301","INSTITUCIONES PUBLICAS DESCENTRALIZADAS","1984","OFICINA DE NORMALIZACION PREVISIONAL","16","LORETO","49573820","48906375.44"
"2025","13","GOBIERNO NACIONAL","0101010301","INSTITUCIONES PUBLICAS DESCENTRALIZADAS","1984","OFICINA DE NORMALIZACION PREVISIONAL","17","MADRE DE DIOS","5334425","5175702.87"
"2025","13","GOBIERNO NACIONAL","0101010301","INSTITUCIONES PUBLICAS DESCENTRALIZADAS","1984","OFICINA DE NORMALIZACION PREVISIONAL","18","MOQUEGUA","75098355","71599118.42"
"2025","13","GOBIERNO NACIONAL","0101010301","INSTITUCIONES PUBLICAS DESCENTRALIZADAS","1984","OFICINA DE NORMALIZACION PREVISIONAL","19","PASCO","103148166","99011243.74"
"2025","13","GOBIERNO NACIONAL","0101010301","INSTITUCIONES PUBLICAS DESCENTRALIZADAS","1984","OFICINA DE NORMALIZACION PREVISIONAL","20","PIURA","264470037","262220150.33"
"2025","13","GOBIERNO NACIONAL","0101010301","INSTITUCIONES PUBLICAS DESCENTRALIZADAS","1984","OFICINA DE NORMALIZACION PREVISIONAL","21","PUNO","114576752","112733992.04"
"2025","13","GOBIERNO NACIONAL","0101010301","INSTITUCIONES PUBLICAS DESCENTRALIZADAS","1984","OFICINA DE NORMALIZACION PREVISIONAL","22","SAN MARTIN","41130209","40766364.73"
"2025","13","GOBIERNO NACIONAL","0101010301","INSTITUCIONES PUBLICAS DESCENTRALIZADAS","1984","OFICINA DE NORMALIZACION PREVISIONAL","23","TACNA","58391512","57531061.48"
"2025","13","GOBIERNO NACIONAL","0101010301","INSTITUCIONES PUBLICAS DESCENTRALIZADAS","1984","OFICINA DE NORMALIZACION PREVISIONAL","24","TUMBES","20436054","19689186.49"
"2025","13","GOBIERNO NACIONAL","0101010301","INSTITUCIONES PUBLICAS DESCENTRALIZADAS","1984","OFICINA DE NORMALIZACION PREVISIONAL","25","UCAYALI","25648635","25481842.8"
"2025","13","GOBIERNO NACIONAL","0101010301","INSTITUCIONES PUBLICAS DESCENTRALIZADAS","1993","SERVICIO NACIONAL DE CAPACITACION PARA LA INDUSTRIA DE LA CONSTRUCCION","01","AMAZONAS","46980","44859.86"
"2025","13","GOBIERNO NACIONAL","0101010301","INSTITUCIONES PUBLICAS DESCENTRALIZADAS","1993","SERVICIO NACIONAL DE CAPACITACION PARA LA INDUSTRIA DE LA CONSTRUCCION","03","APURIMAC","796361","718605.88"
"2025","13","GOBIERNO NACIONAL","0101010301","INSTITUCIONES PUBLICAS DESCENTRALIZADAS","1993","SERVICIO NACIONAL DE CAPACITACION PARA LA INDUSTRIA DE LA CONSTRUCCION","04","AREQUIPA","6113271","5687061.16"
"2025","13","GOBIERNO NACIONAL","0101010301","INSTITUCIONES PUBLICAS DESCENTRALIZADAS","1993","SERVICIO NACIONAL DE CAPACITACION PARA LA INDUSTRIA DE LA CONSTRUCCION","05","AYACUCHO","2071055","1997905.12"
"2025","13","GOBIERNO NACIONAL","0101010301","INSTITUCIONES PUBLICAS DESCENTRALIZADAS","1993","SERVICIO NACIONAL DE CAPACITACION PARA LA INDUSTRIA DE LA CONSTRUCCION","06","CAJAMARCA","3296939","3194487.98"
"2025","13","GOBIERNO NACIONAL","0101010301","INSTITUCIONES PUBLICAS DESCENTRALIZADAS","1993","SERVICIO NACIONAL DE CAPACITACION PARA LA INDUSTRIA DE LA CONSTRUCCION","08","CUSCO","5543414","5443086.12"
"2025","13","GOBIERNO NACIONAL","0101010301","INSTITUCIONES PUBLICAS DESCENTRALIZADAS","1993","SERVICIO NACIONAL DE CAPACITACION PARA LA INDUSTRIA DE LA CONSTRUCCION","09","HUANCAVELICA","695249","687695.94"
"2025","13","GOBIERNO NACIONAL","0101010301","INSTITUCIONES PUBLICAS DESCENTRALIZADAS","1993","SERVICIO NACIONAL DE CAPACITACION PARA LA INDUSTRIA DE LA CONSTRUCCION","11","ICA","1857485","1803884.88"
"2025","13","GOBIERNO NACIONAL","0101010301","INSTITUCIONES PUBLICAS DESCENTRALIZADAS","1993","SERVICIO NACIONAL DE CAPACITACION PARA LA INDUSTRIA DE LA CONSTRUCCION","12","JUNIN","3218111","2751834.53"
"2025","13","GOBIERNO NACIONAL","0101010301","INSTITUCIONES PUBLICAS DESCENTRALIZADAS","1993","SERVICIO NACIONAL DE CAPACITACION PARA LA INDUSTRIA DE LA CONSTRUCCION","13","LA LIBERTAD","5454657","5314596.77"
"2025","13","GOBIERNO NACIONAL","0101010301","INSTITUCIONES PUBLICAS DESCENTRALIZADAS","1993","SERVICIO NACIONAL DE CAPACITACION PARA LA INDUSTRIA DE LA CONSTRUCCION","14","LAMBAYEQUE","6790273","6271906.91"
"2025","13","GOBIERNO NACIONAL","0101010301","INSTITUCIONES PUBLICAS DESCENTRALIZADAS","1993","SERVICIO NACIONAL DE CAPACITACION PARA LA INDUSTRIA DE LA CONSTRUCCION","15","LIMA","150791305","115209672.77"
"2025","13","GOBIERNO NACIONAL","0101010301","INSTITUCIONES PUBLICAS DESCENTRALIZADAS","1993","SERVICIO NACIONAL DE CAPACITACION PARA LA INDUSTRIA DE LA CONSTRUCCION","16","LORETO","2478863","2302433.6"
"2025","13","GOBIERNO NACIONAL","0101010301","INSTITUCIONES PUBLICAS DESCENTRALIZADAS","1993","SERVICIO NACIONAL DE CAPACITACION PARA LA INDUSTRIA DE LA CONSTRUCCION","17","MADRE DE DIOS","1071729","1048069.39"
"2025","13","GOBIERNO NACIONAL","0101010301","INSTITUCIONES PUBLICAS DESCENTRALIZADAS","1993","SERVICIO NACIONAL DE CAPACITACION PARA LA INDUSTRIA DE LA CONSTRUCCION","18","MOQUEGUA","1663514","1452697.54"
"2025","13","GOBIERNO NACIONAL","0101010301","INSTITUCIONES PUBLICAS DESCENTRALIZADAS","1993","SERVICIO NACIONAL DE CAPACITACION PARA LA INDUSTRIA DE LA CONSTRUCCION","20","PIURA","12692953","6680206.08"
"2025","13","GOBIERNO NACIONAL","0101010301","INSTITUCIONES PUBLICAS DESCENTRALIZADAS","1993","SERVICIO NACIONAL DE CAPACITACION PARA LA INDUSTRIA DE LA CONSTRUCCION","21","PUNO","3590970","3221345.28"
"2025","13","GOBIERNO NACIONAL","0101010301","INSTITUCIONES PUBLICAS DESCENTRALIZADAS","1993","SERVICIO NACIONAL DE CAPACITACION PARA LA INDUSTRIA DE LA CONSTRUCCION","22","SAN MARTIN","1992137","1299098.24"
"2025","13","GOBIERNO NACIONAL","0101010301","INSTITUCIONES PUBLICAS DESCENTRALIZADAS","1993","SERVICIO NACIONAL DE CAPACITACION PARA LA INDUSTRIA DE LA CONSTRUCCION","23","TACNA","9091410","3884055.93"
"2025","13","GOBIERNO NACIONAL","0101010301","INSTITUCIONES PUBLICAS DESCENTRALIZADAS","1993","SERVICIO NACIONAL DE CAPACITACION PARA LA INDUSTRIA DE LA CONSTRUCCION","25","UCAYALI","2306850","2224521.76"
"2025","13","GOBIERNO NACIONAL","0101010301","INSTITUCIONES PUBLICAS DESCENTRALIZADAS","1994","SERVICIO NACIONAL DE METEOROLOGIA E HIDROLOGIA","04","AREQUIPA","2538999","2517339.45"
"2025","13","GOBIERNO NACIONAL","0101010301","INSTITUCIONES PUBLICAS DESCENTRALIZADAS","1994","SERVICIO NACIONAL DE METEOROLOGIA E HIDROLOGIA","06","CAJAMARCA","2223450","2200746.13"
"2025","13","GOBIERNO NACIONAL","0101010301","INSTITUCIONES PUBLICAS DESCENTRALIZADAS","1994","SERVICIO NACIONAL DE METEOROLOGIA E HIDROLOGIA","07","PROV CONSTIT DEL CALLAO","11760","11750"
"2025","13","GOBIERNO NACIONAL","0101010301","INSTITUCIONES PUBLICAS DESCENTRALIZADAS","1994","SERVICIO NACIONAL DE METEOROLOGIA E HIDROLOGIA","08","CUSCO","1728068","1701699.18"
"2025","13","GOBIERNO NACIONAL","0101010301","INSTITUCIONES PUBLICAS DESCENTRALIZADAS","1994","SERVICIO NACIONAL DE METEOROLOGIA E HIDROLOGIA","10","HUANUCO","1769367","1728046.69"
"2025","13","GOBIERNO NACIONAL","0101010301","INSTITUCIONES PUBLICAS DESCENTRALIZADAS","1994","SERVICIO NACIONAL DE METEOROLOGIA E HIDROLOGIA","11","ICA","1848848","1803337.16"
"2025","13","GOBIERNO NACIONAL","0101010301","INSTITUCIONES PUBLICAS DESCENTRALIZADAS","1994","SERVICIO NACIONAL DE METEOROLOGIA E HIDROLOGIA","12","JUNIN","2614759","2517583.43"
"2025","13","GOBIERNO NACIONAL","0101010301","INSTITUCIONES PUBLICAS DESCENTRALIZADAS","1994","SERVICIO NACIONAL DE METEOROLOGIA E HIDROLOGIA","14","LAMBAYEQUE","2590559","2545108.23"
"2025","13","GOBIERNO NACIONAL","0101010301","INSTITUCIONES PUBLICAS DESCENTRALIZADAS","1994","SERVICIO NACIONAL DE METEOROLOGIA E HIDROLOGIA","15","LIMA","69839564","66531310.35"
"2025","13","GOBIERNO NACIONAL","0101010301","INSTITUCIONES PUBLICAS DESCENTRALIZADAS","1994","SERVICIO NACIONAL DE METEOROLOGIA E HIDROLOGIA","16","LORETO","2241342","2231299.5"
"2025","13","GOBIERNO NACIONAL","0101010301","INSTITUCIONES PUBLICAS DESCENTRALIZADAS","1994","SERVICIO NACIONAL DE METEOROLOGIA E HIDROLOGIA","20","PIURA","2837984","2820165.05"
"2025","13","GOBIERNO NACIONAL","0101010301","INSTITUCIONES PUBLICAS DESCENTRALIZADAS","1994","SERVICIO NACIONAL DE METEOROLOGIA E HIDROLOGIA","21","PUNO","2318766","2309376.44"
"2025","13","GOBIERNO NACIONAL","0101010301","INSTITUCIONES PUBLICAS DESCENTRALIZADAS","1994","SERVICIO NACIONAL DE METEOROLOGIA E HIDROLOGIA","22","SAN MARTIN","1848560","1832832.64"
"2025","13","GOBIERNO NACIONAL","0101010301","INSTITUCIONES PUBLICAS DESCENTRALIZADAS","1994","SERVICIO NACIONAL DE METEOROLOGIA E HIDROLOGIA","23","TACNA","1930204","1869135.39"
"2025","13","GOBIERNO NACIONAL","0101010301","INSTITUCIONES PUBLICAS DESCENTRALIZADAS","1994","SERVICIO NACIONAL DE METEOROLOGIA E HIDROLOGIA","24","TUMBES","358295","356063.4"
"2025","13","GOBIERNO NACIONAL","0101010301","INSTITUCIONES PUBLICAS DESCENTRALIZADAS","1995","SERVICIO NACIONAL DE SANIDAD AGRARIA","01","AMAZONAS","3409610","3350121.85"
"2025","13","GOBIERNO NACIONAL","0101010301","INSTITUCIONES PUBLICAS DESCENTRALIZADAS","1995","SERVICIO NACIONAL DE SANIDAD AGRARIA","02","ANCASH","8570798","8456945.81"
"2025","13","GOBIERNO NACIONAL","0101010301","INSTITUCIONES PUBLICAS DESCENTRALIZADAS","1995","SERVICIO NACIONAL DE SANIDAD AGRARIA","03","APURIMAC","4425196","4376543.63"
"2025","13","GOBIERNO NACIONAL","0101010301","INSTITUCIONES PUBLICAS DESCENTRALIZADAS","1995","SERVICIO NACIONAL DE SANIDAD AGRARIA","04","AREQUIPA","12421262","12344538.4"
"2025","13","GOBIERNO NACIONAL","0101010301","INSTITUCIONES PUBLICAS DESCENTRALIZADAS","1995","SERVICIO NACIONAL DE SANIDAD AGRARIA","05","AYACUCHO","6725546","6683316.97"
"2025","13","GOBIERNO NACIONAL","0101010301","INSTITUCIONES PUBLICAS DESCENTRALIZADAS","1995","SERVICIO NACIONAL DE SANIDAD AGRARIA","06","CAJAMARCA","7694291","7633358.42"
"2025","13","GOBIERNO NACIONAL","0101010301","INSTITUCIONES PUBLICAS DESCENTRALIZADAS","1995","SERVICIO NACIONAL DE SANIDAD AGRARIA","07","PROV CONSTIT DEL CALLAO","23513080","23399872.43"
"2025","13","GOBIERNO NACIONAL","0101010301","INSTITUCIONES PUBLICAS DESCENTRALIZADAS","1995","SERVICIO NACIONAL DE SANIDAD AGRARIA","08","CUSCO","10818490","10798071.38"
"2025","13","GOBIERNO NACIONAL","0101010301","INSTITUCIONES PUBLICAS DESCENTRALIZADAS","1995","SERVICIO NACIONAL DE SANIDAD AGRARIA","09","HUANCAVELICA","3432920","3421966.76"
"2025","13","GOBIERNO NACIONAL","0101010301","INSTITUCIONES PUBLICAS DESCENTRALIZADAS","1995","SERVICIO NACIONAL DE SANIDAD AGRARIA","10","HUANUCO","2917098","2906405.62"
"2025","13","GOBIERNO NACIONAL","0101010301","INSTITUCIONES PUBLICAS DESCENTRALIZADAS","1995","SERVICIO NACIONAL DE SANIDAD AGRARIA","11","ICA","17797261","17739671.76"
"2025","13","GOBIERNO NACIONAL","0101010301","INSTITUCIONES PUBLICAS DESCENTRALIZADAS","1995","SERVICIO NACIONAL DE SANIDAD AGRARIA","12","JUNIN","4330088","4311522.93"
"2025","13","GOBIERNO NACIONAL","0101010301","INSTITUCIONES PUBLICAS DESCENTRALIZADAS","1995","SERVICIO NACIONAL DE SANIDAD AGRARIA","13","LA LIBERTAD","13468050","13427884.79"
"2025","13","GOBIERNO NACIONAL","0101010301","INSTITUCIONES PUBLICAS DESCENTRALIZADAS","1995","SERVICIO NACIONAL DE SANIDAD AGRARIA","14","LAMBAYEQUE","11538290","11479226.71"
"2025","13","GOBIERNO NACIONAL","0101010301","INSTITUCIONES PUBLICAS DESCENTRALIZADAS","1995","SERVICIO NACIONAL DE SANIDAD AGRARIA","15","LIMA","87360137","85554679.45"
"2025","13","GOBIERNO NACIONAL","0101010301","INSTITUCIONES PUBLICAS DESCENTRALIZADAS","1995","SERVICIO NACIONAL DE SANIDAD AGRARIA","16","LORETO","2970948","2950703.37"
"2025","13","GOBIERNO NACIONAL","0101010301","INSTITUCIONES PUBLICAS DESCENTRALIZADAS","1995","SERVICIO NACIONAL DE SANIDAD AGRARIA","17","MADRE DE DIOS","2507022","2491563.5"
"2025","13","GOBIERNO NACIONAL","0101010301","INSTITUCIONES PUBLICAS DESCENTRALIZADAS","1995","SERVICIO NACIONAL DE SANIDAD AGRARIA","18","MOQUEGUA","8193880","8114709.33"
"2025","13","GOBIERNO NACIONAL","0101010301","INSTITUCIONES PUBLICAS DESCENTRALIZADAS","1995","SERVICIO NACIONAL DE SANIDAD AGRARIA","19","PASCO","2339447","2335898.87"
"2025","13","GOBIERNO NACIONAL","0101010301","INSTITUCIONES PUBLICAS DESCENTRALIZADAS","1995","SERVICIO NACIONAL DE SANIDAD AGRARIA","20","PIURA","23880734","23795102.42"
"2025","13","GOBIERNO NACIONAL","0101010301","INSTITUCIONES PUBLICAS DESCENTRALIZADAS","1995","SERVICIO NACIONAL DE SANIDAD AGRARIA","21","PUNO","9072153","9061158.9"
"2025","13","GOBIERNO NACIONAL","0101010301","INSTITUCIONES PUBLICAS DESCENTRALIZADAS","1995","SERVICIO NACIONAL DE SANIDAD AGRARIA","22","SAN MARTIN","4157307","4151635.31"
"2025","13","GOBIERNO NACIONAL","0101010301","INSTITUCIONES PUBLICAS DESCENTRALIZADAS","1995","SERVICIO NACIONAL DE SANIDAD AGRARIA","23","TACNA","11009891","10969791.49"
"2025","13","GOBIERNO NACIONAL","0101010301","INSTITUCIONES PUBLICAS DESCENTRALIZADAS","1995","SERVICIO NACIONAL DE SANIDAD AGRARIA","24","TUMBES","5011002","4957925.9"
"2025","13","GOBIERNO NACIONAL","0101010301","INSTITUCIONES PUBLICAS DESCENTRALIZADAS","1995","SERVICIO NACIONAL DE SANIDAD AGRARIA","25","UCAYALI","3572668","3558340.56"
"2025","13","GOBIERNO NACIONAL","0101010301","INSTITUCIONES PUBLICAS DESCENTRALIZADAS","1996","SUPERINTENDENCIA NACIONAL DE SALUD","15","LIMA","73051368","71077900.59"
"2025","13","GOBIERNO NACIONAL","0101010301","INSTITUCIONES PUBLICAS DESCENTRALIZADAS","1997","CENTRO VACACIONAL HUAMPANI","15","LIMA","25977195","24363571.04"
"2025","13","GOBIERNO NACIONAL","0101010301","INSTITUCIONES PUBLICAS DESCENTRALIZADAS","1998","SUPERINTENDENCIA DEL MERCADO DE VALORES - SMV","15","LIMA","85637043","60701295.2"
"2025","13","GOBIERNO NACIONAL","0101010301","INSTITUCIONES PUBLICAS DESCENTRALIZADAS","2000","SUPERINTENDENCIA NACIONAL DE ADUANAS Y DE ADMINISTRACIÓN TRIBUTARIA(GASTADORA)","02","ANCASH","28911729","28397716.19"
"2025","13","GOBIERNO NACIONAL","0101010301","INSTITUCIONES PUBLICAS DESCENTRALIZADAS","2000","SUPERINTENDENCIA NACIONAL DE ADUANAS Y DE ADMINISTRACIÓN TRIBUTARIA(GASTADORA)","03","APURIMAC","3018","0"
"2025","13","GOBIERNO NACIONAL","0101010301","INSTITUCIONES PUBLICAS DESCENTRALIZADAS","2000","SUPERINTENDENCIA NACIONAL DE ADUANAS Y DE ADMINISTRACIÓN TRIBUTARIA(GASTADORA)","04","AREQUIPA","58990696","58370347.86"
"2025","13","GOBIERNO NACIONAL","0101010301","INSTITUCIONES PUBLICAS DESCENTRALIZADAS","2000","SUPERINTENDENCIA NACIONAL DE ADUANAS Y DE ADMINISTRACIÓN TRIBUTARIA(GASTADORA)","05","AYACUCHO","12949055","12683719.38"
"2025","13","GOBIERNO NACIONAL","0101010301","INSTITUCIONES PUBLICAS DESCENTRALIZADAS","2000","SUPERINTENDENCIA NACIONAL DE ADUANAS Y DE ADMINISTRACIÓN TRIBUTARIA(GASTADORA)","06","CAJAMARCA","17374207","17216262.81"
"2025","13","GOBIERNO NACIONAL","0101010301","INSTITUCIONES PUBLICAS DESCENTRALIZADAS","2000","SUPERINTENDENCIA NACIONAL DE ADUANAS Y DE ADMINISTRACIÓN TRIBUTARIA(GASTADORA)","07","PROV CONSTIT DEL CALLAO","80129031","79885631.76"
"2025","13","GOBIERNO NACIONAL","0101010301","INSTITUCIONES PUBLICAS DESCENTRALIZADAS","2000","SUPERINTENDENCIA NACIONAL DE ADUANAS Y DE ADMINISTRACIÓN TRIBUTARIA(GASTADORA)","08","CUSCO","32145028","31858144.05"
"2025","13","GOBIERNO NACIONAL","0101010301","INSTITUCIONES PUBLICAS DESCENTRALIZADAS","2000","SUPERINTENDENCIA NACIONAL DE ADUANAS Y DE ADMINISTRACIÓN TRIBUTARIA(GASTADORA)","09","HUANCAVELICA","2636","0"
"2025","13","GOBIERNO NACIONAL","0101010301","INSTITUCIONES PUBLICAS DESCENTRALIZADAS","2000","SUPERINTENDENCIA NACIONAL DE ADUANAS Y DE ADMINISTRACIÓN TRIBUTARIA(GASTADORA)","10","HUANUCO","14935180","14752244.06"
"2025","13","GOBIERNO NACIONAL","0101010301","INSTITUCIONES PUBLICAS DESCENTRALIZADAS","2000","SUPERINTENDENCIA NACIONAL DE ADUANAS Y DE ADMINISTRACIÓN TRIBUTARIA(GASTADORA)","11","ICA","41205811","40923055.77"
"2025","13","GOBIERNO NACIONAL","0101010301","INSTITUCIONES PUBLICAS DESCENTRALIZADAS","2000","SUPERINTENDENCIA NACIONAL DE ADUANAS Y DE ADMINISTRACIÓN TRIBUTARIA(GASTADORA)","12","JUNIN","25765357","25562108.35"
"2025","13","GOBIERNO NACIONAL","0101010301","INSTITUCIONES PUBLICAS DESCENTRALIZADAS","2000","SUPERINTENDENCIA NACIONAL DE ADUANAS Y DE ADMINISTRACIÓN TRIBUTARIA(GASTADORA)","13","LA LIBERTAD","41551073","41139177.57"
"2025","13","GOBIERNO NACIONAL","0101010301","INSTITUCIONES PUBLICAS DESCENTRALIZADAS","2000","SUPERINTENDENCIA NACIONAL DE ADUANAS Y DE ADMINISTRACIÓN TRIBUTARIA(GASTADORA)","14","LAMBAYEQUE","34947443","34475950.05"
"2025","13","GOBIERNO NACIONAL","0101010301","INSTITUCIONES PUBLICAS DESCENTRALIZADAS","2000","SUPERINTENDENCIA NACIONAL DE ADUANAS Y DE ADMINISTRACIÓN TRIBUTARIA(GASTADORA)","15","LIMA","1831616156","1809787874.81"
"2025","13","GOBIERNO NACIONAL","0101010301","INSTITUCIONES PUBLICAS DESCENTRALIZADAS","2000","SUPERINTENDENCIA NACIONAL DE ADUANAS Y DE ADMINISTRACIÓN TRIBUTARIA(GASTADORA)","16","LORETO","25767577","25405252.15"
"2025","13","GOBIERNO NACIONAL","0101010301","INSTITUCIONES PUBLICAS DESCENTRALIZADAS","2000","SUPERINTENDENCIA NACIONAL DE ADUANAS Y DE ADMINISTRACIÓN TRIBUTARIA(GASTADORA)","17","MADRE DE DIOS","19905156","19357488.03"
"2025","13","GOBIERNO NACIONAL","0101010301","INSTITUCIONES PUBLICAS DESCENTRALIZADAS","2000","SUPERINTENDENCIA NACIONAL DE ADUANAS Y DE ADMINISTRACIÓN TRIBUTARIA(GASTADORA)","18","MOQUEGUA","10600937","10406383.2"
"2025","13","GOBIERNO NACIONAL","0101010301","INSTITUCIONES PUBLICAS DESCENTRALIZADAS","2000","SUPERINTENDENCIA NACIONAL DE ADUANAS Y DE ADMINISTRACIÓN TRIBUTARIA(GASTADORA)","20","PIURA","58072051","57412190.04"
"2025","13","GOBIERNO NACIONAL","0101010301","INSTITUCIONES PUBLICAS DESCENTRALIZADAS","2000","SUPERINTENDENCIA NACIONAL DE ADUANAS Y DE ADMINISTRACIÓN TRIBUTARIA(GASTADORA)","21","PUNO","45995076","45490271.16"
"2025","13","GOBIERNO NACIONAL","0101010301","INSTITUCIONES PUBLICAS DESCENTRALIZADAS","2000","SUPERINTENDENCIA NACIONAL DE ADUANAS Y DE ADMINISTRACIÓN TRIBUTARIA(GASTADORA)","22","SAN MARTIN","19295881","19099994.94"
"2025","13","GOBIERNO NACIONAL","0101010301","INSTITUCIONES PUBLICAS DESCENTRALIZADAS","2000","SUPERINTENDENCIA NACIONAL DE ADUANAS Y DE ADMINISTRACIÓN TRIBUTARIA(GASTADORA)","23","TACNA","78500894","77924982.56"
"2025","13","GOBIERNO NACIONAL","0101010301","INSTITUCIONES PUBLICAS DESCENTRALIZADAS","2000","SUPERINTENDENCIA NACIONAL DE ADUANAS Y DE ADMINISTRACIÓN TRIBUTARIA(GASTADORA)","24","TUMBES","58023579","57459575.3"
"2025","13","GOBIERNO NACIONAL","0101010301","INSTITUCIONES PUBLICAS DESCENTRALIZADAS","2000","SUPERINTENDENCIA NACIONAL DE ADUANAS Y DE ADMINISTRACIÓN TRIBUTARIA(GASTADORA)","25","UCAYALI","15737593","15521336.33"
"2025","13","GOBIERNO NACIONAL","0101010301","INSTITUCIONES PUBLICAS DESCENTRALIZADAS","2557","ORGANISMO SUPERVISOR DE LA INVERSION EN INFRAESTRUCTURA DE TRANSPORTE DE USO PUBLICO","04","AREQUIPA","170618","170616.08"
"2025","13","GOBIERNO NACIONAL","0101010301","INSTITUCIONES PUBLICAS DESCENTRALIZADAS","2557","ORGANISMO SUPERVISOR DE LA INVERSION EN INFRAESTRUCTURA DE TRANSPORTE DE USO PUBLICO","08","CUSCO","170596","170594.04"
"2025","13","GOBIERNO NACIONAL","0101010301","INSTITUCIONES PUBLICAS DESCENTRALIZADAS","2557","ORGANISMO SUPERVISOR DE LA INVERSION EN INFRAESTRUCTURA DE TRANSPORTE DE USO PUBLICO","15","LIMA","126417329","124082114.76"
"2025","13","GOBIERNO NACIONAL","0101010301","INSTITUCIONES PUBLICAS DESCENTRALIZADAS","2557","ORGANISMO SUPERVISOR DE LA INVERSION EN INFRAESTRUCTURA DE TRANSPORTE DE USO PUBLICO","16","LORETO","170503","170499.68"
"2025","13","GOBIERNO NACIONAL","0101010301","INSTITUCIONES PUBLICAS DESCENTRALIZADAS","2600","CONSEJO NACIONAL PARA LA INTEGRACIOIN DE LA PERSONA CON DISCAPACIDAD","01","AMAZONAS","66496","65779.19"
"2025","13","GOBIERNO NACIONAL","0101010301","INSTITUCIONES PUBLICAS DESCENTRALIZADAS","2600","CONSEJO NACIONAL PARA LA INTEGRACIOIN DE LA PERSONA CON DISCAPACIDAD","02","ANCASH","63449","62813.02"
"2025","13","GOBIERNO NACIONAL","0101010301","INSTITUCIONES PUBLICAS DESCENTRALIZADAS","2600","CONSEJO NACIONAL PARA LA INTEGRACIOIN DE LA PERSONA CON DISCAPACIDAD","03","APURIMAC","103164","103162.55"
"2025","13","GOBIERNO NACIONAL","0101010301","INSTITUCIONES PUBLICAS DESCENTRALIZADAS","2600","CONSEJO NACIONAL PARA LA INTEGRACIOIN DE LA PERSONA CON DISCAPACIDAD","04","AREQUIPA","6901249","6840146.63"
"2025","13","GOBIERNO NACIONAL","0101010301","INSTITUCIONES PUBLICAS DESCENTRALIZADAS","2600","CONSEJO NACIONAL PARA LA INTEGRACIOIN DE LA PERSONA CON DISCAPACIDAD","05","AYACUCHO","72528","72097.55"
"2025","13","GOBIERNO NACIONAL","0101010301","INSTITUCIONES PUBLICAS DESCENTRALIZADAS","2600","CONSEJO NACIONAL PARA LA INTEGRACIOIN DE LA PERSONA CON DISCAPACIDAD","06","CAJAMARCA","75739","75001.78"
"2025","13","GOBIERNO NACIONAL","0101010301","INSTITUCIONES PUBLICAS DESCENTRALIZADAS","2600","CONSEJO NACIONAL PARA LA INTEGRACIOIN DE LA PERSONA CON DISCAPACIDAD","07","PROV CONSTIT DEL CALLAO","1793332","1791692.45"
"2025","13","GOBIERNO NACIONAL","0101010301","INSTITUCIONES PUBLICAS DESCENTRALIZADAS","2600","CONSEJO NACIONAL PARA LA INTEGRACIOIN DE LA PERSONA CON DISCAPACIDAD","08","CUSCO","75101","74792.96"
"2025","13","GOBIERNO NACIONAL","0101010301","INSTITUCIONES PUBLICAS DESCENTRALIZADAS","2600","CONSEJO NACIONAL PARA LA INTEGRACIOIN DE LA PERSONA CON DISCAPACIDAD","09","HUANCAVELICA","59340","59088.78"
"2025","13","GOBIERNO NACIONAL","0101010301","INSTITUCIONES PUBLICAS DESCENTRALIZADAS","2600","CONSEJO NACIONAL PARA LA INTEGRACIOIN DE LA PERSONA CON DISCAPACIDAD","10","HUANUCO","182760","182597.46"
"2025","13","GOBIERNO NACIONAL","0101010301","INSTITUCIONES PUBLICAS DESCENTRALIZADAS","2600","CONSEJO NACIONAL PARA LA INTEGRACIOIN DE LA PERSONA CON DISCAPACIDAD","11","ICA","73026","71745.89"
"2025","13","GOBIERNO NACIONAL","0101010301","INSTITUCIONES PUBLICAS DESCENTRALIZADAS","2600","CONSEJO NACIONAL PARA LA INTEGRACIOIN DE LA PERSONA CON DISCAPACIDAD","12","JUNIN","104897","104584.27"
"2025","13","GOBIERNO NACIONAL","0101010301","INSTITUCIONES PUBLICAS DESCENTRALIZADAS","2600","CONSEJO NACIONAL PARA LA INTEGRACIOIN DE LA PERSONA CON DISCAPACIDAD","13","LA LIBERTAD","126447","125947.37"
"2025","13","GOBIERNO NACIONAL","0101010301","INSTITUCIONES PUBLICAS DESCENTRALIZADAS","2600","CONSEJO NACIONAL PARA LA INTEGRACIOIN DE LA PERSONA CON DISCAPACIDAD","14","LAMBAYEQUE","78456","76662.71"
"2025","13","GOBIERNO NACIONAL","0101010301","INSTITUCIONES PUBLICAS DESCENTRALIZADAS","2600","CONSEJO NACIONAL PARA LA INTEGRACIOIN DE LA PERSONA CON DISCAPACIDAD","15","LIMA","53166132","52889769.73"
"2025","13","GOBIERNO NACIONAL","0101010301","INSTITUCIONES PUBLICAS DESCENTRALIZADAS","2600","CONSEJO NACIONAL PARA LA INTEGRACIOIN DE LA PERSONA CON DISCAPACIDAD","16","LORETO","98051","97612.52"
"2025","13","GOBIERNO NACIONAL","0101010301","INSTITUCIONES PUBLICAS DESCENTRALIZADAS","2600","CONSEJO NACIONAL PARA LA INTEGRACIOIN DE LA PERSONA CON DISCAPACIDAD","17","MADRE DE DIOS","62723","61806.73"
"2025","13","GOBIERNO NACIONAL","0101010301","INSTITUCIONES PUBLICAS DESCENTRALIZADAS","2600","CONSEJO NACIONAL PARA LA INTEGRACIOIN DE LA PERSONA CON DISCAPACIDAD","18","MOQUEGUA","74514","74352.72"
"2025","13","GOBIERNO NACIONAL","0101010301","INSTITUCIONES PUBLICAS DESCENTRALIZADAS","2600","CONSEJO NACIONAL PARA LA INTEGRACIOIN DE LA PERSONA CON DISCAPACIDAD","19","PASCO","66300","66174.05"
"2025","13","GOBIERNO NACIONAL","0101010301","INSTITUCIONES PUBLICAS DESCENTRALIZADAS","2600","CONSEJO NACIONAL PARA LA INTEGRACIOIN DE LA PERSONA CON DISCAPACIDAD","20","PIURA","75085","74294.55"
"2025","13","GOBIERNO NACIONAL","0101010301","INSTITUCIONES PUBLICAS DESCENTRALIZADAS","2600","CONSEJO NACIONAL PARA LA INTEGRACIOIN DE LA PERSONA CON DISCAPACIDAD","21","PUNO","75311","75310.01"
"2025","13","GOBIERNO NACIONAL","0101010301","INSTITUCIONES PUBLICAS DESCENTRALIZADAS","2600","CONSEJO NACIONAL PARA LA INTEGRACIOIN DE LA PERSONA CON DISCAPACIDAD","22","SAN MARTIN","67743","66931.53"
"2025","13","GOBIERNO NACIONAL","0101010301","INSTITUCIONES PUBLICAS DESCENTRALIZADAS","2600","CONSEJO NACIONAL PARA LA INTEGRACIOIN DE LA PERSONA CON DISCAPACIDAD","23","TACNA","78477","77275.02"
"2025","13","GOBIERNO NACIONAL","0101010301","INSTITUCIONES PUBLICAS DESCENTRALIZADAS","2600","CONSEJO NACIONAL PARA LA INTEGRACIOIN DE LA PERSONA CON DISCAPACIDAD","24","TUMBES","74078","72877.27"
"2025","13","GOBIERNO NACIONAL","0101010301","INSTITUCIONES PUBLICAS DESCENTRALIZADAS","2600","CONSEJO NACIONAL PARA LA INTEGRACIOIN DE LA PERSONA CON DISCAPACIDAD","25","UCAYALI","76080","76069.49"
"2025","13","GOBIERNO NACIONAL","0101010301","INSTITUCIONES PUBLICAS DESCENTRALIZADAS","2647","DIRECCION NACIONAL DE INTELIGENCIA","15","LIMA","96968208","91542392.64"
"2025","13","GOBIERNO NACIONAL","0101010301","INSTITUCIONES PUBLICAS DESCENTRALIZADAS","2654","DESPACHO PRESIDENCIAL","15","LIMA","45905254","45420389.2"
"2025","13","GOBIERNO NACIONAL","0101010301","INSTITUCIONES PUBLICAS DESCENTRALIZADAS","2655","AGENCIA PERUANA DE COOPERACION INTERNACIONAL","15","LIMA","18557770","16427957.73"
"2025","13","GOBIERNO NACIONAL","0101010301","INSTITUCIONES PUBLICAS DESCENTRALIZADAS","2656","COMISION NACIONAL PARA EL DESARROLLO Y VIDA SIN DROGAS","05","AYACUCHO","19833652","17962279.62"
"2025","13","GOBIERNO NACIONAL","0101010301","INSTITUCIONES PUBLICAS DESCENTRALIZADAS","2656","COMISION NACIONAL PARA EL DESARROLLO Y VIDA SIN DROGAS","06","CAJAMARCA","9189388","8463055.33"
"2025","13","GOBIERNO NACIONAL","0101010301","INSTITUCIONES PUBLICAS DESCENTRALIZADAS","2656","COMISION NACIONAL PARA EL DESARROLLO Y VIDA SIN DROGAS","08","CUSCO","42229527","38107703.91"
"2025","13","GOBIERNO NACIONAL","0101010301","INSTITUCIONES PUBLICAS DESCENTRALIZADAS","2656","COMISION NACIONAL PARA EL DESARROLLO Y VIDA SIN DROGAS","10","HUANUCO","20938283","19010464.89"
"2025","13","GOBIERNO NACIONAL","0101010301","INSTITUCIONES PUBLICAS DESCENTRALIZADAS","2656","COMISION NACIONAL PARA EL DESARROLLO Y VIDA SIN DROGAS","12","JUNIN","31689849","28675478.94"
"2025","13","GOBIERNO NACIONAL","0101010301","INSTITUCIONES PUBLICAS DESCENTRALIZADAS","2656","COMISION NACIONAL PARA EL DESARROLLO Y VIDA SIN DROGAS","15","LIMA","249822852","243283808.22"
"2025","13","GOBIERNO NACIONAL","0101010301","INSTITUCIONES PUBLICAS DESCENTRALIZADAS","2656","COMISION NACIONAL PARA EL DESARROLLO Y VIDA SIN DROGAS","16","LORETO","10561433","8789084.93"
"2025","13","GOBIERNO NACIONAL","0101010301","INSTITUCIONES PUBLICAS DESCENTRALIZADAS","2656","COMISION NACIONAL PARA EL DESARROLLO Y VIDA SIN DROGAS","21","PUNO","11137062","10842767.23"
"2025","13","GOBIERNO NACIONAL","0101010301","INSTITUCIONES PUBLICAS DESCENTRALIZADAS","2656","COMISION NACIONAL PARA EL DESARROLLO Y VIDA SIN DROGAS","22","SAN MARTIN","21978742","20364853.57"
"2025","13","GOBIERNO NACIONAL","0101010301","INSTITUCIONES PUBLICAS DESCENTRALIZADAS","2656","COMISION NACIONAL PARA EL DESARROLLO Y VIDA SIN DROGAS","25","UCAYALI","23965150","21886292.06"
"2025","13","GOBIERNO NACIONAL","0101010301","INSTITUCIONES PUBLICAS DESCENTRALIZADAS","2659","SEGURO INTEGRAL DE SALUD","01","AMAZONAS","22717626","22716836.08"
"2025","13","GOBIERNO NACIONAL","0101010301","INSTITUCIONES PUBLICAS DESCENTRALIZADAS","2659","SEGURO INTEGRAL DE SALUD","02","ANCASH","51592244","51590766.92"
"2025","13","GOBIERNO NACIONAL","0101010301","INSTITUCIONES PUBLICAS DESCENTRALIZADAS","2659","SEGURO INTEGRAL DE SALUD","03","APURIMAC","28502544","28502147.22"
"2025","13","GOBIERNO NACIONAL","0101010301","INSTITUCIONES PUBLICAS DESCENTRALIZADAS","2659","SEGURO INTEGRAL DE SALUD","04","AREQUIPA","75230363","75227836.05"
"2025","13","GOBIERNO NACIONAL","0101010301","INSTITUCIONES PUBLICAS DESCENTRALIZADAS","2659","SEGURO INTEGRAL DE SALUD","05","AYACUCHO","54806439","54804401.92"
"2025","13","GOBIERNO NACIONAL","0101010301","INSTITUCIONES PUBLICAS DESCENTRALIZADAS","2659","SEGURO INTEGRAL DE SALUD","06","CAJAMARCA","87821285","87819544.8"
"2025","13","GOBIERNO NACIONAL","0101010301","INSTITUCIONES PUBLICAS DESCENTRALIZADAS","2659","SEGURO INTEGRAL DE SALUD","07","PROV CONSTIT DEL CALLAO","56217498","56217443.43"
"2025","13","GOBIERNO NACIONAL","0101010301","INSTITUCIONES PUBLICAS DESCENTRALIZADAS","2659","SEGURO INTEGRAL DE SALUD","08","CUSCO","68281454","68197040.17"
"2025","13","GOBIERNO NACIONAL","0101010301","INSTITUCIONES PUBLICAS DESCENTRALIZADAS","2659","SEGURO INTEGRAL DE SALUD","09","HUANCAVELICA","22399763","22399757.53"
"2025","13","GOBIERNO NACIONAL","0101010301","INSTITUCIONES PUBLICAS DESCENTRALIZADAS","2659","SEGURO INTEGRAL DE SALUD","10","HUANUCO","63143035","63142446.57"
"2025","13","GOBIERNO NACIONAL","0101010301","INSTITUCIONES PUBLICAS DESCENTRALIZADAS","2659","SEGURO INTEGRAL DE SALUD","11","ICA","30816552","30816124.11"
"2025","13","GOBIERNO NACIONAL","0101010301","INSTITUCIONES PUBLICAS DESCENTRALIZADAS","2659","SEGURO INTEGRAL DE SALUD","12","JUNIN","82427735","82427527.76"
"2025","13","GOBIERNO NACIONAL","0101010301","INSTITUCIONES PUBLICAS DESCENTRALIZADAS","2659","SEGURO INTEGRAL DE SALUD","13","LA LIBERTAD","113297364","113297147.76"
"2025","13","GOBIERNO NACIONAL","0101010301","INSTITUCIONES PUBLICAS DESCENTRALIZADAS","2659","SEGURO INTEGRAL DE SALUD","14","LAMBAYEQUE","78224857","78222130.95"
"2025","13","GOBIERNO NACIONAL","0101010301","INSTITUCIONES PUBLICAS DESCENTRALIZADAS","2659","SEGURO INTEGRAL DE SALUD","15","LIMA","1016980069","1016558200.61"
"2025","13","GOBIERNO NACIONAL","0101010301","INSTITUCIONES PUBLICAS DESCENTRALIZADAS","2659","SEGURO INTEGRAL DE SALUD","16","LORETO","104180968","104180399.51"
"2025","13","GOBIERNO NACIONAL","0101010301","INSTITUCIONES PUBLICAS DESCENTRALIZADAS","2659","SEGURO INTEGRAL DE SALUD","17","MADRE DE DIOS","13165657","13165653.12"
"2025","13","GOBIERNO NACIONAL","0101010301","INSTITUCIONES PUBLICAS DESCENTRALIZADAS","2659","SEGURO INTEGRAL DE SALUD","18","MOQUEGUA","15612926","15612919.77"
"2025","13","GOBIERNO NACIONAL","0101010301","INSTITUCIONES PUBLICAS DESCENTRALIZADAS","2659","SEGURO INTEGRAL DE SALUD","19","PASCO","10087064","10087054.33"
"2025","13","GOBIERNO NACIONAL","0101010301","INSTITUCIONES PUBLICAS DESCENTRALIZADAS","2659","SEGURO INTEGRAL DE SALUD","20","PIURA","84254064","84246956.54"
"2025","13","GOBIERNO NACIONAL","0101010301","INSTITUCIONES PUBLICAS DESCENTRALIZADAS","2659","SEGURO INTEGRAL DE SALUD","21","PUNO","49311745","49311698.35"
"2025","13","GOBIERNO NACIONAL","0101010301","INSTITUCIONES PUBLICAS DESCENTRALIZADAS","2659","SEGURO INTEGRAL DE SALUD","22","SAN MARTIN","65373889","65373153.05"
"2025","13","GOBIERNO NACIONAL","0101010301","INSTITUCIONES PUBLICAS DESCENTRALIZADAS","2659","SEGURO INTEGRAL DE SALUD","23","TACNA","33921559","33921553.41"
"2025","13","GOBIERNO NACIONAL","0101010301","INSTITUCIONES PUBLICAS DESCENTRALIZADAS","2659","SEGURO INTEGRAL DE SALUD","24","TUMBES","14626778","14626773.67"
"2025","13","GOBIERNO NACIONAL","0101010301","INSTITUCIONES PUBLICAS DESCENTRALIZADAS","2659","SEGURO INTEGRAL DE SALUD","25","UCAYALI","32481080","32480929.1"
"2025","13","GOBIERNO NACIONAL","0101010301","INSTITUCIONES PUBLICAS DESCENTRALIZADAS","2659","SEGURO INTEGRAL DE SALUD","98","EXTERIOR","6663335","6539736.34"
"2025","13","GOBIERNO NACIONAL","0101010301","INSTITUCIONES PUBLICAS DESCENTRALIZADAS","2703","AUTORIDAD PORTUARIA NACIONAL","07","PROV CONSTIT DEL CALLAO","110556297","63147265.37"
"2025","13","GOBIERNO NACIONAL","0101010301","INSTITUCIONES PUBLICAS DESCENTRALIZADAS","2703","AUTORIDAD PORTUARIA NACIONAL","15","LIMA","1095846","918393.75"
"2025","13","GOBIERNO NACIONAL","0101010301","INSTITUCIONES PUBLICAS DESCENTRALIZADAS","2707","CENTRO NACIONAL DE PLANEAMIENTO ESTRATEGICO","15","LIMA","17729278","17189052.09"
"2025","13","GOBIERNO NACIONAL","0101010301","INSTITUCIONES PUBLICAS DESCENTRALIZADAS","2720","AGENCIA DE PROMOCION DE LA INVERSION PRIVADA - GASTADORA","15","LIMA","502038909","481581064.88"
"2025","13","GOBIERNO NACIONAL","0101010301","INSTITUCIONES PUBLICAS DESCENTRALIZADAS","2744","SIERRA Y SELVA EXPORTADORA","01","AMAZONAS","687277","680837.18"
"2025","13","GOBIERNO NACIONAL","0101010301","INSTITUCIONES PUBLICAS DESCENTRALIZADAS","2744","SIERRA Y SELVA EXPORTADORA","02","ANCASH","494370","487884.32"
"2025","13","GOBIERNO NACIONAL","0101010301","INSTITUCIONES PUBLICAS DESCENTRALIZADAS","2744","SIERRA Y SELVA EXPORTADORA","03","APURIMAC","471748","459980.87"
"2025","13","GOBIERNO NACIONAL","0101010301","INSTITUCIONES PUBLICAS DESCENTRALIZADAS","2744","SIERRA Y SELVA EXPORTADORA","04","AREQUIPA","378843","370067.38"
"2025","13","GOBIERNO NACIONAL","0101010301","INSTITUCIONES PUBLICAS DESCENTRALIZADAS","2744","SIERRA Y SELVA EXPORTADORA","05","AYACUCHO","1082333","1046145.89"
"2025","13","GOBIERNO NACIONAL","0101010301","INSTITUCIONES PUBLICAS DESCENTRALIZADAS","2744","SIERRA Y SELVA EXPORTADORA","06","CAJAMARCA","419211","406840.18"
"2025","13","GOBIERNO NACIONAL","0101010301","INSTITUCIONES PUBLICAS DESCENTRALIZADAS","2744","SIERRA Y SELVA EXPORTADORA","08","CUSCO","512683","495468.53"
"2025","13","GOBIERNO NACIONAL","0101010301","INSTITUCIONES PUBLICAS DESCENTRALIZADAS","2744","SIERRA Y SELVA EXPORTADORA","09","HUANCAVELICA","371105","364627.65"
"2025","13","GOBIERNO NACIONAL","0101010301","INSTITUCIONES PUBLICAS DESCENTRALIZADAS","2744","SIERRA Y SELVA EXPORTADORA","10","HUANUCO","397202","393408.62"
"2025","13","GOBIERNO NACIONAL","0101010301","INSTITUCIONES PUBLICAS DESCENTRALIZADAS","2744","SIERRA Y SELVA EXPORTADORA","11","ICA","516791","513868.91"
"2025","13","GOBIERNO NACIONAL","0101010301","INSTITUCIONES PUBLICAS DESCENTRALIZADAS","2744","SIERRA Y SELVA EXPORTADORA","12","JUNIN","539390","528869.01"
"2025","13","GOBIERNO NACIONAL","0101010301","INSTITUCIONES PUBLICAS DESCENTRALIZADAS","2744","SIERRA Y SELVA EXPORTADORA","13","LA LIBERTAD","322814","314793.76"
"2025","13","GOBIERNO NACIONAL","0101010301","INSTITUCIONES PUBLICAS DESCENTRALIZADAS","2744","SIERRA Y SELVA EXPORTADORA","14","LAMBAYEQUE","422645","412240.02"
"2025","13","GOBIERNO NACIONAL","0101010301","INSTITUCIONES PUBLICAS DESCENTRALIZADAS","2744","SIERRA Y SELVA EXPORTADORA","15","LIMA","25677938","24681479.97"
"2025","13","GOBIERNO NACIONAL","0101010301","INSTITUCIONES PUBLICAS DESCENTRALIZADAS","2744","SIERRA Y SELVA EXPORTADORA","16","LORETO","354822","345963.15"
"2025","13","GOBIERNO NACIONAL","0101010301","INSTITUCIONES PUBLICAS DESCENTRALIZADAS","2744","SIERRA Y SELVA EXPORTADORA","17","MADRE DE DIOS","622432","598720.59"
"2025","13","GOBIERNO NACIONAL","0101010301","INSTITUCIONES PUBLICAS DESCENTRALIZADAS","2744","SIERRA Y SELVA EXPORTADORA","18","MOQUEGUA","330460","325423.12"
"2025","13","GOBIERNO NACIONAL","0101010301","INSTITUCIONES PUBLICAS DESCENTRALIZADAS","2744","SIERRA Y SELVA EXPORTADORA","19","PASCO","424132","416326.43"
"2025","13","GOBIERNO NACIONAL","0101010301","INSTITUCIONES PUBLICAS DESCENTRALIZADAS","2744","SIERRA Y SELVA EXPORTADORA","20","PIURA","354828","336550.29"
"2025","13","GOBIERNO NACIONAL","0101010301","INSTITUCIONES PUBLICAS DESCENTRALIZADAS","2744","SIERRA Y SELVA EXPORTADORA","21","PUNO","1981005","1963927.85"
"2025","13","GOBIERNO NACIONAL","0101010301","INSTITUCIONES PUBLICAS DESCENTRALIZADAS","2744","SIERRA Y SELVA EXPORTADORA","22","SAN MARTIN","423064","407648.72"
"2025","13","GOBIERNO NACIONAL","0101010301","INSTITUCIONES PUBLICAS DESCENTRALIZADAS","2744","SIERRA Y SELVA EXPORTADORA","23","TACNA","510841","506829.78"
"2025","13","GOBIERNO NACIONAL","0101010301","INSTITUCIONES PUBLICAS DESCENTRALIZADAS","2744","SIERRA Y SELVA EXPORTADORA","24","TUMBES","452729","451148.58"
"2025","13","GOBIERNO NACIONAL","0101010301","INSTITUCIONES PUBLICAS DESCENTRALIZADAS","2744","SIERRA Y SELVA EXPORTADORA","25","UCAYALI","418411","408415.29"
"2025","13","GOBIERNO NACIONAL","0101010301","INSTITUCIONES PUBLICAS DESCENTRALIZADAS","2745","INSTITUTO NACIONAL DE ENFERMEDADES NEOPLASICAS","15","LIMA","573320309","518297413.26"
"2025","13","GOBIERNO NACIONAL","0101010301","INSTITUCIONES PUBLICAS DESCENTRALIZADAS","2759","AUTORIDAD NACIONAL DEL SERVICIO CIVIL","15","LIMA","94124633","87992707.91"
"2025","13","GOBIERNO NACIONAL","0101010301","INSTITUCIONES PUBLICAS DESCENTRALIZADAS","2769","AUTORIDAD NACIONAL DEL AGUA","01","AMAZONAS","1728119","1418025.11"
"2025","13","GOBIERNO NACIONAL","0101010301","INSTITUCIONES PUBLICAS DESCENTRALIZADAS","2769","AUTORIDAD NACIONAL DEL AGUA","02","ANCASH","14718947","12990259.95"
"2025","13","GOBIERNO NACIONAL","0101010301","INSTITUCIONES PUBLICAS DESCENTRALIZADAS","2769","AUTORIDAD NACIONAL DEL AGUA","03","APURIMAC","7314944","6489990.64"
"2025","13","GOBIERNO NACIONAL","0101010301","INSTITUCIONES PUBLICAS DESCENTRALIZADAS","2769","AUTORIDAD NACIONAL DEL AGUA","04","AREQUIPA","12869344","11020212.08"
"2025","13","GOBIERNO NACIONAL","0101010301","INSTITUCIONES PUBLICAS DESCENTRALIZADAS","2769","AUTORIDAD NACIONAL DEL AGUA","05","AYACUCHO","1963615","1577671.67"
"2025","13","GOBIERNO NACIONAL","0101010301","INSTITUCIONES PUBLICAS DESCENTRALIZADAS","2769","AUTORIDAD NACIONAL DEL AGUA","06","CAJAMARCA","8166352","7109559.1"
"2025","13","GOBIERNO NACIONAL","0101010301","INSTITUCIONES PUBLICAS DESCENTRALIZADAS","2769","AUTORIDAD NACIONAL DEL AGUA","08","CUSCO","7493292","6622873.19"
"2025","13","GOBIERNO NACIONAL","0101010301","INSTITUCIONES PUBLICAS DESCENTRALIZADAS","2769","AUTORIDAD NACIONAL DEL AGUA","09","HUANCAVELICA","991081","858693.01"
"2025","13","GOBIERNO NACIONAL","0101010301","INSTITUCIONES PUBLICAS DESCENTRALIZADAS","2769","AUTORIDAD NACIONAL DEL AGUA","10","HUANUCO","2641974","2423549.44"
"2025","13","GOBIERNO NACIONAL","0101010301","INSTITUCIONES PUBLICAS DESCENTRALIZADAS","2769","AUTORIDAD NACIONAL DEL AGUA","11","ICA","10074159","8185981.85"
"2025","13","GOBIERNO NACIONAL","0101010301","INSTITUCIONES PUBLICAS DESCENTRALIZADAS","2769","AUTORIDAD NACIONAL DEL AGUA","12","JUNIN","7580926","6795257.84"
"2025","13","GOBIERNO NACIONAL","0101010301","INSTITUCIONES PUBLICAS DESCENTRALIZADAS","2769","AUTORIDAD NACIONAL DEL AGUA","13","LA LIBERTAD","6258857","5282455.68"
"2025","13","GOBIERNO NACIONAL","0101010301","INSTITUCIONES PUBLICAS DESCENTRALIZADAS","2769","AUTORIDAD NACIONAL DEL AGUA","14","LAMBAYEQUE","4701584","3663728.94"
"2025","13","GOBIERNO NACIONAL","0101010301","INSTITUCIONES PUBLICAS DESCENTRALIZADAS","2769","AUTORIDAD NACIONAL DEL AGUA","15","LIMA","526438602","502696373.71"
"2025","13","GOBIERNO NACIONAL","0101010301","INSTITUCIONES PUBLICAS DESCENTRALIZADAS","2769","AUTORIDAD NACIONAL DEL AGUA","16","LORETO","4771582","3524426.61"
"2025","13","GOBIERNO NACIONAL","0101010301","INSTITUCIONES PUBLICAS DESCENTRALIZADAS","2769","AUTORIDAD NACIONAL DEL AGUA","17","MADRE DE DIOS","3137757","2826602.55"
"2025","13","GOBIERNO NACIONAL","0101010301","INSTITUCIONES PUBLICAS DESCENTRALIZADAS","2769","AUTORIDAD NACIONAL DEL AGUA","18","MOQUEGUA","906147","715992.17"
"2025","13","GOBIERNO NACIONAL","0101010301","INSTITUCIONES PUBLICAS DESCENTRALIZADAS","2769","AUTORIDAD NACIONAL DEL AGUA","19","PASCO","996975","832053.98"
"2025","13","GOBIERNO NACIONAL","0101010301","INSTITUCIONES PUBLICAS DESCENTRALIZADAS","2769","AUTORIDAD NACIONAL DEL AGUA","20","PIURA","24110558","20987786.24"
"2025","13","GOBIERNO NACIONAL","0101010301","INSTITUCIONES PUBLICAS DESCENTRALIZADAS","2769","AUTORIDAD NACIONAL DEL AGUA","21","PUNO","8878813","7712934.71"
"2025","13","GOBIERNO NACIONAL","0101010301","INSTITUCIONES PUBLICAS DESCENTRALIZADAS","2769","AUTORIDAD NACIONAL DEL AGUA","22","SAN MARTIN","7788780","7241993.15"
"2025","13","GOBIERNO NACIONAL","0101010301","INSTITUCIONES PUBLICAS DESCENTRALIZADAS","2769","AUTORIDAD NACIONAL DEL AGUA","23","TACNA","2058440","1813505.72"
"2025","13","GOBIERNO NACIONAL","0101010301","INSTITUCIONES PUBLICAS DESCENTRALIZADAS","2769","AUTORIDAD NACIONAL DEL AGUA","24","TUMBES","2002124","1722090.03"
"2025","13","GOBIERNO NACIONAL","0101010301","INSTITUCIONES PUBLICAS DESCENTRALIZADAS","2769","AUTORIDAD NACIONAL DEL AGUA","25","UCAYALI","5213363","4675075.37"
"2025","13","GOBIERNO NACIONAL","0101010301","INSTITUCIONES PUBLICAS DESCENTRALIZADAS","2770","ORGANISMO DE SUPERVISION DE LOS RECURSOS  FORESTALES Y DE FAUNA SILVESTRE","12","JUNIN","961305","952218.18"
"2025","13","GOBIERNO NACIONAL","0101010301","INSTITUCIONES PUBLICAS DESCENTRALIZADAS","2770","ORGANISMO DE SUPERVISION DE LOS RECURSOS  FORESTALES Y DE FAUNA SILVESTRE","14","LAMBAYEQUE","649794","637408.93"
"2025","13","GOBIERNO NACIONAL","0101010301","INSTITUCIONES PUBLICAS DESCENTRALIZADAS","2770","ORGANISMO DE SUPERVISION DE LOS RECURSOS  FORESTALES Y DE FAUNA SILVESTRE","15","LIMA","29554565","29459301.44"
"2025","13","GOBIERNO NACIONAL","0101010301","INSTITUCIONES PUBLICAS DESCENTRALIZADAS","2770","ORGANISMO DE SUPERVISION DE LOS RECURSOS  FORESTALES Y DE FAUNA SILVESTRE","16","LORETO","2873837","2861506.74"
"2025","13","GOBIERNO NACIONAL","0101010301","INSTITUCIONES PUBLICAS DESCENTRALIZADAS","2770","ORGANISMO DE SUPERVISION DE LOS RECURSOS  FORESTALES Y DE FAUNA SILVESTRE","17","MADRE DE DIOS","3060799","3058200.98"
"2025","13","GOBIERNO NACIONAL","0101010301","INSTITUCIONES PUBLICAS DESCENTRALIZADAS","2770","ORGANISMO DE SUPERVISION DE LOS RECURSOS  FORESTALES Y DE FAUNA SILVESTRE","20","PIURA","27500","27500"
"2025","13","GOBIERNO NACIONAL","0101010301","INSTITUCIONES PUBLICAS DESCENTRALIZADAS","2770","ORGANISMO DE SUPERVISION DE LOS RECURSOS  FORESTALES Y DE FAUNA SILVESTRE","22","SAN MARTIN","1960253","1958694.82"
"2025","13","GOBIERNO NACIONAL","0101010301","INSTITUCIONES PUBLICAS DESCENTRALIZADAS","2770","ORGANISMO DE SUPERVISION DE LOS RECURSOS  FORESTALES Y DE FAUNA SILVESTRE","25","UCAYALI","3418119","3402860.42"
"2025","13","GOBIERNO NACIONAL","0101010301","INSTITUCIONES PUBLICAS DESCENTRALIZADAS","2773","ORGANISMO DE EVALUACION Y FISCALIZACION AMBIENTAL","01","AMAZONAS","1050161","1033624.01"
"2025","13","GOBIERNO NACIONAL","0101010301","INSTITUCIONES PUBLICAS DESCENTRALIZADAS","2773","ORGANISMO DE EVALUACION Y FISCALIZACION AMBIENTAL","02","ANCASH","2093822","1976568.01"
"2025","13","GOBIERNO NACIONAL","0101010301","INSTITUCIONES PUBLICAS DESCENTRALIZADAS","2773","ORGANISMO DE EVALUACION Y FISCALIZACION AMBIENTAL","03","APURIMAC","5139485","4968682.15"
"2025","13","GOBIERNO NACIONAL","0101010301","INSTITUCIONES PUBLICAS DESCENTRALIZADAS","2773","ORGANISMO DE EVALUACION Y FISCALIZACION AMBIENTAL","04","AREQUIPA","1509838","1462808.58"
"2025","13","GOBIERNO NACIONAL","0101010301","INSTITUCIONES PUBLICAS DESCENTRALIZADAS","2773","ORGANISMO DE EVALUACION Y FISCALIZACION AMBIENTAL","05","AYACUCHO","964443","948496.94"
"2025","13","GOBIERNO NACIONAL","0101010301","INSTITUCIONES PUBLICAS DESCENTRALIZADAS","2773","ORGANISMO DE EVALUACION Y FISCALIZACION AMBIENTAL","06","CAJAMARCA","1142378","1091486.92"
"2025","13","GOBIERNO NACIONAL","0101010301","INSTITUCIONES PUBLICAS DESCENTRALIZADAS","2773","ORGANISMO DE EVALUACION Y FISCALIZACION AMBIENTAL","08","CUSCO","9089768","4443509.58"
"2025","13","GOBIERNO NACIONAL","0101010301","INSTITUCIONES PUBLICAS DESCENTRALIZADAS","2773","ORGANISMO DE EVALUACION Y FISCALIZACION AMBIENTAL","09","HUANCAVELICA","1034470","1021627.09"
"2025","13","GOBIERNO NACIONAL","0101010301","INSTITUCIONES PUBLICAS DESCENTRALIZADAS","2773","ORGANISMO DE EVALUACION Y FISCALIZACION AMBIENTAL","10","HUANUCO","991430","954180.62"
"2025","13","GOBIERNO NACIONAL","0101010301","INSTITUCIONES PUBLICAS DESCENTRALIZADAS","2773","ORGANISMO DE EVALUACION Y FISCALIZACION AMBIENTAL","11","ICA","2157120","2020270.07"
"2025","13","GOBIERNO NACIONAL","0101010301","INSTITUCIONES PUBLICAS DESCENTRALIZADAS","2773","ORGANISMO DE EVALUACION Y FISCALIZACION AMBIENTAL","12","JUNIN","2339856","2205355.89"
"2025","13","GOBIERNO NACIONAL","0101010301","INSTITUCIONES PUBLICAS DESCENTRALIZADAS","2773","ORGANISMO DE EVALUACION Y FISCALIZACION AMBIENTAL","13","LA LIBERTAD","1471162","1385800.95"
"2025","13","GOBIERNO NACIONAL","0101010301","INSTITUCIONES PUBLICAS DESCENTRALIZADAS","2773","ORGANISMO DE EVALUACION Y FISCALIZACION AMBIENTAL","14","LAMBAYEQUE","1202907","1108462.33"
"2025","13","GOBIERNO NACIONAL","0101010301","INSTITUCIONES PUBLICAS DESCENTRALIZADAS","2773","ORGANISMO DE EVALUACION Y FISCALIZACION AMBIENTAL","15","LIMA","267342391","257335248.14"
"2025","13","GOBIERNO NACIONAL","0101010301","INSTITUCIONES PUBLICAS DESCENTRALIZADAS","2773","ORGANISMO DE EVALUACION Y FISCALIZACION AMBIENTAL","16","LORETO","1061085","992157.45"
"2025","13","GOBIERNO NACIONAL","0101010301","INSTITUCIONES PUBLICAS DESCENTRALIZADAS","2773","ORGANISMO DE EVALUACION Y FISCALIZACION AMBIENTAL","17","MADRE DE DIOS","946228","852746.24"
"2025","13","GOBIERNO NACIONAL","0101010301","INSTITUCIONES PUBLICAS DESCENTRALIZADAS","2773","ORGANISMO DE EVALUACION Y FISCALIZACION AMBIENTAL","18","MOQUEGUA","1090859","1010406.06"
"2025","13","GOBIERNO NACIONAL","0101010301","INSTITUCIONES PUBLICAS DESCENTRALIZADAS","2773","ORGANISMO DE EVALUACION Y FISCALIZACION AMBIENTAL","19","PASCO","2209018","1990267.69"
"2025","13","GOBIERNO NACIONAL","0101010301","INSTITUCIONES PUBLICAS DESCENTRALIZADAS","2773","ORGANISMO DE EVALUACION Y FISCALIZACION AMBIENTAL","20","PIURA","2364081","2196534.7"
"2025","13","GOBIERNO NACIONAL","0101010301","INSTITUCIONES PUBLICAS DESCENTRALIZADAS","2773","ORGANISMO DE EVALUACION Y FISCALIZACION AMBIENTAL","21","PUNO","1150790","1042002.01"
"2025","13","GOBIERNO NACIONAL","0101010301","INSTITUCIONES PUBLICAS DESCENTRALIZADAS","2773","ORGANISMO DE EVALUACION Y FISCALIZACION AMBIENTAL","22","SAN MARTIN","1339265","1279985.63"
"2025","13","GOBIERNO NACIONAL","0101010301","INSTITUCIONES PUBLICAS DESCENTRALIZADAS","2773","ORGANISMO DE EVALUACION Y FISCALIZACION AMBIENTAL","23","TACNA","1111813","1023510.92"
"2025","13","GOBIERNO NACIONAL","0101010301","INSTITUCIONES PUBLICAS DESCENTRALIZADAS","2773","ORGANISMO DE EVALUACION Y FISCALIZACION AMBIENTAL","24","TUMBES","1025480","976959.96"
"2025","13","GOBIERNO NACIONAL","0101010301","INSTITUCIONES PUBLICAS DESCENTRALIZADAS","2773","ORGANISMO DE EVALUACION Y FISCALIZACION AMBIENTAL","25","UCAYALI","1070299","1022458.7"
"2025","13","GOBIERNO NACIONAL","0101010301","INSTITUCIONES PUBLICAS DESCENTRALIZADAS","2776","SERVICIO NACIONAL DE AREAS NATURALES PROTEGIDAS POR EL ESTADO","01","AMAZONAS","3530969","3505572.65"
"2025","13","GOBIERNO NACIONAL","0101010301","INSTITUCIONES PUBLICAS DESCENTRALIZADAS","2776","SERVICIO NACIONAL DE AREAS NATURALES PROTEGIDAS POR EL ESTADO","02","ANCASH","2580414","2534857.54"
"2025","13","GOBIERNO NACIONAL","0101010301","INSTITUCIONES PUBLICAS DESCENTRALIZADAS","2776","SERVICIO NACIONAL DE AREAS NATURALES PROTEGIDAS POR EL ESTADO","03","APURIMAC","302498","302313.81"
"2025","13","GOBIERNO NACIONAL","0101010301","INSTITUCIONES PUBLICAS DESCENTRALIZADAS","2776","SERVICIO NACIONAL DE AREAS NATURALES PROTEGIDAS POR EL ESTADO","04","AREQUIPA","1692932","1600636.91"
"2025","13","GOBIERNO NACIONAL","0101010301","INSTITUCIONES PUBLICAS DESCENTRALIZADAS","2776","SERVICIO NACIONAL DE AREAS NATURALES PROTEGIDAS POR EL ESTADO","05","AYACUCHO","821207","819191.33"
"2025","13","GOBIERNO NACIONAL","0101010301","INSTITUCIONES PUBLICAS DESCENTRALIZADAS","2776","SERVICIO NACIONAL DE AREAS NATURALES PROTEGIDAS POR EL ESTADO","06","CAJAMARCA","2915666","2851553.26"
"2025","13","GOBIERNO NACIONAL","0101010301","INSTITUCIONES PUBLICAS DESCENTRALIZADAS","2776","SERVICIO NACIONAL DE AREAS NATURALES PROTEGIDAS POR EL ESTADO","07","PROV CONSTIT DEL CALLAO","84146","83845.37"
"2025","13","GOBIERNO NACIONAL","0101010301","INSTITUCIONES PUBLICAS DESCENTRALIZADAS","2776","SERVICIO NACIONAL DE AREAS NATURALES PROTEGIDAS POR EL ESTADO","08","CUSCO","7451283","7373987.72"
"2025","13","GOBIERNO NACIONAL","0101010301","INSTITUCIONES PUBLICAS DESCENTRALIZADAS","2776","SERVICIO NACIONAL DE AREAS NATURALES PROTEGIDAS POR EL ESTADO","10","HUANUCO","4321760","4049667.63"
"2025","13","GOBIERNO NACIONAL","0101010301","INSTITUCIONES PUBLICAS DESCENTRALIZADAS","2776","SERVICIO NACIONAL DE AREAS NATURALES PROTEGIDAS POR EL ESTADO","11","ICA","3779162","3718129.25"
"2025","13","GOBIERNO NACIONAL","0101010301","INSTITUCIONES PUBLICAS DESCENTRALIZADAS","2776","SERVICIO NACIONAL DE AREAS NATURALES PROTEGIDAS POR EL ESTADO","12","JUNIN","5672195","5395646.5"
"2025","13","GOBIERNO NACIONAL","0101010301","INSTITUCIONES PUBLICAS DESCENTRALIZADAS","2776","SERVICIO NACIONAL DE AREAS NATURALES PROTEGIDAS POR EL ESTADO","13","LA LIBERTAD","930453","891517.76"
"2025","13","GOBIERNO NACIONAL","0101010301","INSTITUCIONES PUBLICAS DESCENTRALIZADAS","2776","SERVICIO NACIONAL DE AREAS NATURALES PROTEGIDAS POR EL ESTADO","14","LAMBAYEQUE","1181623","1170335.84"
"2025","13","GOBIERNO NACIONAL","0101010301","INSTITUCIONES PUBLICAS DESCENTRALIZADAS","2776","SERVICIO NACIONAL DE AREAS NATURALES PROTEGIDAS POR EL ESTADO","15","LIMA","56519397","54032727.69"
"2025","13","GOBIERNO NACIONAL","0101010301","INSTITUCIONES PUBLICAS DESCENTRALIZADAS","2776","SERVICIO NACIONAL DE AREAS NATURALES PROTEGIDAS POR EL ESTADO","16","LORETO","17735844","17351452.75"
"2025","13","GOBIERNO NACIONAL","0101010301","INSTITUCIONES PUBLICAS DESCENTRALIZADAS","2776","SERVICIO NACIONAL DE AREAS NATURALES PROTEGIDAS POR EL ESTADO","17","MADRE DE DIOS","9780360","9400196.78"
"2025","13","GOBIERNO NACIONAL","0101010301","INSTITUCIONES PUBLICAS DESCENTRALIZADAS","2776","SERVICIO NACIONAL DE AREAS NATURALES PROTEGIDAS POR EL ESTADO","19","PASCO","6883004","6580568.13"
"2025","13","GOBIERNO NACIONAL","0101010301","INSTITUCIONES PUBLICAS DESCENTRALIZADAS","2776","SERVICIO NACIONAL DE AREAS NATURALES PROTEGIDAS POR EL ESTADO","20","PIURA","848049","824769.91"
"2025","13","GOBIERNO NACIONAL","0101010301","INSTITUCIONES PUBLICAS DESCENTRALIZADAS","2776","SERVICIO NACIONAL DE AREAS NATURALES PROTEGIDAS POR EL ESTADO","21","PUNO","3814219","3520439.41"
"2025","13","GOBIERNO NACIONAL","0101010301","INSTITUCIONES PUBLICAS DESCENTRALIZADAS","2776","SERVICIO NACIONAL DE AREAS NATURALES PROTEGIDAS POR EL ESTADO","22","SAN MARTIN","6710171","6130162.78"
"2025","13","GOBIERNO NACIONAL","0101010301","INSTITUCIONES PUBLICAS DESCENTRALIZADAS","2776","SERVICIO NACIONAL DE AREAS NATURALES PROTEGIDAS POR EL ESTADO","24","TUMBES","2651248","2580675.33"
"2025","13","GOBIERNO NACIONAL","0101010301","INSTITUCIONES PUBLICAS DESCENTRALIZADAS","2776","SERVICIO NACIONAL DE AREAS NATURALES PROTEGIDAS POR EL ESTADO","25","UCAYALI","2746953","2697020.56"
"2025","13","GOBIERNO NACIONAL","0101010301","INSTITUCIONES PUBLICAS DESCENTRALIZADAS","2797","SUPERINTEDENCIA DE TRANSPORTE TERRESTRE DE PERSONAS, CARGAS Y MERCANCIAS","01","AMAZONAS","1405049","1399836.8"
"2025","13","GOBIERNO NACIONAL","0101010301","INSTITUCIONES PUBLICAS DESCENTRALIZADAS","2797","SUPERINTEDENCIA DE TRANSPORTE TERRESTRE DE PERSONAS, CARGAS Y MERCANCIAS","02","ANCASH","1922770","1552275.13"
"2025","13","GOBIERNO NACIONAL","0101010301","INSTITUCIONES PUBLICAS DESCENTRALIZADAS","2797","SUPERINTEDENCIA DE TRANSPORTE TERRESTRE DE PERSONAS, CARGAS Y MERCANCIAS","03","APURIMAC","1055438","1049609.91"
"2025","13","GOBIERNO NACIONAL","0101010301","INSTITUCIONES PUBLICAS DESCENTRALIZADAS","2797","SUPERINTEDENCIA DE TRANSPORTE TERRESTRE DE PERSONAS, CARGAS Y MERCANCIAS","04","AREQUIPA","3668318","3614812.24"
"2025","13","GOBIERNO NACIONAL","0101010301","INSTITUCIONES PUBLICAS DESCENTRALIZADAS","2797","SUPERINTEDENCIA DE TRANSPORTE TERRESTRE DE PERSONAS, CARGAS Y MERCANCIAS","05","AYACUCHO","1143422","1132103.9"
"2025","13","GOBIERNO NACIONAL","0101010301","INSTITUCIONES PUBLICAS DESCENTRALIZADAS","2797","SUPERINTEDENCIA DE TRANSPORTE TERRESTRE DE PERSONAS, CARGAS Y MERCANCIAS","06","CAJAMARCA","1264564","1253490.61"
"2025","13","GOBIERNO NACIONAL","0101010301","INSTITUCIONES PUBLICAS DESCENTRALIZADAS","2797","SUPERINTEDENCIA DE TRANSPORTE TERRESTRE DE PERSONAS, CARGAS Y MERCANCIAS","08","CUSCO","1651721","1642841.91"
"2025","13","GOBIERNO NACIONAL","0101010301","INSTITUCIONES PUBLICAS DESCENTRALIZADAS","2797","SUPERINTEDENCIA DE TRANSPORTE TERRESTRE DE PERSONAS, CARGAS Y MERCANCIAS","10","HUANUCO","1992352","1989927.9"
"2025","13","GOBIERNO NACIONAL","0101010301","INSTITUCIONES PUBLICAS DESCENTRALIZADAS","2797","SUPERINTEDENCIA DE TRANSPORTE TERRESTRE DE PERSONAS, CARGAS Y MERCANCIAS","11","ICA","1987884","1943734.35"
"2025","13","GOBIERNO NACIONAL","0101010301","INSTITUCIONES PUBLICAS DESCENTRALIZADAS","2797","SUPERINTEDENCIA DE TRANSPORTE TERRESTRE DE PERSONAS, CARGAS Y MERCANCIAS","12","JUNIN","3687683","3671070.58"
"2025","13","GOBIERNO NACIONAL","0101010301","INSTITUCIONES PUBLICAS DESCENTRALIZADAS","2797","SUPERINTEDENCIA DE TRANSPORTE TERRESTRE DE PERSONAS, CARGAS Y MERCANCIAS","13","LA LIBERTAD","6715684","6134433.62"
"2025","13","GOBIERNO NACIONAL","0101010301","INSTITUCIONES PUBLICAS DESCENTRALIZADAS","2797","SUPERINTEDENCIA DE TRANSPORTE TERRESTRE DE PERSONAS, CARGAS Y MERCANCIAS","14","LAMBAYEQUE","2020710","1946683.95"
"2025","13","GOBIERNO NACIONAL","0101010301","INSTITUCIONES PUBLICAS DESCENTRALIZADAS","2797","SUPERINTEDENCIA DE TRANSPORTE TERRESTRE DE PERSONAS, CARGAS Y MERCANCIAS","15","LIMA","113156235","110675386.72"
"2025","13","GOBIERNO NACIONAL","0101010301","INSTITUCIONES PUBLICAS DESCENTRALIZADAS","2797","SUPERINTEDENCIA DE TRANSPORTE TERRESTRE DE PERSONAS, CARGAS Y MERCANCIAS","17","MADRE DE DIOS","1829769","1810226.37"
"2025","13","GOBIERNO NACIONAL","0101010301","INSTITUCIONES PUBLICAS DESCENTRALIZADAS","2797","SUPERINTEDENCIA DE TRANSPORTE TERRESTRE DE PERSONAS, CARGAS Y MERCANCIAS","18","MOQUEGUA","1406070","1384956.87"
"2025","13","GOBIERNO NACIONAL","0101010301","INSTITUCIONES PUBLICAS DESCENTRALIZADAS","2797","SUPERINTEDENCIA DE TRANSPORTE TERRESTRE DE PERSONAS, CARGAS Y MERCANCIAS","19","PASCO","898672","882290.47"
"2025","13","GOBIERNO NACIONAL","0101010301","INSTITUCIONES PUBLICAS DESCENTRALIZADAS","2797","SUPERINTEDENCIA DE TRANSPORTE TERRESTRE DE PERSONAS, CARGAS Y MERCANCIAS","20","PIURA","3478107","3465666.93"
"2025","13","GOBIERNO NACIONAL","0101010301","INSTITUCIONES PUBLICAS DESCENTRALIZADAS","2797","SUPERINTEDENCIA DE TRANSPORTE TERRESTRE DE PERSONAS, CARGAS Y MERCANCIAS","21","PUNO","3150743","3143974.88"
"2025","13","GOBIERNO NACIONAL","0101010301","INSTITUCIONES PUBLICAS DESCENTRALIZADAS","2797","SUPERINTEDENCIA DE TRANSPORTE TERRESTRE DE PERSONAS, CARGAS Y MERCANCIAS","22","SAN MARTIN","2314724","2284249.44"
"2025","13","GOBIERNO NACIONAL","0101010301","INSTITUCIONES PUBLICAS DESCENTRALIZADAS","2797","SUPERINTEDENCIA DE TRANSPORTE TERRESTRE DE PERSONAS, CARGAS Y MERCANCIAS","23","TACNA","1432837","1422876.23"
"2025","13","GOBIERNO NACIONAL","0101010301","INSTITUCIONES PUBLICAS DESCENTRALIZADAS","2797","SUPERINTEDENCIA DE TRANSPORTE TERRESTRE DE PERSONAS, CARGAS Y MERCANCIAS","24","TUMBES","1714888","1703156.11"
"2025","13","GOBIERNO NACIONAL","0101010301","INSTITUCIONES PUBLICAS DESCENTRALIZADAS","2797","SUPERINTEDENCIA DE TRANSPORTE TERRESTRE DE PERSONAS, CARGAS Y MERCANCIAS","25","UCAYALI","1050428","1041630.03"
"2025","13","GOBIERNO NACIONAL","0101010301","INSTITUCIONES PUBLICAS DESCENTRALIZADAS","2822","CENTRO NACIONAL DE ESTIMACIÓN, PREVENCIÓN Y REDUCCIÓN DEL RIESGO DE DESASTRES","15","LIMA","18592774","18109475.75"
"2025","13","GOBIERNO NACIONAL","0101010301","INSTITUCIONES PUBLICAS DESCENTRALIZADAS","2863","SISTEMA NACIONAL DE EVALUACION ACREDITACION Y CERTIFICACION DE LA CALIDAD EDUCATIVA","15","LIMA","19179451","19015407.77"
"2025","13","GOBIERNO NACIONAL","0101010301","INSTITUCIONES PUBLICAS DESCENTRALIZADAS","2875","SUPERINTENDENCIA NACIONAL DE MIGRACIONES","02","ANCASH","4057815","4014484.49"
"2025","13","GOBIERNO NACIONAL","0101010301","INSTITUCIONES PUBLICAS DESCENTRALIZADAS","2875","SUPERINTENDENCIA NACIONAL DE MIGRACIONES","04","AREQUIPA","4079617","4014105.33"
"2025","13","GOBIERNO NACIONAL","0101010301","INSTITUCIONES PUBLICAS DESCENTRALIZADAS","2875","SUPERINTENDENCIA NACIONAL DE MIGRACIONES","07","PROV CONSTIT DEL CALLAO","18661041","18327657.76"
"2025","13","GOBIERNO NACIONAL","0101010301","INSTITUCIONES PUBLICAS DESCENTRALIZADAS","2875","SUPERINTENDENCIA NACIONAL DE MIGRACIONES","08","CUSCO","3894094","3759326.25"
"2025","13","GOBIERNO NACIONAL","0101010301","INSTITUCIONES PUBLICAS DESCENTRALIZADAS","2875","SUPERINTENDENCIA NACIONAL DE MIGRACIONES","11","ICA","811160","804799.33"
"2025","13","GOBIERNO NACIONAL","0101010301","INSTITUCIONES PUBLICAS DESCENTRALIZADAS","2875","SUPERINTENDENCIA NACIONAL DE MIGRACIONES","12","JUNIN","1052975","1044859.34"
"2025","13","GOBIERNO NACIONAL","0101010301","INSTITUCIONES PUBLICAS DESCENTRALIZADAS","2875","SUPERINTENDENCIA NACIONAL DE MIGRACIONES","13","LA LIBERTAD","2002057","1998446.2"
"2025","13","GOBIERNO NACIONAL","0101010301","INSTITUCIONES PUBLICAS DESCENTRALIZADAS","2875","SUPERINTENDENCIA NACIONAL DE MIGRACIONES","14","LAMBAYEQUE","1910065","1906393.3"
"2025","13","GOBIERNO NACIONAL","0101010301","INSTITUCIONES PUBLICAS DESCENTRALIZADAS","2875","SUPERINTENDENCIA NACIONAL DE MIGRACIONES","15","LIMA","161493320","157067627.73"
"2025","13","GOBIERNO NACIONAL","0101010301","INSTITUCIONES PUBLICAS DESCENTRALIZADAS","2875","SUPERINTENDENCIA NACIONAL DE MIGRACIONES","16","LORETO","3008388","2984538.47"
"2025","13","GOBIERNO NACIONAL","0101010301","INSTITUCIONES PUBLICAS DESCENTRALIZADAS","2875","SUPERINTENDENCIA NACIONAL DE MIGRACIONES","17","MADRE DE DIOS","2658106","2641294.07"
"2025","13","GOBIERNO NACIONAL","0101010301","INSTITUCIONES PUBLICAS DESCENTRALIZADAS","2875","SUPERINTENDENCIA NACIONAL DE MIGRACIONES","20","PIURA","3345932","3294020.44"
"2025","13","GOBIERNO NACIONAL","0101010301","INSTITUCIONES PUBLICAS DESCENTRALIZADAS","2875","SUPERINTENDENCIA NACIONAL DE MIGRACIONES","21","PUNO","4160272","4142794.68"
"2025","13","GOBIERNO NACIONAL","0101010301","INSTITUCIONES PUBLICAS DESCENTRALIZADAS","2875","SUPERINTENDENCIA NACIONAL DE MIGRACIONES","22","SAN MARTIN","825902","820120.4"
"2025","13","GOBIERNO NACIONAL","0101010301","INSTITUCIONES PUBLICAS DESCENTRALIZADAS","2875","SUPERINTENDENCIA NACIONAL DE MIGRACIONES","23","TACNA","8329268","8313609.5"
"2025","13","GOBIERNO NACIONAL","0101010301","INSTITUCIONES PUBLICAS DESCENTRALIZADAS","2875","SUPERINTENDENCIA NACIONAL DE MIGRACIONES","24","TUMBES","5025096","5010328.71"
"2025","13","GOBIERNO NACIONAL","0101010301","INSTITUCIONES PUBLICAS DESCENTRALIZADAS","2875","SUPERINTENDENCIA NACIONAL DE MIGRACIONES","25","UCAYALI","1757504","1749815.01"
"2025","13","GOBIERNO NACIONAL","0101010301","INSTITUCIONES PUBLICAS DESCENTRALIZADAS","2878","SUPERINTENDENCIA NACIONAL DE CONTROL DE SERVICIOS DE SEGURIDAD, ARMAS, MUNICIONES Y EXPLOSIVOS DE USO CIVIL","02","ANCASH","591454","583234.11"
"2025","13","GOBIERNO NACIONAL","0101010301","INSTITUCIONES PUBLICAS DESCENTRALIZADAS","2878","SUPERINTENDENCIA NACIONAL DE CONTROL DE SERVICIOS DE SEGURIDAD, ARMAS, MUNICIONES Y EXPLOSIVOS DE USO CIVIL","03","APURIMAC","99829","78595.93"
"2025","13","GOBIERNO NACIONAL","0101010301","INSTITUCIONES PUBLICAS DESCENTRALIZADAS","2878","SUPERINTENDENCIA NACIONAL DE CONTROL DE SERVICIOS DE SEGURIDAD, ARMAS, MUNICIONES Y EXPLOSIVOS DE USO CIVIL","04","AREQUIPA","653738","642537.2"
"2025","13","GOBIERNO NACIONAL","0101010301","INSTITUCIONES PUBLICAS DESCENTRALIZADAS","2878","SUPERINTENDENCIA NACIONAL DE CONTROL DE SERVICIOS DE SEGURIDAD, ARMAS, MUNICIONES Y EXPLOSIVOS DE USO CIVIL","06","CAJAMARCA","590168","583791.03"
"2025","13","GOBIERNO NACIONAL","0101010301","INSTITUCIONES PUBLICAS DESCENTRALIZADAS","2878","SUPERINTENDENCIA NACIONAL DE CONTROL DE SERVICIOS DE SEGURIDAD, ARMAS, MUNICIONES Y EXPLOSIVOS DE USO CIVIL","07","PROV CONSTIT DEL CALLAO","19858","3375"
"2025","13","GOBIERNO NACIONAL","0101010301","INSTITUCIONES PUBLICAS DESCENTRALIZADAS","2878","SUPERINTENDENCIA NACIONAL DE CONTROL DE SERVICIOS DE SEGURIDAD, ARMAS, MUNICIONES Y EXPLOSIVOS DE USO CIVIL","08","CUSCO","782003","776726.33"
"2025","13","GOBIERNO NACIONAL","0101010301","INSTITUCIONES PUBLICAS DESCENTRALIZADAS","2878","SUPERINTENDENCIA NACIONAL DE CONTROL DE SERVICIOS DE SEGURIDAD, ARMAS, MUNICIONES Y EXPLOSIVOS DE USO CIVIL","11","ICA","583483","571480.55"
"2025","13","GOBIERNO NACIONAL","0101010301","INSTITUCIONES PUBLICAS DESCENTRALIZADAS","2878","SUPERINTENDENCIA NACIONAL DE CONTROL DE SERVICIOS DE SEGURIDAD, ARMAS, MUNICIONES Y EXPLOSIVOS DE USO CIVIL","12","JUNIN","613224","607992.32"
"2025","13","GOBIERNO NACIONAL","0101010301","INSTITUCIONES PUBLICAS DESCENTRALIZADAS","2878","SUPERINTENDENCIA NACIONAL DE CONTROL DE SERVICIOS DE SEGURIDAD, ARMAS, MUNICIONES Y EXPLOSIVOS DE USO CIVIL","13","LA LIBERTAD","2890311","2594237.49"
"2025","13","GOBIERNO NACIONAL","0101010301","INSTITUCIONES PUBLICAS DESCENTRALIZADAS","2878","SUPERINTENDENCIA NACIONAL DE CONTROL DE SERVICIOS DE SEGURIDAD, ARMAS, MUNICIONES Y EXPLOSIVOS DE USO CIVIL","14","LAMBAYEQUE","849573","828602.13"
"2025","13","GOBIERNO NACIONAL","0101010301","INSTITUCIONES PUBLICAS DESCENTRALIZADAS","2878","SUPERINTENDENCIA NACIONAL DE CONTROL DE SERVICIOS DE SEGURIDAD, ARMAS, MUNICIONES Y EXPLOSIVOS DE USO CIVIL","15","LIMA","32142483","30551599.77"
"2025","13","GOBIERNO NACIONAL","0101010301","INSTITUCIONES PUBLICAS DESCENTRALIZADAS","2878","SUPERINTENDENCIA NACIONAL DE CONTROL DE SERVICIOS DE SEGURIDAD, ARMAS, MUNICIONES Y EXPLOSIVOS DE USO CIVIL","16","LORETO","477221","469537.1"
"2025","13","GOBIERNO NACIONAL","0101010301","INSTITUCIONES PUBLICAS DESCENTRALIZADAS","2878","SUPERINTENDENCIA NACIONAL DE CONTROL DE SERVICIOS DE SEGURIDAD, ARMAS, MUNICIONES Y EXPLOSIVOS DE USO CIVIL","18","MOQUEGUA","538527","220210.42"
"2025","13","GOBIERNO NACIONAL","0101010301","INSTITUCIONES PUBLICAS DESCENTRALIZADAS","2878","SUPERINTENDENCIA NACIONAL DE CONTROL DE SERVICIOS DE SEGURIDAD, ARMAS, MUNICIONES Y EXPLOSIVOS DE USO CIVIL","20","PIURA","661813","651217.38"
"2025","13","GOBIERNO NACIONAL","0101010301","INSTITUCIONES PUBLICAS DESCENTRALIZADAS","2878","SUPERINTENDENCIA NACIONAL DE CONTROL DE SERVICIOS DE SEGURIDAD, ARMAS, MUNICIONES Y EXPLOSIVOS DE USO CIVIL","21","PUNO","692982","687318.35"
"2025","13","GOBIERNO NACIONAL","0101010301","INSTITUCIONES PUBLICAS DESCENTRALIZADAS","2878","SUPERINTENDENCIA NACIONAL DE CONTROL DE SERVICIOS DE SEGURIDAD, ARMAS, MUNICIONES Y EXPLOSIVOS DE USO CIVIL","23","TACNA","745932","739648.85"
"2025","13","GOBIERNO NACIONAL","0101010301","INSTITUCIONES PUBLICAS DESCENTRALIZADAS","2878","SUPERINTENDENCIA NACIONAL DE CONTROL DE SERVICIOS DE SEGURIDAD, ARMAS, MUNICIONES Y EXPLOSIVOS DE USO CIVIL","24","TUMBES","129183","101251.29"
"2025","13","GOBIERNO NACIONAL","0101010301","INSTITUCIONES PUBLICAS DESCENTRALIZADAS","2878","SUPERINTENDENCIA NACIONAL DE CONTROL DE SERVICIOS DE SEGURIDAD, ARMAS, MUNICIONES Y EXPLOSIVOS DE USO CIVIL","25","UCAYALI","487105","466892.02"
"2025","13","GOBIERNO NACIONAL","0101010301","INSTITUCIONES PUBLICAS DESCENTRALIZADAS","2891","SERVICIO NACIONAL DE CERTIFICACIÓN AMBIENTAL PARA LAS INVERSIONES SOSTENIBLES","15","LIMA","54530215","54195816.44"
"2025","13","GOBIERNO NACIONAL","0101010301","INSTITUCIONES PUBLICAS DESCENTRALIZADAS","2892","AGENCIA DE COMPRAS DE LAS FUERZAS ARMADAS","15","LIMA","8599113","8575903.55"
"2025","13","GOBIERNO NACIONAL","0101010301","INSTITUCIONES PUBLICAS DESCENTRALIZADAS","2895","SUPERINTENDENCIA NACIONAL DE FISCALIZACIÓN LABORAL","01","AMAZONAS","2122516","2068657.95"
"2025","13","GOBIERNO NACIONAL","0101010301","INSTITUCIONES PUBLICAS DESCENTRALIZADAS","2895","SUPERINTENDENCIA NACIONAL DE FISCALIZACIÓN LABORAL","02","ANCASH","4842152","4692236.89"
"2025","13","GOBIERNO NACIONAL","0101010301","INSTITUCIONES PUBLICAS DESCENTRALIZADAS","2895","SUPERINTENDENCIA NACIONAL DE FISCALIZACIÓN LABORAL","03","APURIMAC","2303843","2194253.27"
"2025","13","GOBIERNO NACIONAL","0101010301","INSTITUCIONES PUBLICAS DESCENTRALIZADAS","2895","SUPERINTENDENCIA NACIONAL DE FISCALIZACIÓN LABORAL","04","AREQUIPA","8063059","7873719.36"
"2025","13","GOBIERNO NACIONAL","0101010301","INSTITUCIONES PUBLICAS DESCENTRALIZADAS","2895","SUPERINTENDENCIA NACIONAL DE FISCALIZACIÓN LABORAL","05","AYACUCHO","3249848","3106216.32"
"2025","13","GOBIERNO NACIONAL","0101010301","INSTITUCIONES PUBLICAS DESCENTRALIZADAS","2895","SUPERINTENDENCIA NACIONAL DE FISCALIZACIÓN LABORAL","06","CAJAMARCA","3743466","3667715.47"
"2025","13","GOBIERNO NACIONAL","0101010301","INSTITUCIONES PUBLICAS DESCENTRALIZADAS","2895","SUPERINTENDENCIA NACIONAL DE FISCALIZACIÓN LABORAL","07","PROV CONSTIT DEL CALLAO","6249760","6194162.98"
"2025","13","GOBIERNO NACIONAL","0101010301","INSTITUCIONES PUBLICAS DESCENTRALIZADAS","2895","SUPERINTENDENCIA NACIONAL DE FISCALIZACIÓN LABORAL","08","CUSCO","5139578","5073680.84"
"2025","13","GOBIERNO NACIONAL","0101010301","INSTITUCIONES PUBLICAS DESCENTRALIZADAS","2895","SUPERINTENDENCIA NACIONAL DE FISCALIZACIÓN LABORAL","09","HUANCAVELICA","2214576","2172944.26"
"2025","13","GOBIERNO NACIONAL","0101010301","INSTITUCIONES PUBLICAS DESCENTRALIZADAS","2895","SUPERINTENDENCIA NACIONAL DE FISCALIZACIÓN LABORAL","10","HUANUCO","2918649","2834427.95"
"2025","13","GOBIERNO NACIONAL","0101010301","INSTITUCIONES PUBLICAS DESCENTRALIZADAS","2895","SUPERINTENDENCIA NACIONAL DE FISCALIZACIÓN LABORAL","11","ICA","5137306","5006979.48"
"2025","13","GOBIERNO NACIONAL","0101010301","INSTITUCIONES PUBLICAS DESCENTRALIZADAS","2895","SUPERINTENDENCIA NACIONAL DE FISCALIZACIÓN LABORAL","12","JUNIN","5884357","5822274.44"
"2025","13","GOBIERNO NACIONAL","0101010301","INSTITUCIONES PUBLICAS DESCENTRALIZADAS","2895","SUPERINTENDENCIA NACIONAL DE FISCALIZACIÓN LABORAL","13","LA LIBERTAD","8172393","8023638.71"
"2025","13","GOBIERNO NACIONAL","0101010301","INSTITUCIONES PUBLICAS DESCENTRALIZADAS","2895","SUPERINTENDENCIA NACIONAL DE FISCALIZACIÓN LABORAL","14","LAMBAYEQUE","6448196","6376361.66"
"2025","13","GOBIERNO NACIONAL","0101010301","INSTITUCIONES PUBLICAS DESCENTRALIZADAS","2895","SUPERINTENDENCIA NACIONAL DE FISCALIZACIÓN LABORAL","15","LIMA","182621643","180047647.5"
"2025","13","GOBIERNO NACIONAL","0101010301","INSTITUCIONES PUBLICAS DESCENTRALIZADAS","2895","SUPERINTENDENCIA NACIONAL DE FISCALIZACIÓN LABORAL","16","LORETO","3005960","2925056.34"
"2025","13","GOBIERNO NACIONAL","0101010301","INSTITUCIONES PUBLICAS DESCENTRALIZADAS","2895","SUPERINTENDENCIA NACIONAL DE FISCALIZACIÓN LABORAL","17","MADRE DE DIOS","1936313","1897066.71"
"2025","13","GOBIERNO NACIONAL","0101010301","INSTITUCIONES PUBLICAS DESCENTRALIZADAS","2895","SUPERINTENDENCIA NACIONAL DE FISCALIZACIÓN LABORAL","18","MOQUEGUA","2738167","2703000.27"
"2025","13","GOBIERNO NACIONAL","0101010301","INSTITUCIONES PUBLICAS DESCENTRALIZADAS","2895","SUPERINTENDENCIA NACIONAL DE FISCALIZACIÓN LABORAL","19","PASCO","2011916","1959609.38"
"2025","13","GOBIERNO NACIONAL","0101010301","INSTITUCIONES PUBLICAS DESCENTRALIZADAS","2895","SUPERINTENDENCIA NACIONAL DE FISCALIZACIÓN LABORAL","20","PIURA","6339898","6267220.63"
"2025","13","GOBIERNO NACIONAL","0101010301","INSTITUCIONES PUBLICAS DESCENTRALIZADAS","2895","SUPERINTENDENCIA NACIONAL DE FISCALIZACIÓN LABORAL","21","PUNO","3352093","3251137.54"
"2025","13","GOBIERNO NACIONAL","0101010301","INSTITUCIONES PUBLICAS DESCENTRALIZADAS","2895","SUPERINTENDENCIA NACIONAL DE FISCALIZACIÓN LABORAL","22","SAN MARTIN","2987253","2931908.97"
"2025","13","GOBIERNO NACIONAL","0101010301","INSTITUCIONES PUBLICAS DESCENTRALIZADAS","2895","SUPERINTENDENCIA NACIONAL DE FISCALIZACIÓN LABORAL","23","TACNA","3391426","3317599.83"
"2025","13","GOBIERNO NACIONAL","0101010301","INSTITUCIONES PUBLICAS DESCENTRALIZADAS","2895","SUPERINTENDENCIA NACIONAL DE FISCALIZACIÓN LABORAL","24","TUMBES","2648944","2561754.13"
"2025","13","GOBIERNO NACIONAL","0101010301","INSTITUCIONES PUBLICAS DESCENTRALIZADAS","2895","SUPERINTENDENCIA NACIONAL DE FISCALIZACIÓN LABORAL","25","UCAYALI","3408533","3293841.37"
"2025","13","GOBIERNO NACIONAL","0101010301","INSTITUCIONES PUBLICAS DESCENTRALIZADAS","2900","SERVICIO NACIONAL FORESTAL  Y  DE FAUNA  SILVESTRE","01","AMAZONAS","1098537","1097836.7"
"2025","13","GOBIERNO NACIONAL","0101010301","INSTITUCIONES PUBLICAS DESCENTRALIZADAS","2900","SERVICIO NACIONAL FORESTAL  Y  DE FAUNA  SILVESTRE","02","ANCASH","12018834","11682102.54"
"2025","13","GOBIERNO NACIONAL","0101010301","INSTITUCIONES PUBLICAS DESCENTRALIZADAS","2900","SERVICIO NACIONAL FORESTAL  Y  DE FAUNA  SILVESTRE","03","APURIMAC","2121493","1734592.01"
"2025","13","GOBIERNO NACIONAL","0101010301","INSTITUCIONES PUBLICAS DESCENTRALIZADAS","2900","SERVICIO NACIONAL FORESTAL  Y  DE FAUNA  SILVESTRE","04","AREQUIPA","2837468","2138350.62"
"2025","13","GOBIERNO NACIONAL","0101010301","INSTITUCIONES PUBLICAS DESCENTRALIZADAS","2900","SERVICIO NACIONAL FORESTAL  Y  DE FAUNA  SILVESTRE","05","AYACUCHO","127500","127500"
"2025","13","GOBIERNO NACIONAL","0101010301","INSTITUCIONES PUBLICAS DESCENTRALIZADAS","2900","SERVICIO NACIONAL FORESTAL  Y  DE FAUNA  SILVESTRE","06","CAJAMARCA","8100175","8025309.87"
"2025","13","GOBIERNO NACIONAL","0101010301","INSTITUCIONES PUBLICAS DESCENTRALIZADAS","2900","SERVICIO NACIONAL FORESTAL  Y  DE FAUNA  SILVESTRE","07","PROV CONSTIT DEL CALLAO","1810490","1744967.73"
"2025","13","GOBIERNO NACIONAL","0101010301","INSTITUCIONES PUBLICAS DESCENTRALIZADAS","2900","SERVICIO NACIONAL FORESTAL  Y  DE FAUNA  SILVESTRE","08","CUSCO","2834504","2500889.4"
"2025","13","GOBIERNO NACIONAL","0101010301","INSTITUCIONES PUBLICAS DESCENTRALIZADAS","2900","SERVICIO NACIONAL FORESTAL  Y  DE FAUNA  SILVESTRE","09","HUANCAVELICA","2897926","2237855.64"
"2025","13","GOBIERNO NACIONAL","0101010301","INSTITUCIONES PUBLICAS DESCENTRALIZADAS","2900","SERVICIO NACIONAL FORESTAL  Y  DE FAUNA  SILVESTRE","10","HUANUCO","1964560","1961464.89"
"2025","13","GOBIERNO NACIONAL","0101010301","INSTITUCIONES PUBLICAS DESCENTRALIZADAS","2900","SERVICIO NACIONAL FORESTAL  Y  DE FAUNA  SILVESTRE","11","ICA","1283935","1067352.71"
"2025","13","GOBIERNO NACIONAL","0101010301","INSTITUCIONES PUBLICAS DESCENTRALIZADAS","2900","SERVICIO NACIONAL FORESTAL  Y  DE FAUNA  SILVESTRE","12","JUNIN","17501655","17050101.98"
"2025","13","GOBIERNO NACIONAL","0101010301","INSTITUCIONES PUBLICAS DESCENTRALIZADAS","2900","SERVICIO NACIONAL FORESTAL  Y  DE FAUNA  SILVESTRE","14","LAMBAYEQUE","1824173","1792699.58"
"2025","13","GOBIERNO NACIONAL","0101010301","INSTITUCIONES PUBLICAS DESCENTRALIZADAS","2900","SERVICIO NACIONAL FORESTAL  Y  DE FAUNA  SILVESTRE","15","LIMA","103313216","100754266.04"
"2025","13","GOBIERNO NACIONAL","0101010301","INSTITUCIONES PUBLICAS DESCENTRALIZADAS","2900","SERVICIO NACIONAL FORESTAL  Y  DE FAUNA  SILVESTRE","16","LORETO","1697927","1652166.93"
"2025","13","GOBIERNO NACIONAL","0101010301","INSTITUCIONES PUBLICAS DESCENTRALIZADAS","2900","SERVICIO NACIONAL FORESTAL  Y  DE FAUNA  SILVESTRE","17","MADRE DE DIOS","1056101","947375.94"
"2025","13","GOBIERNO NACIONAL","0101010301","INSTITUCIONES PUBLICAS DESCENTRALIZADAS","2900","SERVICIO NACIONAL FORESTAL  Y  DE FAUNA  SILVESTRE","19","PASCO","1916491","1902310"
"2025","13","GOBIERNO NACIONAL","0101010301","INSTITUCIONES PUBLICAS DESCENTRALIZADAS","2900","SERVICIO NACIONAL FORESTAL  Y  DE FAUNA  SILVESTRE","20","PIURA","1824984","1686527.39"
"2025","13","GOBIERNO NACIONAL","0101010301","INSTITUCIONES PUBLICAS DESCENTRALIZADAS","2900","SERVICIO NACIONAL FORESTAL  Y  DE FAUNA  SILVESTRE","21","PUNO","1876335","1733801.04"
"2025","13","GOBIERNO NACIONAL","0101010301","INSTITUCIONES PUBLICAS DESCENTRALIZADAS","2900","SERVICIO NACIONAL FORESTAL  Y  DE FAUNA  SILVESTRE","22","SAN MARTIN","2439302","2437371.96"
"2025","13","GOBIERNO NACIONAL","0101010301","INSTITUCIONES PUBLICAS DESCENTRALIZADAS","2900","SERVICIO NACIONAL FORESTAL  Y  DE FAUNA  SILVESTRE","23","TACNA","1773541","1654066.45"
"2025","13","GOBIERNO NACIONAL","0101010301","INSTITUCIONES PUBLICAS DESCENTRALIZADAS","2900","SERVICIO NACIONAL FORESTAL  Y  DE FAUNA  SILVESTRE","25","UCAYALI","19828925","18955767.53"
"2025","13","GOBIERNO NACIONAL","0101010301","INSTITUCIONES PUBLICAS DESCENTRALIZADAS","2910","AUTORIDAD NACIONAL DE SANIDAD E INOCUIDAD EN PESCA Y ACUICULTURA","02","ANCASH","220138","214012.6"
"2025","13","GOBIERNO NACIONAL","0101010301","INSTITUCIONES PUBLICAS DESCENTRALIZADAS","2910","AUTORIDAD NACIONAL DE SANIDAD E INOCUIDAD EN PESCA Y ACUICULTURA","04","AREQUIPA","126706","119478.3"
"2025","13","GOBIERNO NACIONAL","0101010301","INSTITUCIONES PUBLICAS DESCENTRALIZADAS","2910","AUTORIDAD NACIONAL DE SANIDAD E INOCUIDAD EN PESCA Y ACUICULTURA","07","PROV CONSTIT DEL CALLAO","6719785","5943235.72"
"2025","13","GOBIERNO NACIONAL","0101010301","INSTITUCIONES PUBLICAS DESCENTRALIZADAS","2910","AUTORIDAD NACIONAL DE SANIDAD E INOCUIDAD EN PESCA Y ACUICULTURA","11","ICA","158054","157056.11"
"2025","13","GOBIERNO NACIONAL","0101010301","INSTITUCIONES PUBLICAS DESCENTRALIZADAS","2910","AUTORIDAD NACIONAL DE SANIDAD E INOCUIDAD EN PESCA Y ACUICULTURA","12","JUNIN","96921","95939.76"
"2025","13","GOBIERNO NACIONAL","0101010301","INSTITUCIONES PUBLICAS DESCENTRALIZADAS","2910","AUTORIDAD NACIONAL DE SANIDAD E INOCUIDAD EN PESCA Y ACUICULTURA","15","LIMA","46385790","45702263.81"
"2025","13","GOBIERNO NACIONAL","0101010301","INSTITUCIONES PUBLICAS DESCENTRALIZADAS","2910","AUTORIDAD NACIONAL DE SANIDAD E INOCUIDAD EN PESCA Y ACUICULTURA","16","LORETO","89638","89634.23"
"2025","13","GOBIERNO NACIONAL","0101010301","INSTITUCIONES PUBLICAS DESCENTRALIZADAS","2910","AUTORIDAD NACIONAL DE SANIDAD E INOCUIDAD EN PESCA Y ACUICULTURA","17","MADRE DE DIOS","172957","166086.81"
"2025","13","GOBIERNO NACIONAL","0101010301","INSTITUCIONES PUBLICAS DESCENTRALIZADAS","2910","AUTORIDAD NACIONAL DE SANIDAD E INOCUIDAD EN PESCA Y ACUICULTURA","18","MOQUEGUA","73868","72982.69"
"2025","13","GOBIERNO NACIONAL","0101010301","INSTITUCIONES PUBLICAS DESCENTRALIZADAS","2910","AUTORIDAD NACIONAL DE SANIDAD E INOCUIDAD EN PESCA Y ACUICULTURA","20","PIURA","486936","478713.8"
"2025","13","GOBIERNO NACIONAL","0101010301","INSTITUCIONES PUBLICAS DESCENTRALIZADAS","2910","AUTORIDAD NACIONAL DE SANIDAD E INOCUIDAD EN PESCA Y ACUICULTURA","21","PUNO","668978","573615.34"
"2025","13","GOBIERNO NACIONAL","0101010301","INSTITUCIONES PUBLICAS DESCENTRALIZADAS","2910","AUTORIDAD NACIONAL DE SANIDAD E INOCUIDAD EN PESCA Y ACUICULTURA","22","SAN MARTIN","104762","103999.47"
"2025","13","GOBIERNO NACIONAL","0101010301","INSTITUCIONES PUBLICAS DESCENTRALIZADAS","2910","AUTORIDAD NACIONAL DE SANIDAD E INOCUIDAD EN PESCA Y ACUICULTURA","23","TACNA","3264044","2604560.77"
"2025","13","GOBIERNO NACIONAL","0101010301","INSTITUCIONES PUBLICAS DESCENTRALIZADAS","2910","AUTORIDAD NACIONAL DE SANIDAD E INOCUIDAD EN PESCA Y ACUICULTURA","24","TUMBES","425018","379227.58"
"2025","13","GOBIERNO NACIONAL","0101010301","INSTITUCIONES PUBLICAS DESCENTRALIZADAS","2915","ORGANISMO TECNICO DE LA ADMINISTRACIÓN DE LOS  SERVICIOS  DE  SANEAMIENTO","15","LIMA","131586455","129500919.98"
"2025","13","GOBIERNO NACIONAL","0101010301","INSTITUCIONES PUBLICAS DESCENTRALIZADAS","2915","ORGANISMO TECNICO DE LA ADMINISTRACIÓN DE LOS  SERVICIOS  DE  SANEAMIENTO","24","TUMBES","25782633","25566967.56"
"2025","13","GOBIERNO NACIONAL","0101010301","INSTITUCIONES PUBLICAS DESCENTRALIZADAS","2924","SUPERINTENDENCIA NACIONAL DE EDUCACIÓN SUPERIOR UNIVERSITARIA","15","LIMA","95616242","90907258.09"
"2025","13","GOBIERNO NACIONAL","0101010301","INSTITUCIONES PUBLICAS DESCENTRALIZADAS","2928","INSTITUTO NACIONAL DE LA CALIDAD","15","LIMA","37439806","37343215.12"
"2025","13","GOBIERNO NACIONAL","0101010301","INSTITUCIONES PUBLICAS DESCENTRALIZADAS","2940","INSTITUTO NACIONAL DE INVESTIGACIÓN DE GLACIARES Y ECOSISTEMAS DE MONTAÑA","02","ANCASH","14832645","14465181.75"
"2025","13","GOBIERNO NACIONAL","0101010301","INSTITUCIONES PUBLICAS DESCENTRALIZADAS","2940","INSTITUTO NACIONAL DE INVESTIGACIÓN DE GLACIARES Y ECOSISTEMAS DE MONTAÑA","08","CUSCO","2252464","2183118.84"
"2025","13","GOBIERNO NACIONAL","0101010301","INSTITUCIONES PUBLICAS DESCENTRALIZADAS","2940","INSTITUTO NACIONAL DE INVESTIGACIÓN DE GLACIARES Y ECOSISTEMAS DE MONTAÑA","12","JUNIN","2205474","1897821.33"
"2025","13","GOBIERNO NACIONAL","0101010301","INSTITUCIONES PUBLICAS DESCENTRALIZADAS","2940","INSTITUTO NACIONAL DE INVESTIGACIÓN DE GLACIARES Y ECOSISTEMAS DE MONTAÑA","15","LIMA","527187","501749.21"
"2025","13","GOBIERNO NACIONAL","0101010301","INSTITUCIONES PUBLICAS DESCENTRALIZADAS","2947","CENTRAL DE COMPRAS PUBLICAS - PERU COMPRAS","15","LIMA","40437866","36549417.81"
"2025","13","GOBIERNO NACIONAL","0101010301","INSTITUCIONES PUBLICAS DESCENTRALIZADAS","2994","AUTORIDAD DE TRANSPORTE URBANO PARA LIMA Y CALLAO - ATU","07","PROV CONSTIT DEL CALLAO","117141863","98585888.8"
"2025","13","GOBIERNO NACIONAL","0101010301","INSTITUCIONES PUBLICAS DESCENTRALIZADAS","2994","AUTORIDAD DE TRANSPORTE URBANO PARA LIMA Y CALLAO - ATU","15","LIMA","1092071052","1082619512.37"
"2025","13","GOBIERNO NACIONAL","0101010301","INSTITUCIONES PUBLICAS DESCENTRALIZADAS","3004","PROCURADURIA GENERAL DEL ESTADO","15","LIMA","106302268","99654720.12"
"2025","13","GOBIERNO NACIONAL","0101010301","INSTITUCIONES PUBLICAS DESCENTRALIZADAS","3035","AUTORIDAD NACIONAL DE INFRAESTRUCTURA","02","ANCASH","1225728060","1220950078.33"
"2025","13","GOBIERNO NACIONAL","0101010301","INSTITUCIONES PUBLICAS DESCENTRALIZADAS","3035","AUTORIDAD NACIONAL DE INFRAESTRUCTURA","03","APURIMAC","1363123","1363122.49"
"2025","13","GOBIERNO NACIONAL","0101010301","INSTITUCIONES PUBLICAS DESCENTRALIZADAS","3035","AUTORIDAD NACIONAL DE INFRAESTRUCTURA","04","AREQUIPA","16387725","16380510.77"
"2025","13","GOBIERNO NACIONAL","0101010301","INSTITUCIONES PUBLICAS DESCENTRALIZADAS","3035","AUTORIDAD NACIONAL DE INFRAESTRUCTURA","06","CAJAMARCA","13098165","13098157.08"
"2025","13","GOBIERNO NACIONAL","0101010301","INSTITUCIONES PUBLICAS DESCENTRALIZADAS","3035","AUTORIDAD NACIONAL DE INFRAESTRUCTURA","08","CUSCO","30400","30000"
"2025","13","GOBIERNO NACIONAL","0101010301","INSTITUCIONES PUBLICAS DESCENTRALIZADAS","3035","AUTORIDAD NACIONAL DE INFRAESTRUCTURA","09","HUANCAVELICA","11242558","11242506.4"
"2025","13","GOBIERNO NACIONAL","0101010301","INSTITUCIONES PUBLICAS DESCENTRALIZADAS","3035","AUTORIDAD NACIONAL DE INFRAESTRUCTURA","11","ICA","289598203","289536059.04"
"2025","13","GOBIERNO NACIONAL","0101010301","INSTITUCIONES PUBLICAS DESCENTRALIZADAS","3035","AUTORIDAD NACIONAL DE INFRAESTRUCTURA","13","LA LIBERTAD","777011996","776837932.19"
"2025","13","GOBIERNO NACIONAL","0101010301","INSTITUCIONES PUBLICAS DESCENTRALIZADAS","3035","AUTORIDAD NACIONAL DE INFRAESTRUCTURA","14","LAMBAYEQUE","558879776","558655897.5"
"2025","13","GOBIERNO NACIONAL","0101010301","INSTITUCIONES PUBLICAS DESCENTRALIZADAS","3035","AUTORIDAD NACIONAL DE INFRAESTRUCTURA","15","LIMA","530847258","530405704.76"
"2025","13","GOBIERNO NACIONAL","0101010301","INSTITUCIONES PUBLICAS DESCENTRALIZADAS","3035","AUTORIDAD NACIONAL DE INFRAESTRUCTURA","20","PIURA","354562992","353719918.7"
"2025","13","GOBIERNO NACIONAL","0101010301","INSTITUCIONES PUBLICAS DESCENTRALIZADAS","3035","AUTORIDAD NACIONAL DE INFRAESTRUCTURA","24","TUMBES","110197997","110191903.52"
"2025","13","GOBIERNO NACIONAL","0101010301","INSTITUCIONES PUBLICAS DESCENTRALIZADAS","3038","ORGANISMO DE ESTUDIOS Y DISEÑO DE PROYECTOS DE INVERSION","08","CUSCO","375000","267694.51"
"2025","13","GOBIERNO NACIONAL","0101010301","INSTITUCIONES PUBLICAS DESCENTRALIZADAS","3038","ORGANISMO DE ESTUDIOS Y DISEÑO DE PROYECTOS DE INVERSION","09","HUANCAVELICA","630961","212705.44"
"2025","13","GOBIERNO NACIONAL","0101010301","INSTITUCIONES PUBLICAS DESCENTRALIZADAS","3038","ORGANISMO DE ESTUDIOS Y DISEÑO DE PROYECTOS DE INVERSION","12","JUNIN","7520","0"
"2025","13","GOBIERNO NACIONAL","0101010301","INSTITUCIONES PUBLICAS DESCENTRALIZADAS","3038","ORGANISMO DE ESTUDIOS Y DISEÑO DE PROYECTOS DE INVERSION","15","LIMA","14365896","13762719.37"
"2025","13","GOBIERNO NACIONAL","0101010301","INSTITUCIONES PUBLICAS DESCENTRALIZADAS","3038","ORGANISMO DE ESTUDIOS Y DISEÑO DE PROYECTOS DE INVERSION","23","TACNA","172456","7077.04"
"2025","13","GOBIERNO NACIONAL","0101010301","INSTITUCIONES PUBLICAS DESCENTRALIZADAS","3039","ORGANISMO DE FOCALIZACIÓN E INFORMACIÓN SOCIAL","15","LIMA","19483369","19050701.52"
"2025","13","GOBIERNO NACIONAL","0101010401","SOCIEDADES DE BENEFICENCIA PUBLICA","2217","SOC. DE BENEF. PUB. DE CHACHAPOYAS","01","AMAZONAS","1127698","879378.8"
"2025","13","GOBIERNO NACIONAL","0101010401","SOCIEDADES DE BENEFICENCIA PUBLICA","2219","SOC. DE BENEF. PUB. DE RODRIGUEZ DE MENDOZA","01","AMAZONAS","141500","114857.3"
"2025","13","GOBIERNO NACIONAL","0101010401","SOCIEDADES DE BENEFICENCIA PUBLICA","2220","SOC. DE BENEF. PUB. DE AIJA","02","ANCASH","98465","80326.63"
"2025","13","GOBIERNO NACIONAL","0101010401","SOCIEDADES DE BENEFICENCIA PUBLICA","2221","SOC. DE BENEF. PUB. DE CABANA - PALLASCA","02","ANCASH","97740","72343.36"
"2025","13","GOBIERNO NACIONAL","0101010401","SOCIEDADES DE BENEFICENCIA PUBLICA","2222","SOC. DE BENEF. PUB. DE CARAZ","02","ANCASH","691193","573667.77"
"2025","13","GOBIERNO NACIONAL","0101010401","SOCIEDADES DE BENEFICENCIA PUBLICA","2223","SOC. DE BENEF. PUB. DE CARHUAZ","02","ANCASH","1181841","981902.74"
"2025","13","GOBIERNO NACIONAL","0101010401","SOCIEDADES DE BENEFICENCIA PUBLICA","2224","SOC. DE BENEF. PUB. DE CASMA","02","ANCASH","544098","483123.22"
"2025","13","GOBIERNO NACIONAL","0101010401","SOCIEDADES DE BENEFICENCIA PUBLICA","2225","SOC. DE BENEF. PUB. DE CORONGO","02","ANCASH","60166","40960.34"
"2025","13","GOBIERNO NACIONAL","0101010401","SOCIEDADES DE BENEFICENCIA PUBLICA","2226","SOC. DE BENEF. PUB. DE CHIMBOTE","02","ANCASH","7392265","5397014.18"
"2025","13","GOBIERNO NACIONAL","0101010401","SOCIEDADES DE BENEFICENCIA PUBLICA","2227","SOC. DE BENEF. PUB. DE CHIQUIAN - BOLOGNESI","02","ANCASH","174625","110903.43"
"2025","13","GOBIERNO NACIONAL","0101010401","SOCIEDADES DE BENEFICENCIA PUBLICA","2228","SOC. DE BENEF. PUB. DE HUARAZ","02","ANCASH","5684542","1848366.64"
"2025","13","GOBIERNO NACIONAL","0101010401","SOCIEDADES DE BENEFICENCIA PUBLICA","2229","SOC. DE BENEF. PUB. DE HUARI","02","ANCASH","198723","150856.35"
"2025","13","GOBIERNO NACIONAL","0101010401","SOCIEDADES DE BENEFICENCIA PUBLICA","2230","SOC. DE BENEF. PUB. DE POMABAMBA","02","ANCASH","432729","92871.3"
"2025","13","GOBIERNO NACIONAL","0101010401","SOCIEDADES DE BENEFICENCIA PUBLICA","2231","SOC. DE BENEF. PUB. DE RECUAY","02","ANCASH","239147","149800.11"
"2025","13","GOBIERNO NACIONAL","0101010401","SOCIEDADES DE BENEFICENCIA PUBLICA","2232","SOC. DE BENEF. PUB. DE YUNGAY","02","ANCASH","927346","632957"
"2025","13","GOBIERNO NACIONAL","0101010401","SOCIEDADES DE BENEFICENCIA PUBLICA","2233","SOC. DE BENEF. PUB. DE ABANCAY","03","APURIMAC","2216082","1237384.74"
"2025","13","GOBIERNO NACIONAL","0101010401","SOCIEDADES DE BENEFICENCIA PUBLICA","2234","SOC. DE BENEF. PUB. DE CHALHUANCA - AYMARAES","03","APURIMAC","164124","89284.03"
"2025","13","GOBIERNO NACIONAL","0101010401","SOCIEDADES DE BENEFICENCIA PUBLICA","2235","SOC. DE BENEF. PUB. DE ANDAHUAYLAS","03","APURIMAC","729841","473561.19"
"2025","13","GOBIERNO NACIONAL","0101010401","SOCIEDADES DE BENEFICENCIA PUBLICA","2236","SOC. DE BENEF. PUB. DE APLAO","04","AREQUIPA","4000","0"
"2025","13","GOBIERNO NACIONAL","0101010401","SOCIEDADES DE BENEFICENCIA PUBLICA","2237","SOC. DE BENEF. PUB. DE AREQUIPA","04","AREQUIPA","15964976","13016740.06"
"2025","13","GOBIERNO NACIONAL","0101010401","SOCIEDADES DE BENEFICENCIA PUBLICA","2238","SOC. DE BENEF. PUB. DE CAMANA","04","AREQUIPA","822538","713225.04"
"2025","13","GOBIERNO NACIONAL","0101010401","SOCIEDADES DE BENEFICENCIA PUBLICA","2239","SOC. DE BENEF. PUB. DE CHIVAY","04","AREQUIPA","210180","106350.23"
"2025","13","GOBIERNO NACIONAL","0101010401","SOCIEDADES DE BENEFICENCIA PUBLICA","2240","SOC. DE BENEF. PUB. DE CHUQUIBAMBA","04","AREQUIPA","125262","28737.87"
"2025","13","GOBIERNO NACIONAL","0101010401","SOCIEDADES DE BENEFICENCIA PUBLICA","2241","SOC. DE BENEF. PUB. DE CARAVELI","04","AREQUIPA","54132","31052.4"
"2025","13","GOBIERNO NACIONAL","0101010401","SOCIEDADES DE BENEFICENCIA PUBLICA","2242","SOC. DE BENEF. PUB. DE HUANCARQUI","04","AREQUIPA","166157","70842.9"
"2025","13","GOBIERNO NACIONAL","0101010401","SOCIEDADES DE BENEFICENCIA PUBLICA","2243","SOC. DE BENEF. PUB. DE MOLLENDO","04","AREQUIPA","1469763","1111079.18"
"2025","13","GOBIERNO NACIONAL","0101010401","SOCIEDADES DE BENEFICENCIA PUBLICA","2244","SOC. DE BENEF. PUB. DE AYACUCHO","05","AYACUCHO","15639843","4837447.8"
"2025","13","GOBIERNO NACIONAL","0101010401","SOCIEDADES DE BENEFICENCIA PUBLICA","2245","SOC. DE BENEF. PUB. DE CORACORA","05","AYACUCHO","2913897","501563.52"
"2025","13","GOBIERNO NACIONAL","0101010401","SOCIEDADES DE BENEFICENCIA PUBLICA","2246","SOC. DE BENEF. PUB. DE HUANTA","05","AYACUCHO","2181202","517487.41"
"2025","13","GOBIERNO NACIONAL","0101010401","SOCIEDADES DE BENEFICENCIA PUBLICA","2247","SOC. DE BENEF. PUB. DE PUQUIO","05","AYACUCHO","547665","419374.3"
"2025","13","GOBIERNO NACIONAL","0101010401","SOCIEDADES DE BENEFICENCIA PUBLICA","2248","SOC. DE BENEF. PUB. DE CAJAMARCA","06","CAJAMARCA","14546165","9308289.68"
"2025","13","GOBIERNO NACIONAL","0101010401","SOCIEDADES DE BENEFICENCIA PUBLICA","2249","SOC. DE BENEF. PUB. DE CONTUMAZA","06","CAJAMARCA","483061","244062.01"
"2025","13","GOBIERNO NACIONAL","0101010401","SOCIEDADES DE BENEFICENCIA PUBLICA","2250","SOC. DE BENEF. PUB. DE CHOTA","06","CAJAMARCA","1897593","1019563.09"
"2025","13","GOBIERNO NACIONAL","0101010401","SOCIEDADES DE BENEFICENCIA PUBLICA","2251","SOC. DE BENEF. PUB. DE BAMBAMARCA - HUALGAYOC","06","CAJAMARCA","479648","190526.77"
"2025","13","GOBIERNO NACIONAL","0101010401","SOCIEDADES DE BENEFICENCIA PUBLICA","2252","SOC. DE BENEF. PUB. DE CAJABAMBA","06","CAJAMARCA","1046668","691400.31"
"2025","13","GOBIERNO NACIONAL","0101010401","SOCIEDADES DE BENEFICENCIA PUBLICA","2253","SOC. DE BENEF. PUB. DE CELENDIN","06","CAJAMARCA","637217","409443.74"
"2025","13","GOBIERNO NACIONAL","0101010401","SOCIEDADES DE BENEFICENCIA PUBLICA","2254","SOC. DE BENEF. PUB. DE CUTERVO","06","CAJAMARCA","762552","756236.27"
"2025","13","GOBIERNO NACIONAL","0101010401","SOCIEDADES DE BENEFICENCIA PUBLICA","2255","SOC. DE BENEF. PUB. DE JAEN","06","CAJAMARCA","5923056","5121708.36"
"2025","13","GOBIERNO NACIONAL","0101010401","SOCIEDADES DE BENEFICENCIA PUBLICA","2256","SOC. DE BENEF. PUB. DE CALLAO","07","PROV CONSTIT DEL CALLAO","12050994","9656471.21"
"2025","13","GOBIERNO NACIONAL","0101010401","SOCIEDADES DE BENEFICENCIA PUBLICA","2257","SOC. DE BENEF. PUB. DE CUSCO","08","CUSCO","17586988","14239568.56"
"2025","13","GOBIERNO NACIONAL","0101010401","SOCIEDADES DE BENEFICENCIA PUBLICA","2258","SOC. DE BENEF. PUB. DE SICUANI","08","CUSCO","973607","265210.84"
"2025","13","GOBIERNO NACIONAL","0101010401","SOCIEDADES DE BENEFICENCIA PUBLICA","2259","SOC. DE BENEF. PUB. DE HUANCAVELICA","09","HUANCAVELICA","2029430","1535072.05"
"2025","13","GOBIERNO NACIONAL","0101010401","SOCIEDADES DE BENEFICENCIA PUBLICA","2260","SOC. DE BENEF. PUB. DE PAMPAS TAYACAJA","09","HUANCAVELICA","86628","39233"
"2025","13","GOBIERNO NACIONAL","0101010401","SOCIEDADES DE BENEFICENCIA PUBLICA","2261","SOC. DE BENEF. PUB. DE HUANUCO","10","HUANUCO","5602731","2736655.37"
"2025","13","GOBIERNO NACIONAL","0101010401","SOCIEDADES DE BENEFICENCIA PUBLICA","2262","SOC. DE BENEF. PUB. DE LA UNION - DOS DE MAYO","10","HUANUCO","282348","103582.12"
"2025","13","GOBIERNO NACIONAL","0101010401","SOCIEDADES DE BENEFICENCIA PUBLICA","2263","SOC. DE BENEF. PUB. DE LLATA - HUAMALIES","10","HUANUCO","139719","51026.92"
"2025","13","GOBIERNO NACIONAL","0101010401","SOCIEDADES DE BENEFICENCIA PUBLICA","2264","SOC. DE BENEF. PUB. DE ICA","11","ICA","6562074","4703228.21"
"2025","13","GOBIERNO NACIONAL","0101010401","SOCIEDADES DE BENEFICENCIA PUBLICA","2265","SOC. DE BENEF. PUB. DE CHINCHA","11","ICA","5389624","3494576.08"
"2025","13","GOBIERNO NACIONAL","0101010401","SOCIEDADES DE BENEFICENCIA PUBLICA","2266","SOC. DE BENEF. PUB. DE NAZCA","11","ICA","1665839","1286921.17"
"2025","13","GOBIERNO NACIONAL","0101010401","SOCIEDADES DE BENEFICENCIA PUBLICA","2267","SOC. DE BENEF. PUB. DE PALPA","11","ICA","608720","413523.84"
"2025","13","GOBIERNO NACIONAL","0101010401","SOCIEDADES DE BENEFICENCIA PUBLICA","2268","SOC. DE BENEF. PUB. DE PISCO","11","ICA","3364708","2558496.84"
"2025","13","GOBIERNO NACIONAL","0101010401","SOCIEDADES DE BENEFICENCIA PUBLICA","2269","SOC. DE BENEF. PUB. DE HUANCAYO","12","JUNIN","20730161","15293795.35"
"2025","13","GOBIERNO NACIONAL","0101010401","SOCIEDADES DE BENEFICENCIA PUBLICA","2270","SOC. DE BENEF. PUB. DE JAUJA","12","JUNIN","1320963","721159.03"
"2025","13","GOBIERNO NACIONAL","0101010401","SOCIEDADES DE BENEFICENCIA PUBLICA","2271","SOC. DE BENEF. PUB. DE TARMA","12","JUNIN","4592897","2665608.18"
"2025","13","GOBIERNO NACIONAL","0101010401","SOCIEDADES DE BENEFICENCIA PUBLICA","2272","SOC. DE BENEF. PUB. DE CONCEPCION","12","JUNIN","905883","597477.02"
"2025","13","GOBIERNO NACIONAL","0101010401","SOCIEDADES DE BENEFICENCIA PUBLICA","2273","SOC. DE BENEF. PUB. DE LA OROYA - JUNIN","12","JUNIN","588804","298112.1"
"2025","13","GOBIERNO NACIONAL","0101010401","SOCIEDADES DE BENEFICENCIA PUBLICA","2274","SOC. DE BENEF. PUB. DE GUADALUPE","13","LA LIBERTAD","768817","648991.79"
"2025","13","GOBIERNO NACIONAL","0101010401","SOCIEDADES DE BENEFICENCIA PUBLICA","2275","SOC. DE BENEF. PUB. DE HUAMACHUCO","13","LA LIBERTAD","1073079","950921.76"
"2025","13","GOBIERNO NACIONAL","0101010401","SOCIEDADES DE BENEFICENCIA PUBLICA","2276","SOC. DE BENEF. PUB. DE OTUZCO","13","LA LIBERTAD","589201","337405.8"
"2025","13","GOBIERNO NACIONAL","0101010401","SOCIEDADES DE BENEFICENCIA PUBLICA","2277","SOC. DE BENEF. PUB. DE SAN PEDRO DE LLOC","13","LA LIBERTAD","586991","469491.93"
"2025","13","GOBIERNO NACIONAL","0101010401","SOCIEDADES DE BENEFICENCIA PUBLICA","2278","SOC. DE BENEF. PUB. DE SANTIAGO DE CHUCO","13","LA LIBERTAD","206875","134645.1"
"2025","13","GOBIERNO NACIONAL","0101010401","SOCIEDADES DE BENEFICENCIA PUBLICA","2279","SOC. DE BENEF. PUB. DE TRUJILLO","13","LA LIBERTAD","9603897","5576625.24"
"2025","13","GOBIERNO NACIONAL","0101010401","SOCIEDADES DE BENEFICENCIA PUBLICA","2280","SOC. DE BENEF. PUB. DE CHICLAYO","14","LAMBAYEQUE","12491246","7324419.4"
"2025","13","GOBIERNO NACIONAL","0101010401","SOCIEDADES DE BENEFICENCIA PUBLICA","2281","SOC. DE BENEF. PUB. DE LAMBAYEQUE","14","LAMBAYEQUE","5783356","4991922.85"
"2025","13","GOBIERNO NACIONAL","0101010401","SOCIEDADES DE BENEFICENCIA PUBLICA","2282","SOC. DE BENEF. PUB. DE MOTUPE","14","LAMBAYEQUE","578099","523288.05"
"2025","13","GOBIERNO NACIONAL","0101010401","SOCIEDADES DE BENEFICENCIA PUBLICA","2283","SOC. DE BENEF. PUB. DE CHONGOYAPE","14","LAMBAYEQUE","815319","448225.51"
"2025","13","GOBIERNO NACIONAL","0101010401","SOCIEDADES DE BENEFICENCIA PUBLICA","2284","SOC. DE BENEF. PUB. DE MONSEFU","14","LAMBAYEQUE","1009291","588290.96"
"2025","13","GOBIERNO NACIONAL","0101010401","SOCIEDADES DE BENEFICENCIA PUBLICA","2285","SOCIEDAD DE BENEFICENCIA DE LIMA METROPOLITANA","15","LIMA","60119432","57221876.79"
"2025","13","GOBIERNO NACIONAL","0101010401","SOCIEDADES DE BENEFICENCIA PUBLICA","2286","SOC. DE BENEF. PUB. DE BARRANCA","15","LIMA","2962452","1603671.72"
"2025","13","GOBIERNO NACIONAL","0101010401","SOCIEDADES DE BENEFICENCIA PUBLICA","2287","SOC. DE BENEF. PUB. DE HUACHO","15","LIMA","6216116","4213679.31"
"2025","13","GOBIERNO NACIONAL","0101010401","SOCIEDADES DE BENEFICENCIA PUBLICA","2288","SOC. DE BENEF. PUB. DE CAÑETE","15","LIMA","2184667","1057987.09"
"2025","13","GOBIERNO NACIONAL","0101010401","SOCIEDADES DE BENEFICENCIA PUBLICA","2289","SOC. DE BENEF. PUB. DE MATUCANA","15","LIMA","348692","189825.67"
"2025","13","GOBIERNO NACIONAL","0101010401","SOCIEDADES DE BENEFICENCIA PUBLICA","2290","SOC. DE BENEF. PUB. DE IQUITOS","16","LORETO","5356908","4775169.92"
"2025","13","GOBIERNO NACIONAL","0101010401","SOCIEDADES DE BENEFICENCIA PUBLICA","2291","SOC. DE BENEF. PUB. DE PUERTO MALDONADO","17","MADRE DE DIOS","3187918","1747496.26"
"2025","13","GOBIERNO NACIONAL","0101010401","SOCIEDADES DE BENEFICENCIA PUBLICA","2292","SOC. DE BENEF. PUB. DE ILO","18","MOQUEGUA","2337464","1985954.95"
"2025","13","GOBIERNO NACIONAL","0101010401","SOCIEDADES DE BENEFICENCIA PUBLICA","2293","SOC. DE BENEF. PUB. DE MOQUEGUA","18","MOQUEGUA","5003791","1865662.4"
"2025","13","GOBIERNO NACIONAL","0101010401","SOCIEDADES DE BENEFICENCIA PUBLICA","2294","SOC. DE BENEF. PUB. DE OMATE","18","MOQUEGUA","56479","30530.8"
"2025","13","GOBIERNO NACIONAL","0101010401","SOCIEDADES DE BENEFICENCIA PUBLICA","2295","SOC. DE BENEF. PUB. DE PASCO","19","PASCO","3912646","1024541.64"
"2025","13","GOBIERNO NACIONAL","0101010401","SOCIEDADES DE BENEFICENCIA PUBLICA","2296","SOC. DE BENEF. PUB. DE PIURA","20","PIURA","8177605","6161118.17"
"2025","13","GOBIERNO NACIONAL","0101010401","SOCIEDADES DE BENEFICENCIA PUBLICA","2297","SOC. DE BENEF. PUB. DE CATACAOS","20","PIURA","2177251","1503436.59"
"2025","13","GOBIERNO NACIONAL","0101010401","SOCIEDADES DE BENEFICENCIA PUBLICA","2298","SOC. DE BENEF. PUB. DE CHULUCANAS","20","PIURA","993085","882870.19"
"2025","13","GOBIERNO NACIONAL","0101010401","SOCIEDADES DE BENEFICENCIA PUBLICA","2299","SOC. DE BENEF. PUB. DE PAITA","20","PIURA","2991602","1763553.1"
"2025","13","GOBIERNO NACIONAL","0101010401","SOCIEDADES DE BENEFICENCIA PUBLICA","2300","SOC. DE BENEF. PUB. DE SULLANA","20","PIURA","4049017","2783765.49"
"2025","13","GOBIERNO NACIONAL","0101010401","SOCIEDADES DE BENEFICENCIA PUBLICA","2301","SOC. DE BENEF. PUB. DE HUANCABAMBA","20","PIURA","453029","322696.12"
"2025","13","GOBIERNO NACIONAL","0101010401","SOCIEDADES DE BENEFICENCIA PUBLICA","2302","SOC. DE BENEF. PUB. DE AYABACA","20","PIURA","80598","71572.52"
"2025","13","GOBIERNO NACIONAL","0101010401","SOCIEDADES DE BENEFICENCIA PUBLICA","2303","SOC. DE BENEF. PUB. DE PUNO","21","PUNO","9464033","5014727.56"
"2025","13","GOBIERNO NACIONAL","0101010401","SOCIEDADES DE BENEFICENCIA PUBLICA","2304","SOC. DE BENEF. PUB. DE AZANGARO","21","PUNO","599500","593407.32"
"2025","13","GOBIERNO NACIONAL","0101010401","SOCIEDADES DE BENEFICENCIA PUBLICA","2305","SOC. DE BENEF. PUB. DE JULI - CHUCUITO","21","PUNO","129483","119944.79"
"2025","13","GOBIERNO NACIONAL","0101010401","SOCIEDADES DE BENEFICENCIA PUBLICA","2306","SOC. DE BENEF. PUB. DE LAMPA","21","PUNO","584716","237690.3"
"2025","13","GOBIERNO NACIONAL","0101010401","SOCIEDADES DE BENEFICENCIA PUBLICA","2307","SOC. DE BENEF. PUB. DE HUANCANE","21","PUNO","135514","127420.9"
"2025","13","GOBIERNO NACIONAL","0101010401","SOCIEDADES DE BENEFICENCIA PUBLICA","2308","SOC. DE BENEF. PUB. DE AYAVIRI - MELGAR","21","PUNO","687063","574384.16"
"2025","13","GOBIERNO NACIONAL","0101010401","SOCIEDADES DE BENEFICENCIA PUBLICA","2309","SOC. DE BENEF. PUB. DE JULIACA - SAN ROMAN","21","PUNO","6135916","3482295.23"
"2025","13","GOBIERNO NACIONAL","0101010401","SOCIEDADES DE BENEFICENCIA PUBLICA","2310","SOC. DE BENEF. PUB. DE JUANJUI","22","SAN MARTIN","730735","477332.5"
"2025","13","GOBIERNO NACIONAL","0101010401","SOCIEDADES DE BENEFICENCIA PUBLICA","2311","SOC. DE BENEF. PUB. DE MOYOBAMBA","22","SAN MARTIN","2064888","1639747.36"
"2025","13","GOBIERNO NACIONAL","0101010401","SOCIEDADES DE BENEFICENCIA PUBLICA","2312","SOC. DE BENEF. PUB. DE LAMAS","22","SAN MARTIN","226524","212521.86"
"2025","13","GOBIERNO NACIONAL","0101010401","SOCIEDADES DE BENEFICENCIA PUBLICA","2313","SOC. DE BENEF. PUB. DE TARAPOTO","22","SAN MARTIN","2305679","1323343.58"
"2025","13","GOBIERNO NACIONAL","0101010401","SOCIEDADES DE BENEFICENCIA PUBLICA","2314","SOC. DE BENEF. PUB. DE TACNA","23","TACNA","6523500","4335854.53"
"2025","13","GOBIERNO NACIONAL","0101010401","SOCIEDADES DE BENEFICENCIA PUBLICA","2315","SOC. DE BENEF. PUB. DE TARATA","23","TACNA","31550","16273.5"
"2025","13","GOBIERNO NACIONAL","0101010401","SOCIEDADES DE BENEFICENCIA PUBLICA","2316","SOC. DE BENEF. PUB. DE TUMBES","24","TUMBES","1463091","871792.66"
"2025","13","GOBIERNO NACIONAL","0101010401","SOCIEDADES DE BENEFICENCIA PUBLICA","2317","J.P.S. DE MOCHE - TRUJILLO","13","LA LIBERTAD","1098500","585257.19"
"2025","13","GOBIERNO NACIONAL","0101010401","SOCIEDADES DE BENEFICENCIA PUBLICA","2719","SOC. DE BENEF. PUB. DE SAN MIGUEL","06","CAJAMARCA","195350","150583.1"
"2025","13","GOBIERNO NACIONAL","0101010601","ORGANISMOS PUBLICOS DESCENTRALIZADOS DEL GOBIERNO NACIONAL","2543","SEGURO SOCIAL DE SALUD","01","AMAZONAS","76896554","76896554"
"2025","13","GOBIERNO NACIONAL","0101010601","ORGANISMOS PUBLICOS DESCENTRALIZADOS DEL GOBIERNO NACIONAL","2543","SEGURO SOCIAL DE SALUD","02","ANCASH","340948297","340948297"
"2025","13","GOBIERNO NACIONAL","0101010601","ORGANISMOS PUBLICOS DESCENTRALIZADOS DEL GOBIERNO NACIONAL","2543","SEGURO SOCIAL DE SALUD","03","APURIMAC","135019567","135019567"
"2025","13","GOBIERNO NACIONAL","0101010601","ORGANISMOS PUBLICOS DESCENTRALIZADOS DEL GOBIERNO NACIONAL","2543","SEGURO SOCIAL DE SALUD","04","AREQUIPA","966301647","966301647"
"2025","13","GOBIERNO NACIONAL","0101010601","ORGANISMOS PUBLICOS DESCENTRALIZADOS DEL GOBIERNO NACIONAL","2543","SEGURO SOCIAL DE SALUD","05","AYACUCHO","120376092","120376092"
"2025","13","GOBIERNO NACIONAL","0101010601","ORGANISMOS PUBLICOS DESCENTRALIZADOS DEL GOBIERNO NACIONAL","2543","SEGURO SOCIAL DE SALUD","06","CAJAMARCA","211030025","211030025"
"2025","13","GOBIERNO NACIONAL","0101010601","ORGANISMOS PUBLICOS DESCENTRALIZADOS DEL GOBIERNO NACIONAL","2543","SEGURO SOCIAL DE SALUD","08","CUSCO","373927202","373927202"
"2025","13","GOBIERNO NACIONAL","0101010601","ORGANISMOS PUBLICOS DESCENTRALIZADOS DEL GOBIERNO NACIONAL","2543","SEGURO SOCIAL DE SALUD","09","HUANCAVELICA","66836353","66836353"
"2025","13","GOBIERNO NACIONAL","0101010601","ORGANISMOS PUBLICOS DESCENTRALIZADOS DEL GOBIERNO NACIONAL","2543","SEGURO SOCIAL DE SALUD","10","HUANUCO","185772333","185772333"
"2025","13","GOBIERNO NACIONAL","0101010601","ORGANISMOS PUBLICOS DESCENTRALIZADOS DEL GOBIERNO NACIONAL","2543","SEGURO SOCIAL DE SALUD","11","ICA","436298744","436298744"
"2025","13","GOBIERNO NACIONAL","0101010601","ORGANISMOS PUBLICOS DESCENTRALIZADOS DEL GOBIERNO NACIONAL","2543","SEGURO SOCIAL DE SALUD","12","JUNIN","446245886","446245886"
"2025","13","GOBIERNO NACIONAL","0101010601","ORGANISMOS PUBLICOS DESCENTRALIZADOS DEL GOBIERNO NACIONAL","2543","SEGURO SOCIAL DE SALUD","13","LA LIBERTAD","819359007","819359007"
"2025","13","GOBIERNO NACIONAL","0101010601","ORGANISMOS PUBLICOS DESCENTRALIZADOS DEL GOBIERNO NACIONAL","2543","SEGURO SOCIAL DE SALUD","14","LAMBAYEQUE","838147802","838147802"
"2025","13","GOBIERNO NACIONAL","0101010601","ORGANISMOS PUBLICOS DESCENTRALIZADOS DEL GOBIERNO NACIONAL","2543","SEGURO SOCIAL DE SALUD","15","LIMA","10327425764","10327425764"
"2025","13","GOBIERNO NACIONAL","0101010601","ORGANISMOS PUBLICOS DESCENTRALIZADOS DEL GOBIERNO NACIONAL","2543","SEGURO SOCIAL DE SALUD","16","LORETO","239755309","239755309"
"2025","13","GOBIERNO NACIONAL","0101010601","ORGANISMOS PUBLICOS DESCENTRALIZADOS DEL GOBIERNO NACIONAL","2543","SEGURO SOCIAL DE SALUD","17","MADRE DE DIOS","53135654","53135654"
"2025","13","GOBIERNO NACIONAL","0101010601","ORGANISMOS PUBLICOS DESCENTRALIZADOS DEL GOBIERNO NACIONAL","2543","SEGURO SOCIAL DE SALUD","18","MOQUEGUA","142009928","142009928"
"2025","13","GOBIERNO NACIONAL","0101010601","ORGANISMOS PUBLICOS DESCENTRALIZADOS DEL GOBIERNO NACIONAL","2543","SEGURO SOCIAL DE SALUD","19","PASCO","190383140","190383140"
"2025","13","GOBIERNO NACIONAL","0101010601","ORGANISMOS PUBLICOS DESCENTRALIZADOS DEL GOBIERNO NACIONAL","2543","SEGURO SOCIAL DE SALUD","20","PIURA","487724463","487724463"
"2025","13","GOBIERNO NACIONAL","0101010601","ORGANISMOS PUBLICOS DESCENTRALIZADOS DEL GOBIERNO NACIONAL","2543","SEGURO SOCIAL DE SALUD","21","PUNO","409222792","409222792"
"2025","13","GOBIERNO NACIONAL","0101010601","ORGANISMOS PUBLICOS DESCENTRALIZADOS DEL GOBIERNO NACIONAL","2543","SEGURO SOCIAL DE SALUD","22","SAN MARTIN","207975351","207900050"
"2025","13","GOBIERNO NACIONAL","0101010601","ORGANISMOS PUBLICOS DESCENTRALIZADOS DEL GOBIERNO NACIONAL","2543","SEGURO SOCIAL DE SALUD","23","TACNA","210059560","210059560"
"2025","13","GOBIERNO NACIONAL","0101010601","ORGANISMOS PUBLICOS DESCENTRALIZADOS DEL GOBIERNO NACIONAL","2543","SEGURO SOCIAL DE SALUD","24","TUMBES","92168895","92168895"
"2025","13","GOBIERNO NACIONAL","0101010601","ORGANISMOS PUBLICOS DESCENTRALIZADOS DEL GOBIERNO NACIONAL","2543","SEGURO SOCIAL DE SALUD","25","UCAYALI","173771902","173771902"
"2025","13","GOBIERNOS REGIONALES","0101020101","GOBIERNOS REGIONALES","2670","GOBIERNO REGIONAL AMAZONAS","01","AMAZONAS","1647141076","1636470665.09"
"2025","13","GOBIERNOS REGIONALES","0101020101","GOBIERNOS REGIONALES","2671","GOBIERNO REGIONAL ANCASH","02","ANCASH","3030963821","2950194614.63"
"2025","13","GOBIERNOS REGIONALES","0101020101","GOBIERNOS REGIONALES","2672","GOBIERNO REGIONAL AREQUIPA","04","AREQUIPA","2980045915","2905811877.99"
"2025","13","GOBIERNOS REGIONALES","0101020101","GOBIERNOS REGIONALES","2673","GOBIERNO REGIONAL AYACUCHO","05","AYACUCHO","2788391444","2716204205.51"
"2025","13","GOBIERNOS REGIONALES","0101020101","GOBIERNOS REGIONALES","2674","GOBIERNO REGIONAL CAJAMARCA","06","CAJAMARCA","4149206026","4027629434.63"
"2025","13","GOBIERNOS REGIONALES","0101020101","GOBIERNOS REGIONALES","2675","GOBIERNO REGIONAL CUSCO","08","CUSCO","3698070725","3561921231.62"
"2025","13","GOBIERNOS REGIONALES","0101020101","GOBIERNOS REGIONALES","2676","GOBIERNO REGIONAL ICA","11","ICA","2230704779","2163852466.79"
"2025","13","GOBIERNOS REGIONALES","0101020101","GOBIERNOS REGIONALES","2677","GOBIERNO REGIONAL HUANCAVELICA","09","HUANCAVELICA","1557858112","1541298628.93"
"2025","13","GOBIERNOS REGIONALES","0101020101","GOBIERNOS REGIONALES","2678","GOBIERNO REGIONAL  HUANUCO","10","HUANUCO","2238624884","2202695734.02"
"2025","13","GOBIERNOS REGIONALES","0101020101","GOBIERNOS REGIONALES","2679","GOBIERNO REGIONAL JUNIN","12","JUNIN","3590821046","3559154379.02"
"2025","13","GOBIERNOS REGIONALES","0101020101","GOBIERNOS REGIONALES","2680","GOBIERNO REGIONAL LA LIBERTAD","13","LA LIBERTAD","4126705807","3949524164.07"
"2025","13","GOBIERNOS REGIONALES","0101020101","GOBIERNOS REGIONALES","2681","GOBIERNO REGIONAL LAMBAYEQUE","14","LAMBAYEQUE","2591838020","2452698722.45"
"2025","13","GOBIERNOS REGIONALES","0101020101","GOBIERNOS REGIONALES","2682","GOBIERNO REGIONAL LORETO","16","LORETO","3762517397","3665986958.03"
"2025","13","GOBIERNOS REGIONALES","0101020101","GOBIERNOS REGIONALES","2683","GOBIERNO REGIONAL MADRE DE DIOS","17","MADRE DE DIOS","648344834","611801403.26"
"2025","13","GOBIERNOS REGIONALES","0101020101","GOBIERNOS REGIONALES","2684","GOBIERNO REGIONAL MOQUEGUA","18","MOQUEGUA","939140148","891056741.23"
"2025","13","GOBIERNOS REGIONALES","0101020101","GOBIERNOS REGIONALES","2685","GOBIERNO REGIONAL PASCO","19","PASCO","1210231499","1149551678.99"
"2025","13","GOBIERNOS REGIONALES","0101020101","GOBIERNOS REGIONALES","2686","GOBIERNO REGIONAL PIURA","20","PIURA","4288889939","4214100485.28"
"2025","13","GOBIERNOS REGIONALES","0101020101","GOBIERNOS REGIONALES","2687","GOBIERNO REGIONAL PUNO","21","PUNO","3470774644","3371212351.8"
"2025","13","GOBIERNOS REGIONALES","0101020101","GOBIERNOS REGIONALES","2688","GOBIERNO REGIONAL SAN MARTIN","22","SAN MARTIN","2653543663","2582337254.96"
"2025","13","GOBIERNOS REGIONALES","0101020101","GOBIERNOS REGIONALES","2689","GOBIERNO REGIONAL TACNA","23","TACNA","1107423626","1054606173.47"
"2025","13","GOBIERNOS REGIONALES","0101020101","GOBIERNOS REGIONALES","2690","GOBIERNO REGIONAL TUMBES","24","TUMBES","804121785","757186744.25"
"2025","13","GOBIERNOS REGIONALES","0101020101","GOBIERNOS REGIONALES","2691","GOBIERNO REGIONAL UCAYALI","25","UCAYALI","1771338834","1700857516.7"
"2025","13","GOBIERNOS REGIONALES","0101020101","GOBIERNOS REGIONALES","2692","GOBIERNO REGIONAL APURIMAC","03","APURIMAC","1818428050","1748621545.4"
"2025","13","GOBIERNOS REGIONALES","0101020101","GOBIERNOS REGIONALES","2693","GOBIERNO REGIONAL LIMA","10","HUANUCO","26736","26735.75"
"2025","13","GOBIERNOS REGIONALES","0101020101","GOBIERNOS REGIONALES","2693","GOBIERNO REGIONAL LIMA","15","LIMA","2442523226","2327367709.29"
"2025","13","GOBIERNOS REGIONALES","0101020101","GOBIERNOS REGIONALES","2694","GOBIERNO REGIONAL DEL CALLAO","07","PROV CONSTIT DEL CALLAO","1760020296","1611824572.14"
"2025","13","GOBIERNOS REGIONALES","0101020101","GOBIERNOS REGIONALES","2694","GOBIERNO REGIONAL DEL CALLAO","15","LIMA","10845101","9220884.17"
"2025","13","GOBIERNOS REGIONALES","0101020101","GOBIERNOS REGIONALES","2700","REGION LIMA METROPOLITANA","15","LIMA","177311794","164088304.82"
"2025","13","GOBIERNOS REGIONALES","0101020201","MANCOMUNIDADES REGIONALES","2907","MANCOMUNIDAD REGIONAL DE LOS ANDES","05","AYACUCHO","3330686","770405.1"
"2025","13","GOBIERNOS REGIONALES","0101020201","MANCOMUNIDADES REGIONALES","2907","MANCOMUNIDAD REGIONAL DE LOS ANDES","09","HUANCAVELICA","7182408","6159724.6"
"2025","13","GOBIERNOS REGIONALES","0101020201","MANCOMUNIDADES REGIONALES","2987","MANCOMUNIDAD REGIONAL HUANCAVELICA - ICA","09","HUANCAVELICA","263410","191718"
"2025","13","GOBIERNOS REGIONALES","0101020301","ORGANISMOS PUBLICOS DESCENTRALIZADOS DEL GOBIERNO REGIONAL","1925","COMITE DE ADMINISTRACION DE LA ZONA FRANCA DE TACNA - ZOFRATACNA","23","TACNA","18866747","13907099.76"
"2025","13","GOBIERNOS REGIONALES","0101020301","ORGANISMOS PUBLICOS DESCENTRALIZADOS DEL GOBIERNO REGIONAL","2715","ZONA ESPECIAL DE DESARROLLO MATARANI - ZED MATARANI","04","AREQUIPA","3281940","2632222.34"
"2025","13","GOBIERNOS REGIONALES","0101020301","ORGANISMOS PUBLICOS DESCENTRALIZADOS DEL GOBIERNO REGIONAL","2716","ZONA ESPECIAL DE DESARROLLO PAITA - ZED PAITA","20","PIURA","10873028","5731895.91"
"2025","13","GOBIERNOS REGIONALES","0101020301","ORGANISMOS PUBLICOS DESCENTRALIZADOS DEL GOBIERNO REGIONAL","2717","ZONA ESPECIAL DE DESARROLLO ILO - ZED ILO","18","MOQUEGUA","4821520","3616662.09"
"2025","13","GOBIERNOS LOCALES","0101030101","MUNICIPALIDADES","0067","MUNICIPALIDAD PROVINCIAL DE CHACHAPOYAS","01","AMAZONAS","94538780","71847052.32"
"2025","13","GOBIERNOS LOCALES","0101030101","MUNICIPALIDADES","0068","MUNICIPALIDAD DISTRITAL DE ASUNCION","01","AMAZONAS","1862570","1629374.75"
"2025","13","GOBIERNOS LOCALES","0101030101","MUNICIPALIDADES","0069","MUNICIPALIDAD DISTRITAL DE BALSAS","01","AMAZONAS","3704760","3680189.45"
"2025","13","GOBIERNOS LOCALES","0101030101","MUNICIPALIDADES","0070","MUNICIPALIDAD DISTRITAL DE CHETO","01","AMAZONAS","6018262","5923870.11"
"2025","13","GOBIERNOS LOCALES","0101030101","MUNICIPALIDADES","0071","MUNICIPALIDAD DISTRITAL DE CHILIQUIN","01","AMAZONAS","1912901","1682980.83"
"2025","13","GOBIERNOS LOCALES","0101030101","MUNICIPALIDADES","0072","MUNICIPALIDAD DISTRITAL DE CHUQUIBAMBA","01","AMAZONAS","2144300","1573748.29"
"2025","13","GOBIERNOS LOCALES","0101030101","MUNICIPALIDADES","0073","MUNICIPALIDAD DISTRITAL DE GRANADA","01","AMAZONAS","7683552","7553138.82"
"2025","13","GOBIERNOS LOCALES","0101030101","MUNICIPALIDADES","0074","MUNICIPALIDAD DISTRITAL DE HUANCAS","01","AMAZONAS","5131635","4811472.28"
"2025","13","GOBIERNOS LOCALES","0101030101","MUNICIPALIDADES","0075","MUNICIPALIDAD DISTRITAL DE JALCA GRANDE","01","AMAZONAS","12763013","11156729.17"
"2025","13","GOBIERNOS LOCALES","0101030101","MUNICIPALIDADES","0076","MUNICIPALIDAD DISTRITAL DE LEIMEBAMBA","01","AMAZONAS","17028985","11183616.9"
"2025","13","GOBIERNOS LOCALES","0101030101","MUNICIPALIDADES","0077","MUNICIPALIDAD DISTRITAL DE LEVANTO","01","AMAZONAS","2996409","2263621.05"
"2025","13","GOBIERNOS LOCALES","0101030101","MUNICIPALIDADES","0078","MUNICIPALIDAD DISTRITAL DE MAGDALENA","01","AMAZONAS","3926605","3836875.76"
"2025","13","GOBIERNOS LOCALES","0101030101","MUNICIPALIDADES","0079","MUNICIPALIDAD DISTRITAL DE MARISCAL CASTILLA","01","AMAZONAS","2056175","1886272.36"
"2025","13","GOBIERNOS LOCALES","0101030101","MUNICIPALIDADES","0080","MUNICIPALIDAD DISTRITAL DE MOLINOPAMPA","01","AMAZONAS","5217182","4815357.98"
"2025","13","GOBIERNOS LOCALES","0101030101","MUNICIPALIDADES","0081","MUNICIPALIDAD DISTRITAL DE MONTEVIDEO","01","AMAZONAS","2413559","2209152.52"
"2025","13","GOBIERNOS LOCALES","0101030101","MUNICIPALIDADES","0082","MUNICIPALIDAD DISTRITAL DE OLLEROS","01","AMAZONAS","5669493","5081615.48"
"2025","13","GOBIERNOS LOCALES","0101030101","MUNICIPALIDADES","0083","MUNICIPALIDAD DISTRITAL DE QUINJALCA","01","AMAZONAS","34728837","20184444.47"
"2025","13","GOBIERNOS LOCALES","0101030101","MUNICIPALIDADES","0084","MUNICIPALIDAD DISTRITAL DE SAN FRANCISCO DE DAGUAS","01","AMAZONAS","1583435","1130624.06"
"2025","13","GOBIERNOS LOCALES","0101030101","MUNICIPALIDADES","0085","MUNICIPALIDAD DISTRITAL DE SAN ISIDRO DE MAYNO","01","AMAZONAS","6429335","4033387.13"
"2025","13","GOBIERNOS LOCALES","0101030101","MUNICIPALIDADES","0086","MUNICIPALIDAD DISTRITAL DE SOLOCO","01","AMAZONAS","3277510","2505969.9"
"2025","13","GOBIERNOS LOCALES","0101030101","MUNICIPALIDADES","0087","MUNICIPALIDAD DISTRITAL DE SONCHE","01","AMAZONAS","2195301","1781665.15"
"2025","13","GOBIERNOS LOCALES","0101030101","MUNICIPALIDADES","0088","MUNICIPALIDAD PROVINCIAL DE BAGUA","01","AMAZONAS","44268045","36020409.98"
"2025","13","GOBIERNOS LOCALES","0101030101","MUNICIPALIDADES","0089","MUNICIPALIDAD DISTRITAL DE LA PECA","01","AMAZONAS","14089719","12379348.88"
"2025","13","GOBIERNOS LOCALES","0101030101","MUNICIPALIDADES","0090","MUNICIPALIDAD DISTRITAL DE ARAMANGO","01","AMAZONAS","17871617","9937033.26"
"2025","13","GOBIERNOS LOCALES","0101030101","MUNICIPALIDADES","0091","MUNICIPALIDAD DISTRITAL DE COPALLIN","01","AMAZONAS","7502479","6214478.45"
"2025","13","GOBIERNOS LOCALES","0101030101","MUNICIPALIDADES","0092","MUNICIPALIDAD DISTRITAL DE EL PARCO","01","AMAZONAS","5237410","5038860.08"
"2025","13","GOBIERNOS LOCALES","0101030101","MUNICIPALIDADES","0093","MUNICIPALIDAD DISTRITAL DE IMAZA","01","AMAZONAS","23633585","18662980.58"
"2025","13","GOBIERNOS LOCALES","0101030101","MUNICIPALIDADES","0094","MUNICIPALIDAD PROVINCIAL DE BONGARA - JUMBILLA","01","AMAZONAS","15102024","13900202.14"
"2025","13","GOBIERNOS LOCALES","0101030101","MUNICIPALIDADES","0095","MUNICIPALIDAD DISTRITAL DE COROSHA","01","AMAZONAS","2299881","2045823.1"
"2025","13","GOBIERNOS LOCALES","0101030101","MUNICIPALIDADES","0096","MUNICIPALIDAD DISTRITAL DE CUISPES","01","AMAZONAS","9016226","6140574.86"
"2025","13","GOBIERNOS LOCALES","0101030101","MUNICIPALIDADES","0097","MUNICIPALIDAD DISTRITAL DE CHISQUILLA","01","AMAZONAS","1550620","1361503.47"
"2025","13","GOBIERNOS LOCALES","0101030101","MUNICIPALIDADES","0098","MUNICIPALIDAD DISTRITAL DE CHURUJA","01","AMAZONAS","1902884","1803450.74"
"2025","13","GOBIERNOS LOCALES","0101030101","MUNICIPALIDADES","0099","MUNICIPALIDAD DISTRITAL DE FLORIDA","01","AMAZONAS","23841457","20682289.93"
"2025","13","GOBIERNOS LOCALES","0101030101","MUNICIPALIDADES","0100","MUNICIPALIDAD DISTRITAL DE RECTA","01","AMAZONAS","2423220","2109912.14"
"2025","13","GOBIERNOS LOCALES","0101030101","MUNICIPALIDADES","0101","MUNICIPALIDAD DISTRITAL DE SAN CARLOS","01","AMAZONAS","2888167","2809473.72"
"2025","13","GOBIERNOS LOCALES","0101030101","MUNICIPALIDADES","0102","MUNICIPALIDAD DISTRITAL DE SHIPASBAMBA","01","AMAZONAS","6991680","5511249.6"
"2025","13","GOBIERNOS LOCALES","0101030101","MUNICIPALIDADES","0103","MUNICIPALIDAD DISTRITAL DE VALERA","01","AMAZONAS","8874368","7610056.01"
"2025","13","GOBIERNOS LOCALES","0101030101","MUNICIPALIDADES","0104","MUNICIPALIDAD DISTRITAL DE YAMBRASBAMBA","01","AMAZONAS","19252448","9877926.37"
"2025","13","GOBIERNOS LOCALES","0101030101","MUNICIPALIDADES","0105","MUNICIPALIDAD DISTRITAL DE JAZAN","01","AMAZONAS","16408506","10891876.43"
"2025","13","GOBIERNOS LOCALES","0101030101","MUNICIPALIDADES","0106","MUNICIPALIDAD PROVINCIAL DE LUYA - LAMUD","01","AMAZONAS","29138436","20578731.61"
"2025","13","GOBIERNOS LOCALES","0101030101","MUNICIPALIDADES","0107","MUNICIPALIDAD DISTRITAL DE CAMPORREDONDO","01","AMAZONAS","12572641","11831138.8"
"2025","13","GOBIERNOS LOCALES","0101030101","MUNICIPALIDADES","0108","MUNICIPALIDAD DISTRITAL DE COCABAMBA","01","AMAZONAS","6141330","2659180.98"
"2025","13","GOBIERNOS LOCALES","0101030101","MUNICIPALIDADES","0109","MUNICIPALIDAD DISTRITAL DE COLCAMAR","01","AMAZONAS","3719636","2718976.38"
"2025","13","GOBIERNOS LOCALES","0101030101","MUNICIPALIDADES","0110","MUNICIPALIDAD DISTRITAL DE CONILA","01","AMAZONAS","6466838","5737782.31"
"2025","13","GOBIERNOS LOCALES","0101030101","MUNICIPALIDADES","0111","MUNICIPALIDAD DISTRITAL DE INGUILPATA","01","AMAZONAS","1940337","1922518.97"
"2025","13","GOBIERNOS LOCALES","0101030101","MUNICIPALIDADES","0112","MUNICIPALIDAD DISTRITAL DE LONGUITA","01","AMAZONAS","5348436","4650566.27"
"2025","13","GOBIERNOS LOCALES","0101030101","MUNICIPALIDADES","0113","MUNICIPALIDAD DISTRITAL DE LONYA CHICO","01","AMAZONAS","2613346","2276723.79"
"2025","13","GOBIERNOS LOCALES","0101030101","MUNICIPALIDADES","0114","MUNICIPALIDAD DISTRITAL DE LUYA","01","AMAZONAS","5314696","4939809.51"
"2025","13","GOBIERNOS LOCALES","0101030101","MUNICIPALIDADES","0115","MUNICIPALIDAD DISTRITAL DE LUYA VIEJO","01","AMAZONAS","2332524","2201069.7"
"2025","13","GOBIERNOS LOCALES","0101030101","MUNICIPALIDADES","0116","MUNICIPALIDAD DISTRITAL DE MARIA","01","AMAZONAS","1800797","1716412.66"
"2025","13","GOBIERNOS LOCALES","0101030101","MUNICIPALIDADES","0117","MUNICIPALIDAD DISTRITAL DE OCALLI","01","AMAZONAS","3726475","3415017.29"
"2025","13","GOBIERNOS LOCALES","0101030101","MUNICIPALIDADES","0118","MUNICIPALIDAD DISTRITAL DE OCUMAL","01","AMAZONAS","3537185","3254671.53"
"2025","13","GOBIERNOS LOCALES","0101030101","MUNICIPALIDADES","0119","MUNICIPALIDAD DISTRITAL DE PIZUQUIA","01","AMAZONAS","5847320","4159489.29"
"2025","13","GOBIERNOS LOCALES","0101030101","MUNICIPALIDADES","0120","MUNICIPALIDAD DISTRITAL DE SAN CRISTOBAL DE OLTO","01","AMAZONAS","1718379","1627465.15"
"2025","13","GOBIERNOS LOCALES","0101030101","MUNICIPALIDADES","0121","MUNICIPALIDAD DISTRITAL DE SAN FRANCISCO DE YESO","01","AMAZONAS","2072018","1843968.25"
"2025","13","GOBIERNOS LOCALES","0101030101","MUNICIPALIDADES","0122","MUNICIPALIDAD DISTRITAL DE SAN JERONIMO DE PACLAS","01","AMAZONAS","2371456","2153399.6"
"2025","13","GOBIERNOS LOCALES","0101030101","MUNICIPALIDADES","0123","MUNICIPALIDAD DISTRITAL DE SAN JUAN DE LOPECANCHA","01","AMAZONAS","5192508","4635880.04"
"2025","13","GOBIERNOS LOCALES","0101030101","MUNICIPALIDADES","0124","MUNICIPALIDAD DISTRITAL DE SANTA CATALINA","01","AMAZONAS","2943317","2874071.49"
"2025","13","GOBIERNOS LOCALES","0101030101","MUNICIPALIDADES","0125","MUNICIPALIDAD DISTRITAL DE SANTO TOMAS","01","AMAZONAS","9426801","9034853.75"
"2025","13","GOBIERNOS LOCALES","0101030101","MUNICIPALIDADES","0126","MUNICIPALIDAD DISTRITAL DE TINGO","01","AMAZONAS","6539398","6301041.34"
"2025","13","GOBIERNOS LOCALES","0101030101","MUNICIPALIDADES","0127","MUNICIPALIDAD DISTRITAL DE TRITA","01","AMAZONAS","2780085","2653568.55"
"2025","13","GOBIERNOS LOCALES","0101030101","MUNICIPALIDADES","0128","MUNICIPALIDAD DISTRITAL DE PROVIDENCIA","01","AMAZONAS","9012912","8489284.81"
"2025","13","GOBIERNOS LOCALES","0101030101","MUNICIPALIDADES","0129","MUNICIPALIDAD PROVINCIAL DE RODRIGUEZ DE MENDOZA - SAN NICOLAS","01","AMAZONAS","40620019","32573834.91"
"2025","13","GOBIERNOS LOCALES","0101030101","MUNICIPALIDADES","0130","MUNICIPALIDAD DISTRITAL DE COCHAMAL","01","AMAZONAS","4364168","3588287.83"
"2025","13","GOBIERNOS LOCALES","0101030101","MUNICIPALIDADES","0131","MUNICIPALIDAD DISTRITAL DE CHIRIMOTO","01","AMAZONAS","4439347","4023634.69"
"2025","13","GOBIERNOS LOCALES","0101030101","MUNICIPALIDADES","0132","MUNICIPALIDAD DISTRITAL DE HUAMBO","01","AMAZONAS","5255163","3467020.54"
"2025","13","GOBIERNOS LOCALES","0101030101","MUNICIPALIDADES","0133","MUNICIPALIDAD DISTRITAL DE LIMABAMBA","01","AMAZONAS","8165438","7191841.95"
"2025","13","GOBIERNOS LOCALES","0101030101","MUNICIPALIDADES","0134","MUNICIPALIDAD DISTRITAL DE LONGAR","01","AMAZONAS","9717246","8318101.68"
"2025","13","GOBIERNOS LOCALES","0101030101","MUNICIPALIDADES","0135","MUNICIPALIDAD DISTRITAL DE MARISCAL BENAVIDES","01","AMAZONAS","4348682","3114457.05"
"2025","13","GOBIERNOS LOCALES","0101030101","MUNICIPALIDADES","0136","MUNICIPALIDAD DISTRITAL DE MILPUC","01","AMAZONAS","4606665","3599017.12"
"2025","13","GOBIERNOS LOCALES","0101030101","MUNICIPALIDADES","0137","MUNICIPALIDAD DISTRITAL DE OMIA","01","AMAZONAS","9841231","9384949.43"
"2025","13","GOBIERNOS LOCALES","0101030101","MUNICIPALIDADES","0138","MUNICIPALIDAD DISTRITAL DE SANTA ROSA","01","AMAZONAS","2741327","2402152.5"
"2025","13","GOBIERNOS LOCALES","0101030101","MUNICIPALIDADES","0139","MUNICIPALIDAD DISTRITAL DE TOTORA","01","AMAZONAS","2153989","1722596.47"
"2025","13","GOBIERNOS LOCALES","0101030101","MUNICIPALIDADES","0140","MUNICIPALIDAD DISTRITAL DE VISTA ALEGRE","01","AMAZONAS","5249607","4748147.24"
"2025","13","GOBIERNOS LOCALES","0101030101","MUNICIPALIDADES","0141","MUNICIPALIDAD PROVINCIAL DE CONDORCANQUI - NIEVA","01","AMAZONAS","51418152","45137369.91"
"2025","13","GOBIERNOS LOCALES","0101030101","MUNICIPALIDADES","0142","MUNICIPALIDAD DISTRITAL DE EL CENEPA","01","AMAZONAS","14905633","13271113.65"
"2025","13","GOBIERNOS LOCALES","0101030101","MUNICIPALIDADES","0143","MUNICIPALIDAD DISTRITAL DE RIO SANTIAGO","01","AMAZONAS","23663096","23321818.95"
"2025","13","GOBIERNOS LOCALES","0101030101","MUNICIPALIDADES","0144","MUNICIPALIDAD PROVINCIA DE UTCUBAMBA - BAGUA GRANDE","01","AMAZONAS","45287373","41203078.07"
"2025","13","GOBIERNOS LOCALES","0101030101","MUNICIPALIDADES","0145","MUNICIPALIDAD DISTRITAL DE CAJARURO","01","AMAZONAS","35584855","33700772.79"
"2025","13","GOBIERNOS LOCALES","0101030101","MUNICIPALIDADES","0146","MUNICIPALIDAD DISTRITAL DE CUMBA","01","AMAZONAS","18522910","13231595.01"
"2025","13","GOBIERNOS LOCALES","0101030101","MUNICIPALIDADES","0147","MUNICIPALIDAD DISTRITAL DE EL MILAGRO","01","AMAZONAS","12285988","10051367.46"
"2025","13","GOBIERNOS LOCALES","0101030101","MUNICIPALIDADES","0148","MUNICIPALIDAD DISTRITAL DE JAMALCA","01","AMAZONAS","9317591","7582646.98"
"2025","13","GOBIERNOS LOCALES","0101030101","MUNICIPALIDADES","0149","MUNICIPALIDAD DISTRITAL DE LONYA GRANDE","01","AMAZONAS","20498227","19856718.42"
"2025","13","GOBIERNOS LOCALES","0101030101","MUNICIPALIDADES","0150","MUNICIPALIDAD DISTRITAL DE YAMON","01","AMAZONAS","13850640","11092443.22"
"2025","13","GOBIERNOS LOCALES","0101030101","MUNICIPALIDADES","0151","MUNICIPALIDAD PROVINCIAL DE HUARAZ","02","ANCASH","146955113","123323289.36"
"2025","13","GOBIERNOS LOCALES","0101030101","MUNICIPALIDADES","0152","MUNICIPALIDAD DISTRITAL DE COCHABAMBA","02","ANCASH","12934061","9405164.5"
"2025","13","GOBIERNOS LOCALES","0101030101","MUNICIPALIDADES","0153","MUNICIPALIDAD DISTRITAL DE COLCABAMBA","02","ANCASH","1928051","1790197.8"
"2025","13","GOBIERNOS LOCALES","0101030101","MUNICIPALIDADES","0154","MUNICIPALIDAD DISTRITAL DE HUANCHAY","02","ANCASH","6519196","3093861.59"
"2025","13","GOBIERNOS LOCALES","0101030101","MUNICIPALIDADES","0155","MUNICIPALIDAD DISTRITAL DE JANGAS","02","ANCASH","15683018","11870843.79"
"2025","13","GOBIERNOS LOCALES","0101030101","MUNICIPALIDADES","0156","MUNICIPALIDAD DISTRITAL DE LA LIBERTAD","02","ANCASH","2290536","1319128.22"
"2025","13","GOBIERNOS LOCALES","0101030101","MUNICIPALIDADES","0157","MUNICIPALIDAD DISTRITAL DE OLLEROS","02","ANCASH","5943671","5309431.35"
"2025","13","GOBIERNOS LOCALES","0101030101","MUNICIPALIDADES","0158","MUNICIPALIDAD DISTRITAL DE PAMPAS","02","ANCASH","6737889","5583060.12"
"2025","13","GOBIERNOS LOCALES","0101030101","MUNICIPALIDADES","0159","MUNICIPALIDAD DISTRITAL DE PARIACOTO","02","ANCASH","7984879","5260031.61"
"2025","13","GOBIERNOS LOCALES","0101030101","MUNICIPALIDADES","0160","MUNICIPALIDAD DISTRITAL DE PIRA","02","ANCASH","6413346","4398468.03"
"2025","13","GOBIERNOS LOCALES","0101030101","MUNICIPALIDADES","0161","MUNICIPALIDAD DISTRITAL DE TARICA","02","ANCASH","10890434","5639337.31"
"2025","13","GOBIERNOS LOCALES","0101030101","MUNICIPALIDADES","0162","MUNICIPALIDAD DISTRITAL DE INDEPENDENCIA","02","ANCASH","119497011","82002869.1"
"2025","13","GOBIERNOS LOCALES","0101030101","MUNICIPALIDADES","0163","MUNICIPALIDAD PROVINCIAL DE AIJA","02","ANCASH","10892011","7749166.83"
"2025","13","GOBIERNOS LOCALES","0101030101","MUNICIPALIDADES","0164","MUNICIPALIDAD DISTRITAL DE CORIS","02","ANCASH","16593310","3349454.65"
"2025","13","GOBIERNOS LOCALES","0101030101","MUNICIPALIDADES","0165","MUNICIPALIDAD DISTRITAL DE HUACLLAN","02","ANCASH","5071063","985810.32"
"2025","13","GOBIERNOS LOCALES","0101030101","MUNICIPALIDADES","0166","MUNICIPALIDAD DISTRITAL DE LA MERCED","02","ANCASH","18802432","11229667.28"
"2025","13","GOBIERNOS LOCALES","0101030101","MUNICIPALIDADES","0167","MUNICIPALIDAD DISTRITAL DE SUCCHA","02","ANCASH","5239434","1812347.7"
"2025","13","GOBIERNOS LOCALES","0101030101","MUNICIPALIDADES","0168","MUNICIPALIDAD PROVINCIAL DE ANTONIO RAYMONDI - LLAMELLIN","02","ANCASH","22600752","19019162.99"
"2025","13","GOBIERNOS LOCALES","0101030101","MUNICIPALIDADES","0169","MUNICIPALIDAD DISTRITAL DE ACSO","02","ANCASH","10833679","3262657.68"
"2025","13","GOBIERNOS LOCALES","0101030101","MUNICIPALIDADES","0170","MUNICIPALIDAD DISTRITAL DE CHACCHO","02","ANCASH","2560257","2181450.31"
"2025","13","GOBIERNOS LOCALES","0101030101","MUNICIPALIDADES","0171","MUNICIPALIDAD DISTRITAL DE CHINGAS","02","ANCASH","3005349","2309784.17"
"2025","13","GOBIERNOS LOCALES","0101030101","MUNICIPALIDADES","0172","MUNICIPALIDAD DISTRITAL DE MIRGAS","02","ANCASH","15562451","7959508.74"
"2025","13","GOBIERNOS LOCALES","0101030101","MUNICIPALIDADES","0173","MUNICIPALIDAD DISTRITAL DE SAN JUAN DE RONTOY","02","ANCASH","3402941","3070062.07"
"2025","13","GOBIERNOS LOCALES","0101030101","MUNICIPALIDADES","0174","MUNICIPALIDAD PROVINCIAL DE BOLOGNESI - CHIQUIAN","02","ANCASH","22964862","16843540.23"
"2025","13","GOBIERNOS LOCALES","0101030101","MUNICIPALIDADES","0175","MUNICIPALIDAD DISTRITAL DE ABELARDO PARDO LAZAMETA","02","ANCASH","2108990","1714098.04"
"2025","13","GOBIERNOS LOCALES","0101030101","MUNICIPALIDADES","0176","MUNICIPALIDAD DISTRITAL DE ANTONIO RAYMONDI","02","ANCASH","5592318","4566641.54"
"2025","13","GOBIERNOS LOCALES","0101030101","MUNICIPALIDADES","0177","MUNICIPALIDAD DISTRITAL DE AQUIA","02","ANCASH","4288178","2719259.54"
"2025","13","GOBIERNOS LOCALES","0101030101","MUNICIPALIDADES","0178","MUNICIPALIDAD DISTRITAL DE CAJACAY","02","ANCASH","7668212","3921327.02"
"2025","13","GOBIERNOS LOCALES","0101030101","MUNICIPALIDADES","0179","MUNICIPALIDAD DISTRITAL DE CANIS","02","ANCASH","1816973","1489313.34"
"2025","13","GOBIERNOS LOCALES","0101030101","MUNICIPALIDADES","0180","MUNICIPALIDAD DISTRITAL DE COLQUIOC","02","ANCASH","5195625","2474523.78"
"2025","13","GOBIERNOS LOCALES","0101030101","MUNICIPALIDADES","0181","MUNICIPALIDAD DISTRITAL DE HUASTA","02","ANCASH","3967068","2961694.28"
"2025","13","GOBIERNOS LOCALES","0101030101","MUNICIPALIDADES","0182","MUNICIPALIDAD DISTRITAL DE HUAYLLACAYAN","02","ANCASH","4752004","2403386.61"
"2025","13","GOBIERNOS LOCALES","0101030101","MUNICIPALIDADES","0183","MUNICIPALIDAD DISTRITAL DE MANGAS","02","ANCASH","12933059","2742217.05"
"2025","13","GOBIERNOS LOCALES","0101030101","MUNICIPALIDADES","0184","MUNICIPALIDAD DISTRITAL DE PACLLON","02","ANCASH","2641675","1795760.76"
"2025","13","GOBIERNOS LOCALES","0101030101","MUNICIPALIDADES","0185","MUNICIPALIDAD DISTRITAL DE LA PRIMAVERA","02","ANCASH","4323676","3427841.23"
"2025","13","GOBIERNOS LOCALES","0101030101","MUNICIPALIDADES","0186","MUNICIPALIDAD DISTRITAL DE SAN MIGUEL DE CORPANQUI","02","ANCASH","2350803","1817987.95"
"2025","13","GOBIERNOS LOCALES","0101030101","MUNICIPALIDADES","0187","MUNICIPALIDAD DISTRITAL DE TICLLOS","02","ANCASH","2639025","1961821.9"
"2025","13","GOBIERNOS LOCALES","0101030101","MUNICIPALIDADES","0188","MUNICIPALIDAD DISTRITAL DE HUALLANCA","02","ANCASH","21010427","10148165.77"
"2025","13","GOBIERNOS LOCALES","0101030101","MUNICIPALIDADES","0189","MUNICIPALIDAD PROVINCIAL DE CARHUAZ","02","ANCASH","70756131","26966747.23"
"2025","13","GOBIERNOS LOCALES","0101030101","MUNICIPALIDADES","0190","MUNICIPALIDAD DISTRITAL DE ACOPAMPA","02","ANCASH","7102151","3529151.32"
"2025","13","GOBIERNOS LOCALES","0101030101","MUNICIPALIDADES","0191","MUNICIPALIDAD DISTRITAL DE AMASHCA","02","ANCASH","8607393","3677723.18"
"2025","13","GOBIERNOS LOCALES","0101030101","MUNICIPALIDADES","0192","MUNICIPALIDAD DISTRITAL DE ANTA","02","ANCASH","6742629","4313392.53"
"2025","13","GOBIERNOS LOCALES","0101030101","MUNICIPALIDADES","0193","MUNICIPALIDAD DISTRITAL DE ATAQUERO","02","ANCASH","2916300","2722858.58"
"2025","13","GOBIERNOS LOCALES","0101030101","MUNICIPALIDADES","0194","MUNICIPALIDAD DISTRITAL DE MARCARA","02","ANCASH","28097394","20286984.95"
"2025","13","GOBIERNOS LOCALES","0101030101","MUNICIPALIDADES","0195","MUNICIPALIDAD DISTRITAL DE PARIAHUANCA","02","ANCASH","4421830","3687275.55"
"2025","13","GOBIERNOS LOCALES","0101030101","MUNICIPALIDADES","0196","MUNICIPALIDAD DISTRITAL DE SAN MIGUEL DE ACO","02","ANCASH","14905495","12957847.2"
"2025","13","GOBIERNOS LOCALES","0101030101","MUNICIPALIDADES","0197","MUNICIPALIDAD DISTRITAL DE SHILLA","02","ANCASH","6812569","4131095.28"
"2025","13","GOBIERNOS LOCALES","0101030101","MUNICIPALIDADES","0198","MUNICIPALIDAD DISTRITAL DE TINCO","02","ANCASH","10331560","3608087.31"
"2025","13","GOBIERNOS LOCALES","0101030101","MUNICIPALIDADES","0199","MUNICIPALIDAD DISTRITAL DE YUNGAR","02","ANCASH","6600984","5000018.04"
"2025","13","GOBIERNOS LOCALES","0101030101","MUNICIPALIDADES","0200","MUNICIPALIDAD PROVINCIAL DE CASMA","02","ANCASH","79214676","62719883.08"
"2025","13","GOBIERNOS LOCALES","0101030101","MUNICIPALIDADES","0201","MUNICIPALIDAD DISTRITAL DE BUENA VISTA ALTA","02","ANCASH","12694554","9451315.54"
"2025","13","GOBIERNOS LOCALES","0101030101","MUNICIPALIDADES","0202","MUNICIPALIDAD DISTRITAL DE COMANDANTE NOEL","02","ANCASH","9165852","4938232.03"
"2025","13","GOBIERNOS LOCALES","0101030101","MUNICIPALIDADES","0203","MUNICIPALIDAD DISTRITAL DE YAUTAN","02","ANCASH","16941809","14954759.99"
"2025","13","GOBIERNOS LOCALES","0101030101","MUNICIPALIDADES","0204","MUNICIPALIDAD PROVINCIAL DE CORONGO","02","ANCASH","15607031","13370966.4"
"2025","13","GOBIERNOS LOCALES","0101030101","MUNICIPALIDADES","0205","MUNICIPALIDAD DISTRITAL DE ACO","02","ANCASH","2401546","2102741.19"
"2025","13","GOBIERNOS LOCALES","0101030101","MUNICIPALIDADES","0206","MUNICIPALIDAD DISTRITAL DE BAMBAS","02","ANCASH","2549579","2352850.57"
"2025","13","GOBIERNOS LOCALES","0101030101","MUNICIPALIDADES","0207","MUNICIPALIDAD DISTRITAL DE CUSCA","02","ANCASH","8182996","5706691.42"
"2025","13","GOBIERNOS LOCALES","0101030101","MUNICIPALIDADES","0208","MUNICIPALIDAD DISTRITAL DE LA PAMPA","02","ANCASH","2600318","2414681.14"
"2025","13","GOBIERNOS LOCALES","0101030101","MUNICIPALIDADES","0209","MUNICIPALIDAD DISTRITAL DE YANAC","02","ANCASH","2171183","1888644.75"
"2025","13","GOBIERNOS LOCALES","0101030101","MUNICIPALIDADES","0210","MUNICIPALIDAD DISTRITAL DE YUPAN","02","ANCASH","12157865","10524402.92"
"2025","13","GOBIERNOS LOCALES","0101030101","MUNICIPALIDADES","0211","MUNICIPALIDAD PROVINCIAL DE HUARI","02","ANCASH","105770342","68471470.65"
"2025","13","GOBIERNOS LOCALES","0101030101","MUNICIPALIDADES","0212","MUNICIPALIDAD DISTRITAL DE ANRA","02","ANCASH","13515747","8903545.28"
"2025","13","GOBIERNOS LOCALES","0101030101","MUNICIPALIDADES","0213","MUNICIPALIDAD DISTRITAL DE CAJAY","02","ANCASH","53744095","40802522.33"
"2025","13","GOBIERNOS LOCALES","0101030101","MUNICIPALIDADES","0214","MUNICIPALIDAD DISTRITAL DE CHAVIN DE HUANTAR","02","ANCASH","153476687","110439832.75"
"2025","13","GOBIERNOS LOCALES","0101030101","MUNICIPALIDADES","0215","MUNICIPALIDAD DISTRITAL DE HUACACHI","02","ANCASH","29221549","24688287.22"
"2025","13","GOBIERNOS LOCALES","0101030101","MUNICIPALIDADES","0216","MUNICIPALIDAD DISTRITAL DE HUACCHIS","02","ANCASH","9883120","8454827.15"
"2025","13","GOBIERNOS LOCALES","0101030101","MUNICIPALIDADES","0217","MUNICIPALIDAD DISTRITAL DE HUACHIS","02","ANCASH","42482457","30412616.13"
"2025","13","GOBIERNOS LOCALES","0101030101","MUNICIPALIDADES","0218","MUNICIPALIDAD DISTRITAL DE HUANTAR","02","ANCASH","38089987","20566270.51"
"2025","13","GOBIERNOS LOCALES","0101030101","MUNICIPALIDADES","0219","MUNICIPALIDAD DISTRITAL DE MASIN","02","ANCASH","14950884","12606130.15"
"2025","13","GOBIERNOS LOCALES","0101030101","MUNICIPALIDADES","0220","MUNICIPALIDAD DISTRITAL DE PAUCAS","02","ANCASH","19747172","13398158.58"
"2025","13","GOBIERNOS LOCALES","0101030101","MUNICIPALIDADES","0221","MUNICIPALIDAD DISTRITAL DE PONTO","02","ANCASH","56102277","35921089.03"
"2025","13","GOBIERNOS LOCALES","0101030101","MUNICIPALIDADES","0222","MUNICIPALIDAD DISTRITAL DE RAHUAPAMPA","02","ANCASH","13841158","8019270.11"
"2025","13","GOBIERNOS LOCALES","0101030101","MUNICIPALIDADES","0223","MUNICIPALIDAD DISTRITAL DE RAPAYAN","02","ANCASH","21200952","15653781.98"
"2025","13","GOBIERNOS LOCALES","0101030101","MUNICIPALIDADES","0224","MUNICIPALIDAD DISTRITAL DE SAN MARCOS","02","ANCASH","1210256701","810295930"
"2025","13","GOBIERNOS LOCALES","0101030101","MUNICIPALIDADES","0225","MUNICIPALIDAD DISTRITAL DE SAN PEDRO DE CHANA","02","ANCASH","47064813","28525877.09"
"2025","13","GOBIERNOS LOCALES","0101030101","MUNICIPALIDADES","0226","MUNICIPALIDAD DISTRITAL DE UCO","02","ANCASH","18632219","6588546.07"
"2025","13","GOBIERNOS LOCALES","0101030101","MUNICIPALIDADES","0227","MUNICIPALIDAD PROVINCIAL DE HUAYLAS - CARAZ","02","ANCASH","49952183","42938753.41"
"2025","13","GOBIERNOS LOCALES","0101030101","MUNICIPALIDADES","0228","MUNICIPALIDAD DISTRITAL DE HUALLANCA","02","ANCASH","11133482","10380999.76"
"2025","13","GOBIERNOS LOCALES","0101030101","MUNICIPALIDADES","0229","MUNICIPALIDAD DISTRITAL DE HUATA","02","ANCASH","8307152","2190839.75"
"2025","13","GOBIERNOS LOCALES","0101030101","MUNICIPALIDADES","0230","MUNICIPALIDAD DISTRITAL DE HUAYLAS","02","ANCASH","3595627","2209251.85"
"2025","13","GOBIERNOS LOCALES","0101030101","MUNICIPALIDADES","0231","MUNICIPALIDAD DISTRITAL DE MATO","02","ANCASH","3810439","3174039.03"
"2025","13","GOBIERNOS LOCALES","0101030101","MUNICIPALIDADES","0232","MUNICIPALIDAD DISTRITAL DE PAMPAROMAS","02","ANCASH","23162888","15479764.84"
"2025","13","GOBIERNOS LOCALES","0101030101","MUNICIPALIDADES","0233","MUNICIPALIDAD DISTRITAL DE PUEBLO LIBRE","02","ANCASH","22040425","9805793.94"
"2025","13","GOBIERNOS LOCALES","0101030101","MUNICIPALIDADES","0234","MUNICIPALIDAD DISTRITAL DE SANTA CRUZ","02","ANCASH","12090079","9303215.37"
"2025","13","GOBIERNOS LOCALES","0101030101","MUNICIPALIDADES","0235","MUNICIPALIDAD DISTRITAL DE YURACMARCA","02","ANCASH","5542960","2741373.29"
"2025","13","GOBIERNOS LOCALES","0101030101","MUNICIPALIDADES","0236","MUNICIPALIDAD DISTRITAL DE SANTO TORIBIO","02","ANCASH","2213918","1913582.54"
"2025","13","GOBIERNOS LOCALES","0101030101","MUNICIPALIDADES","0237","MUNICIPALIDAD PROVINCIAL DE MARISCAL LUZURIAGA - PISCOBAMBA","02","ANCASH","27193325","19308207.89"
"2025","13","GOBIERNOS LOCALES","0101030101","MUNICIPALIDADES","0238","MUNICIPALIDAD DISTRITAL DE CASCA","02","ANCASH","18859793","8349042.15"
"2025","13","GOBIERNOS LOCALES","0101030101","MUNICIPALIDADES","0239","MUNICIPALIDAD DISTRITAL DE FIDEL OLIVAS ESCUDERO","02","ANCASH","4688814","4087064.04"
"2025","13","GOBIERNOS LOCALES","0101030101","MUNICIPALIDADES","0240","MUNICIPALIDAD DISTRITAL DE LUCMA","02","ANCASH","10344223","6462419.93"
"2025","13","GOBIERNOS LOCALES","0101030101","MUNICIPALIDADES","0241","MUNICIPALIDAD DISTRITAL DE LLAMA","02","ANCASH","3642781","2359147.74"
"2025","13","GOBIERNOS LOCALES","0101030101","MUNICIPALIDADES","0242","MUNICIPALIDAD DISTRITAL DE LLUMPA","02","ANCASH","13250318","5763979.65"
"2025","13","GOBIERNOS LOCALES","0101030101","MUNICIPALIDADES","0243","MUNICIPALIDAD DISTRITAL DE MUSGA","02","ANCASH","6252478","5409087.86"
"2025","13","GOBIERNOS LOCALES","0101030101","MUNICIPALIDADES","0244","MUNICIPALIDAD DISTRITAL DE ELEAZAR GUZMAN BARRON","02","ANCASH","20507394","2716592.05"
"2025","13","GOBIERNOS LOCALES","0101030101","MUNICIPALIDADES","0245","MUNICIPALIDAD PROVINCIAL DE PALLASCA - CABANA","02","ANCASH","19292250","11207949.59"
"2025","13","GOBIERNOS LOCALES","0101030101","MUNICIPALIDADES","0246","MUNICIPALIDAD DISTRITAL DE BOLOGNESI","02","ANCASH","3381110","2021480.25"
"2025","13","GOBIERNOS LOCALES","0101030101","MUNICIPALIDADES","0247","MUNICIPALIDAD DISTRITAL DE CONCHUCOS","02","ANCASH","19817307","11684416.02"
"2025","13","GOBIERNOS LOCALES","0101030101","MUNICIPALIDADES","0248","MUNICIPALIDAD DISTRITAL DE HUACASCHUQUE","02","ANCASH","2476051","1504700.72"
"2025","13","GOBIERNOS LOCALES","0101030101","MUNICIPALIDADES","0249","MUNICIPALIDAD DISTRITAL DE HUANDOVAL","02","ANCASH","3327949","1742413.44"
"2025","13","GOBIERNOS LOCALES","0101030101","MUNICIPALIDADES","0250","MUNICIPALIDAD DISTRITAL DE LACABAMBA","02","ANCASH","4065185","2655327.01"
"2025","13","GOBIERNOS LOCALES","0101030101","MUNICIPALIDADES","0251","MUNICIPALIDAD DISTRITAL DE LLAPO","02","ANCASH","2853568","1991575.52"
"2025","13","GOBIERNOS LOCALES","0101030101","MUNICIPALIDADES","0252","MUNICIPALIDAD DISTRITAL DE PALLASCA","02","ANCASH","5381335","4130918.3"
"2025","13","GOBIERNOS LOCALES","0101030101","MUNICIPALIDADES","0253","MUNICIPALIDAD DISTRITAL DE PAMPAS","02","ANCASH","8015526","4413936.9"
"2025","13","GOBIERNOS LOCALES","0101030101","MUNICIPALIDADES","0254","MUNICIPALIDAD DISTRITAL DE SANTA ROSA","02","ANCASH","7662474","1760975.93"
"2025","13","GOBIERNOS LOCALES","0101030101","MUNICIPALIDADES","0255","MUNICIPALIDAD DISTRITAL DE TAUCA","02","ANCASH","3278451","2961154.47"
"2025","13","GOBIERNOS LOCALES","0101030101","MUNICIPALIDADES","0256","MUNICIPALIDAD PROVINCIAL DE POMABAMBA","02","ANCASH","37778964","21057347.06"
"2025","13","GOBIERNOS LOCALES","0101030101","MUNICIPALIDADES","0257","MUNICIPALIDAD DISTRITAL DE HUAYLLAN","02","ANCASH","15215972","4805803.82"
"2025","13","GOBIERNOS LOCALES","0101030101","MUNICIPALIDADES","0258","MUNICIPALIDAD DISTRITAL DE PAROBAMBA","02","ANCASH","15034308","9938913.7"
"2025","13","GOBIERNOS LOCALES","0101030101","MUNICIPALIDADES","0259","MUNICIPALIDAD DISTRITAL DE QUINUABAMBA","02","ANCASH","4366493","4177990.13"
"2025","13","GOBIERNOS LOCALES","0101030101","MUNICIPALIDADES","0260","MUNICIPALIDAD PROVINCIAL DE RECUAY","02","ANCASH","16960059","14253962.31"
"2025","13","GOBIERNOS LOCALES","0101030101","MUNICIPALIDADES","0261","MUNICIPALIDAD DISTRITAL DE CATAC","02","ANCASH","11440345","9709934.56"
"2025","13","GOBIERNOS LOCALES","0101030101","MUNICIPALIDADES","0262","MUNICIPALIDAD DISTRITAL DE COTAPARACO","02","ANCASH","2908492","2237770.76"
"2025","13","GOBIERNOS LOCALES","0101030101","MUNICIPALIDADES","0263","MUNICIPALIDAD DISTRITAL DE HUAYLLAPAMPA","02","ANCASH","5004612","3797645.05"
"2025","13","GOBIERNOS LOCALES","0101030101","MUNICIPALIDADES","0264","MUNICIPALIDAD DISTRITAL DE LLACLLIN","02","ANCASH","8211123","5242194.28"
"2025","13","GOBIERNOS LOCALES","0101030101","MUNICIPALIDADES","0265","MUNICIPALIDAD DISTRITAL DE MARCA","02","ANCASH","11097149","6891628.66"
"2025","13","GOBIERNOS LOCALES","0101030101","MUNICIPALIDADES","0266","MUNICIPALIDAD DISTRITAL DE PAMPAS CHICO","02","ANCASH","7806331","2877219.53"
"2025","13","GOBIERNOS LOCALES","0101030101","MUNICIPALIDADES","0267","MUNICIPALIDAD DISTRITAL DE PARARIN","02","ANCASH","16008559","11033183.09"
"2025","13","GOBIERNOS LOCALES","0101030101","MUNICIPALIDADES","0268","MUNICIPALIDAD DISTRITAL DE TAPACOCHA","02","ANCASH","9203370","1511521.91"
"2025","13","GOBIERNOS LOCALES","0101030101","MUNICIPALIDADES","0269","MUNICIPALIDAD DISTRITAL DE TICAPAMPA","02","ANCASH","4699354","3606774.75"
"2025","13","GOBIERNOS LOCALES","0101030101","MUNICIPALIDADES","0270","MUNICIPALIDAD PROVINCIAL DE SANTA - CHIMBOTE","02","ANCASH","302672271","236194577.29"
"2025","13","GOBIERNOS LOCALES","0101030101","MUNICIPALIDADES","0271","MUNICIPALIDAD DISTRITAL DE CACERES DEL PERU","02","ANCASH","12790372","9235370.65"
"2025","13","GOBIERNOS LOCALES","0101030101","MUNICIPALIDADES","0272","MUNICIPALIDAD DISTRITAL DE MACATE","02","ANCASH","10348377","9116341.01"
"2025","13","GOBIERNOS LOCALES","0101030101","MUNICIPALIDADES","0273","MUNICIPALIDAD DISTRITAL DE MORO","02","ANCASH","32759975","19967239.61"
"2025","13","GOBIERNOS LOCALES","0101030101","MUNICIPALIDADES","0274","MUNICIPALIDAD DISTRITAL DE NEPEÑA","02","ANCASH","37201080","32307150.24"
"2025","13","GOBIERNOS LOCALES","0101030101","MUNICIPALIDADES","0275","MUNICIPALIDAD DISTRITAL DE SAMANCO","02","ANCASH","12349878","11473543.34"
"2025","13","GOBIERNOS LOCALES","0101030101","MUNICIPALIDADES","0276","MUNICIPALIDAD DISTRITAL DE SANTA","02","ANCASH","27689498","25853198.24"
"2025","13","GOBIERNOS LOCALES","0101030101","MUNICIPALIDADES","0277","MUNICIPALIDAD DISTRITAL DE COISHCO","02","ANCASH","24101972","22699904.15"
"2025","13","GOBIERNOS LOCALES","0101030101","MUNICIPALIDADES","0278","MUNICIPALIDAD DISTRITAL DE NUEVO CHIMBOTE","02","ANCASH","268979717","218994531.41"
"2025","13","GOBIERNOS LOCALES","0101030101","MUNICIPALIDADES","0279","MUNICIPALIDAD PROVINCIAL DE SIHUAS","02","ANCASH","28540701","14769428.63"
"2025","13","GOBIERNOS LOCALES","0101030101","MUNICIPALIDADES","0280","MUNICIPALIDAD DISTRITAL DE ACOBAMBA","02","ANCASH","4198189","4008190.21"
"2025","13","GOBIERNOS LOCALES","0101030101","MUNICIPALIDADES","0281","MUNICIPALIDAD DISTRITAL DE ALFONSO UGARTE","02","ANCASH","3290790","3135597.94"
"2025","13","GOBIERNOS LOCALES","0101030101","MUNICIPALIDADES","0282","MUNICIPALIDAD DISTRITAL DE CASHAPAMPA","02","ANCASH","21293640","16908724.03"
"2025","13","GOBIERNOS LOCALES","0101030101","MUNICIPALIDADES","0283","MUNICIPALIDAD DISTRITAL DE CHINGALPO","02","ANCASH","2730981","2453845.54"
"2025","13","GOBIERNOS LOCALES","0101030101","MUNICIPALIDADES","0284","MUNICIPALIDAD DISTRITAL DE HUAYLLABAMBA","02","ANCASH","4998834","3948635.41"
"2025","13","GOBIERNOS LOCALES","0101030101","MUNICIPALIDADES","0285","MUNICIPALIDAD DISTRITAL DE QUICHES","02","ANCASH","6374738","4972500.06"
"2025","13","GOBIERNOS LOCALES","0101030101","MUNICIPALIDADES","0286","MUNICIPALIDAD DISTRITAL DE RAGASH","02","ANCASH","7408737","6819198.22"
"2025","13","GOBIERNOS LOCALES","0101030101","MUNICIPALIDADES","0287","MUNICIPALIDAD DISTRITAL DE SAN JUAN","02","ANCASH","15971101","11227765.91"
"2025","13","GOBIERNOS LOCALES","0101030101","MUNICIPALIDADES","0288","MUNICIPALIDAD DISTRITAL DE SICSIBAMBA","02","ANCASH","2393114","1628964.68"
"2025","13","GOBIERNOS LOCALES","0101030101","MUNICIPALIDADES","0289","MUNICIPALIDAD PROVINCIAL DE YUNGAY","02","ANCASH","58894598","38402487.39"
"2025","13","GOBIERNOS LOCALES","0101030101","MUNICIPALIDADES","0290","MUNICIPALIDAD DISTRITAL DE CASCAPARA","02","ANCASH","3740367","3041155.55"
"2025","13","GOBIERNOS LOCALES","0101030101","MUNICIPALIDADES","0291","MUNICIPALIDAD DISTRITAL DE MANCOS","02","ANCASH","10162921","9116102.11"
"2025","13","GOBIERNOS LOCALES","0101030101","MUNICIPALIDADES","0292","MUNICIPALIDAD DISTRITAL DE MATACOTA","02","ANCASH","4706948","3428987.54"
"2025","13","GOBIERNOS LOCALES","0101030101","MUNICIPALIDADES","0293","MUNICIPALIDAD DISTRITAL DE QUILLO","02","ANCASH","30940745","27072575.79"
"2025","13","GOBIERNOS LOCALES","0101030101","MUNICIPALIDADES","0294","MUNICIPALIDAD DISTRITAL DE RANRAHIRCA","02","ANCASH","6165011","3667905.79"
"2025","13","GOBIERNOS LOCALES","0101030101","MUNICIPALIDADES","0295","MUNICIPALIDAD DISTRITAL DE SHUPLUY","02","ANCASH","7701344","5726097.88"
"2025","13","GOBIERNOS LOCALES","0101030101","MUNICIPALIDADES","0296","MUNICIPALIDAD DISTRITAL DE YANAMA","02","ANCASH","14464203","6550003.43"
"2025","13","GOBIERNOS LOCALES","0101030101","MUNICIPALIDADES","0297","MUNICIPALIDAD PROVINCIAL DE CARLOS FERMIN FITZCARRALD","02","ANCASH","54897381","25886290.01"
"2025","13","GOBIERNOS LOCALES","0101030101","MUNICIPALIDADES","0298","MUNICIPALIDAD DISTRITAL DE YAUYA","02","ANCASH","23142665","11169299.29"
"2025","13","GOBIERNOS LOCALES","0101030101","MUNICIPALIDADES","0299","MUNICIPALIDAD DISTRITAL DE SAN NICOLAS","02","ANCASH","7719875","5722047.73"
"2025","13","GOBIERNOS LOCALES","0101030101","MUNICIPALIDADES","0300","MUNICIPALIDAD PROVINCIAL DE ASUNCION - CHACAS","02","ANCASH","16491085","9530964.32"
"2025","13","GOBIERNOS LOCALES","0101030101","MUNICIPALIDADES","0301","MUNICIPALIDAD DISTRITAL DE ACOCHACA","02","ANCASH","5268686","3302940.43"
"2025","13","GOBIERNOS LOCALES","0101030101","MUNICIPALIDADES","0302","MUNICIPALIDAD PROVINCIAL DE HUARMEY","02","ANCASH","53591953","45340381"
"2025","13","GOBIERNOS LOCALES","0101030101","MUNICIPALIDADES","0303","MUNICIPALIDAD DISTRITAL DE COCHAPETI","02","ANCASH","3791698","2781395.73"
"2025","13","GOBIERNOS LOCALES","0101030101","MUNICIPALIDADES","0304","MUNICIPALIDAD DISTRITAL DE CULEBRAS","02","ANCASH","14651885","12351950.73"
"2025","13","GOBIERNOS LOCALES","0101030101","MUNICIPALIDADES","0305","MUNICIPALIDAD DISTRITAL DE HUAYAN","02","ANCASH","2722648","2484543.85"
"2025","13","GOBIERNOS LOCALES","0101030101","MUNICIPALIDADES","0306","MUNICIPALIDAD DISTRITAL DE MALVAS","02","ANCASH","2435801","2265829.88"
"2025","13","GOBIERNOS LOCALES","0101030101","MUNICIPALIDADES","0307","MUNICIPALIDAD PROVINCIAL DE OCROS","02","ANCASH","23363271","11300951.39"
"2025","13","GOBIERNOS LOCALES","0101030101","MUNICIPALIDADES","0308","MUNICIPALIDAD DISTRITAL DE ACAS","02","ANCASH","2789888","1397839.65"
"2025","13","GOBIERNOS LOCALES","0101030101","MUNICIPALIDADES","0309","MUNICIPALIDAD DISTRITAL DE CAJAMARQUILLA","02","ANCASH","2024321","1896964"
"2025","13","GOBIERNOS LOCALES","0101030101","MUNICIPALIDADES","0310","MUNICIPALIDAD DISTRITAL DE CARHUAPAMPA","02","ANCASH","1725992","1518410.77"
"2025","13","GOBIERNOS LOCALES","0101030101","MUNICIPALIDADES","0311","MUNICIPALIDAD DISTRITAL DE COCHAS","02","ANCASH","5453525","5183018.39"
"2025","13","GOBIERNOS LOCALES","0101030101","MUNICIPALIDADES","0312","MUNICIPALIDAD DISTRITAL DE CONGAS","02","ANCASH","2541359","2369385.48"
"2025","13","GOBIERNOS LOCALES","0101030101","MUNICIPALIDADES","0313","MUNICIPALIDAD DISTRITAL DE LLIPA","02","ANCASH","2037307","1763968.99"
"2025","13","GOBIERNOS LOCALES","0101030101","MUNICIPALIDADES","0314","MUNICIPALIDAD DISTRITAL DE SAN CRISTOBAL DE RAJAN","02","ANCASH","1978184","1658939.54"
"2025","13","GOBIERNOS LOCALES","0101030101","MUNICIPALIDADES","0315","MUNICIPALIDAD DISTRITAL DE SAN PEDRO","02","ANCASH","2930150","2509769.67"
"2025","13","GOBIERNOS LOCALES","0101030101","MUNICIPALIDADES","0316","MUNICIPALIDAD DISTRITAL DE SANTIAGO DE CHILCAS","02","ANCASH","4141384","3058681.28"
"2025","13","GOBIERNOS LOCALES","0101030101","MUNICIPALIDADES","0317","MUNICIPALIDAD PROVINCIAL DE ABANCAY","03","APURIMAC","92187137","71895866.67"
"2025","13","GOBIERNOS LOCALES","0101030101","MUNICIPALIDADES","0318","MUNICIPALIDAD DISTRITAL DE CIRCA","03","APURIMAC","8166525","5078183.45"
"2025","13","GOBIERNOS LOCALES","0101030101","MUNICIPALIDADES","0319","MUNICIPALIDAD DISTRITAL DE CURAHUASI","03","APURIMAC","35998006","32098996.46"
"2025","13","GOBIERNOS LOCALES","0101030101","MUNICIPALIDADES","0320","MUNICIPALIDAD DISTRITAL DE CHACOCHE","03","APURIMAC","8518654","5819688.33"
"2025","13","GOBIERNOS LOCALES","0101030101","MUNICIPALIDADES","0321","MUNICIPALIDAD DISTRITAL DE HUANIPACA","03","APURIMAC","4847702","4159075.53"
"2025","13","GOBIERNOS LOCALES","0101030101","MUNICIPALIDADES","0322","MUNICIPALIDAD DISTRITAL DE LAMBRAMA","03","APURIMAC","8142970","6951890.57"
"2025","13","GOBIERNOS LOCALES","0101030101","MUNICIPALIDADES","0323","MUNICIPALIDAD DISTRITAL DE PICHIRHUA","03","APURIMAC","4515722","3633435.19"
"2025","13","GOBIERNOS LOCALES","0101030101","MUNICIPALIDADES","0324","MUNICIPALIDAD DISTRITAL DE SAN PEDRO DE CACHORA","03","APURIMAC","3992109","2692962.18"
"2025","13","GOBIERNOS LOCALES","0101030101","MUNICIPALIDADES","0325","MUNICIPALIDAD DISTRITAL DE TAMBURCO","03","APURIMAC","16191192","14697746.92"
"2025","13","GOBIERNOS LOCALES","0101030101","MUNICIPALIDADES","0326","MUNICIPALIDAD PROVINCIAL DE ANDAHUAYLAS","03","APURIMAC","85120957","78632515.11"
"2025","13","GOBIERNOS LOCALES","0101030101","MUNICIPALIDADES","0327","MUNICIPALIDAD DISTRITAL DE ANDARAPA","03","APURIMAC","6681319","6146186.76"
"2025","13","GOBIERNOS LOCALES","0101030101","MUNICIPALIDADES","0328","MUNICIPALIDAD DISTRITAL DE CHIARA","03","APURIMAC","2271512","2014013.84"
"2025","13","GOBIERNOS LOCALES","0101030101","MUNICIPALIDADES","0329","MUNICIPALIDAD DISTRITAL DE HUANCARAMA","03","APURIMAC","8894910","7542939.53"
"2025","13","GOBIERNOS LOCALES","0101030101","MUNICIPALIDADES","0330","MUNICIPALIDAD DISTRITAL DE HUANCARAY","03","APURIMAC","32335000","23347560.32"
"2025","13","GOBIERNOS LOCALES","0101030101","MUNICIPALIDADES","0331","MUNICIPALIDAD DISTRITAL DE KISHUARA","03","APURIMAC","14242175","8102583.92"
"2025","13","GOBIERNOS LOCALES","0101030101","MUNICIPALIDADES","0332","MUNICIPALIDAD DISTRITAL DE PACOBAMBA","03","APURIMAC","12159822","9142794.48"
"2025","13","GOBIERNOS LOCALES","0101030101","MUNICIPALIDADES","0333","MUNICIPALIDAD DISTRITAL DE PACUCHA","03","APURIMAC","15385926","13461730.58"
"2025","13","GOBIERNOS LOCALES","0101030101","MUNICIPALIDADES","0334","MUNICIPALIDAD DISTRITAL DE PAMPACHIRI","03","APURIMAC","18571783","12317516.87"
"2025","13","GOBIERNOS LOCALES","0101030101","MUNICIPALIDADES","0335","MUNICIPALIDAD DISTRITAL DE POMACOCHA","03","APURIMAC","2090626","1988694.25"
"2025","13","GOBIERNOS LOCALES","0101030101","MUNICIPALIDADES","0336","MUNICIPALIDAD DISTRITAL DE SAN ANTONIO DE CACHI","03","APURIMAC","14005680","9878284.16"
"2025","13","GOBIERNOS LOCALES","0101030101","MUNICIPALIDADES","0337","MUNICIPALIDAD DISTRITAL DE SAN JERONIMO","03","APURIMAC","31396466","29064350.8"
"2025","13","GOBIERNOS LOCALES","0101030101","MUNICIPALIDADES","0338","MUNICIPALIDAD DISTRITAL DE SANTA MARIA DE CHICMO","03","APURIMAC","11656044","9858856.11"
"2025","13","GOBIERNOS LOCALES","0101030101","MUNICIPALIDADES","0339","MUNICIPALIDAD DISTRITAL DE TALAVERA","03","APURIMAC","39200534","32246833.26"
"2025","13","GOBIERNOS LOCALES","0101030101","MUNICIPALIDADES","0340","MUNICIPALIDAD DISTRITAL DE TUMAY HUARACA","03","APURIMAC","7458436","5859538.33"
"2025","13","GOBIERNOS LOCALES","0101030101","MUNICIPALIDADES","0341","MUNICIPALIDAD DISTRITAL DE TURPO","03","APURIMAC","6398057","5129500.56"
"2025","13","GOBIERNOS LOCALES","0101030101","MUNICIPALIDADES","0342","MUNICIPALIDAD DISTRITAL DE HUAYANA","03","APURIMAC","3155939","2185782.87"
"2025","13","GOBIERNOS LOCALES","0101030101","MUNICIPALIDADES","0343","MUNICIPALIDAD DISTRITAL DE SAN MIGUEL CHACCRAMPA","03","APURIMAC","10273774","3431934.1"
"2025","13","GOBIERNOS LOCALES","0101030101","MUNICIPALIDADES","0344","MUNICIPALIDAD DISTRITAL DE KAQUIABAMBA","03","APURIMAC","5517910","4574578.33"
"2025","13","GOBIERNOS LOCALES","0101030101","MUNICIPALIDADES","0345","MUNICIPALIDAD PROVINCIAL DE ANTABAMBA","03","APURIMAC","16451876","13749995.48"
"2025","13","GOBIERNOS LOCALES","0101030101","MUNICIPALIDADES","0346","MUNICIPALIDAD DISTRITAL DE EL ORO","03","APURIMAC","3441927","3338763.17"
"2025","13","GOBIERNOS LOCALES","0101030101","MUNICIPALIDADES","0347","MUNICIPALIDAD DISTRITAL DE HUAQUIRCA","03","APURIMAC","10583241","10355590.21"
"2025","13","GOBIERNOS LOCALES","0101030101","MUNICIPALIDADES","0348","MUNICIPALIDAD DISTRITAL DE JUAN ESPINOZA MEDRANO","03","APURIMAC","4716191","4391132.09"
"2025","13","GOBIERNOS LOCALES","0101030101","MUNICIPALIDADES","0349","MUNICIPALIDAD DISTRITAL DE OROPESA","03","APURIMAC","8613287","5745321.54"
"2025","13","GOBIERNOS LOCALES","0101030101","MUNICIPALIDADES","0350","MUNICIPALIDAD DISTRITAL DE PACHACONAS","03","APURIMAC","2932981","2320363.1"
"2025","13","GOBIERNOS LOCALES","0101030101","MUNICIPALIDADES","0351","MUNICIPALIDAD DISTRITAL DE SABAINO","03","APURIMAC","5298090","4799611.23"
"2025","13","GOBIERNOS LOCALES","0101030101","MUNICIPALIDADES","0352","MUNICIPALIDAD PROVINCIAL DE AYMARAES - CHALHUANCA","03","APURIMAC","45037259","28990939.59"
"2025","13","GOBIERNOS LOCALES","0101030101","MUNICIPALIDADES","0353","MUNICIPALIDAD DISTRITAL DE CAPAYA","03","APURIMAC","1984473","1856259.92"
"2025","13","GOBIERNOS LOCALES","0101030101","MUNICIPALIDADES","0354","MUNICIPALIDAD DISTRITAL DE CARAYBAMBA","03","APURIMAC","3704950","2111402.7"
"2025","13","GOBIERNOS LOCALES","0101030101","MUNICIPALIDADES","0355","MUNICIPALIDAD DISTRITAL DE COLCABAMBA","03","APURIMAC","2203100","1833225.22"
"2025","13","GOBIERNOS LOCALES","0101030101","MUNICIPALIDADES","0356","MUNICIPALIDAD DISTRITAL DE COTARUSE","03","APURIMAC","8746622","7529318.84"
"2025","13","GOBIERNOS LOCALES","0101030101","MUNICIPALIDADES","0357","MUNICIPALIDAD DISTRITAL DE CHAPIMARCA","03","APURIMAC","5232642","3998031.75"
"2025","13","GOBIERNOS LOCALES","0101030101","MUNICIPALIDADES","0358","MUNICIPALIDAD DISTRITAL DE IHUAYLLO","03","APURIMAC","2611918","2443080.65"
"2025","13","GOBIERNOS LOCALES","0101030101","MUNICIPALIDADES","0359","MUNICIPALIDAD DISTRITAL DE LUCRE","03","APURIMAC","4080337","2563804.56"
"2025","13","GOBIERNOS LOCALES","0101030101","MUNICIPALIDADES","0360","MUNICIPALIDAD DISTRITAL DE POCOHUANCA","03","APURIMAC","4548326","3982090"
"2025","13","GOBIERNOS LOCALES","0101030101","MUNICIPALIDADES","0361","MUNICIPALIDAD DISTRITAL DE SAN JUAN DE CHACÑA","03","APURIMAC","2647434","1869066.97"
"2025","13","GOBIERNOS LOCALES","0101030101","MUNICIPALIDADES","0362","MUNICIPALIDAD DISTRITAL DE SAÑAYCA","03","APURIMAC","4703040","3650424.18"
"2025","13","GOBIERNOS LOCALES","0101030101","MUNICIPALIDADES","0363","MUNICIPALIDAD DISTRITAL DE SORAYA","03","APURIMAC","6998390","2369650.56"
"2025","13","GOBIERNOS LOCALES","0101030101","MUNICIPALIDADES","0364","MUNICIPALIDAD DISTRITAL DE TAPAIRIHUA","03","APURIMAC","9406377","7009209.39"
"2025","13","GOBIERNOS LOCALES","0101030101","MUNICIPALIDADES","0365","MUNICIPALIDAD DISTRITAL DE TINTAY","03","APURIMAC","3106973","3065569.72"
"2025","13","GOBIERNOS LOCALES","0101030101","MUNICIPALIDADES","0366","MUNICIPALIDAD DISTRITAL DE TORAYA","03","APURIMAC","2966364","2526759.09"
"2025","13","GOBIERNOS LOCALES","0101030101","MUNICIPALIDADES","0367","MUNICIPALIDAD DISTRITAL DE YANACA","03","APURIMAC","4082116","3004961.58"
"2025","13","GOBIERNOS LOCALES","0101030101","MUNICIPALIDADES","0368","MUNICIPALIDAD DISTRITAL DE JUSTO APU SAHUARAURA","03","APURIMAC","3766521","3086158.62"
"2025","13","GOBIERNOS LOCALES","0101030101","MUNICIPALIDADES","0369","MUNICIPALIDAD PROVINCIAL DE COTABAMBAS - TAMBOBAMBA","03","APURIMAC","101933790","85380349.92"
"2025","13","GOBIERNOS LOCALES","0101030101","MUNICIPALIDADES","0370","MUNICIPALIDAD DISTRITAL DE COTABAMBAS","03","APURIMAC","31046598","25074370.27"
"2025","13","GOBIERNOS LOCALES","0101030101","MUNICIPALIDADES","0371","MUNICIPALIDAD DISTRITAL DE COYLLURQUI","03","APURIMAC","92801757","50087689.73"
"2025","13","GOBIERNOS LOCALES","0101030101","MUNICIPALIDADES","0372","MUNICIPALIDAD DISTRITAL DE HAQUIRA","03","APURIMAC","66119037","57714760.3"
"2025","13","GOBIERNOS LOCALES","0101030101","MUNICIPALIDADES","0373","MUNICIPALIDAD DISTRITAL DE MARA","03","APURIMAC","38759959","29652745.35"
"2025","13","GOBIERNOS LOCALES","0101030101","MUNICIPALIDADES","0374","MUNICIPALIDAD DISTRITAL DE CHALLHUAHUACHO","03","APURIMAC","224505792","212270832.61"
"2025","13","GOBIERNOS LOCALES","0101030101","MUNICIPALIDADES","0375","MUNICIPALIDAD PROVINCIAL DE GRAU - CHUQUIBAMBILLA","03","APURIMAC","22442472","18979496.16"
"2025","13","GOBIERNOS LOCALES","0101030101","MUNICIPALIDADES","0376","MUNICIPALIDAD DISTRITAL DE CURPAHUASI","03","APURIMAC","5335588","4692250.94"
"2025","13","GOBIERNOS LOCALES","0101030101","MUNICIPALIDADES","0377","MUNICIPALIDAD DISTRITAL DE GAMARRA","03","APURIMAC","4863279","4130953.08"
"2025","13","GOBIERNOS LOCALES","0101030101","MUNICIPALIDADES","0378","MUNICIPALIDAD DISTRITAL DE HUAYLLATI","03","APURIMAC","6105974","5623620.27"
"2025","13","GOBIERNOS LOCALES","0101030101","MUNICIPALIDADES","0379","MUNICIPALIDAD DISTRITAL DE MAMARA","03","APURIMAC","3762406","2999742.67"
"2025","13","GOBIERNOS LOCALES","0101030101","MUNICIPALIDADES","0380","MUNICIPALIDAD DISTRITAL DE MICAELA BASTIDAS","03","APURIMAC","4323864","3056087.2"
"2025","13","GOBIERNOS LOCALES","0101030101","MUNICIPALIDADES","0381","MUNICIPALIDAD DISTRITAL DE PATAYPAMPA","03","APURIMAC","5288853","5156853.71"
"2025","13","GOBIERNOS LOCALES","0101030101","MUNICIPALIDADES","0382","MUNICIPALIDAD DISTRITAL DE PROGRESO","03","APURIMAC","17040373","15427007.06"
"2025","13","GOBIERNOS LOCALES","0101030101","MUNICIPALIDADES","0383","MUNICIPALIDAD DISTRITAL DE SAN ANTONIO","03","APURIMAC","2649232","2354809.08"
"2025","13","GOBIERNOS LOCALES","0101030101","MUNICIPALIDADES","0384","MUNICIPALIDAD DISTRITAL DE TURPAY","03","APURIMAC","5010469","2364235.04"
"2025","13","GOBIERNOS LOCALES","0101030101","MUNICIPALIDADES","0385","MUNICIPALIDAD DISTRITAL DE VILCABAMBA","03","APURIMAC","3326617","3099912.39"
"2025","13","GOBIERNOS LOCALES","0101030101","MUNICIPALIDADES","0386","MUNICIPALIDAD DISTRITAL DE VIRUNDO","03","APURIMAC","3922234","3763547.4"
"2025","13","GOBIERNOS LOCALES","0101030101","MUNICIPALIDADES","0387","MUNICIPALIDAD DISTRITAL DE SANTA ROSA","03","APURIMAC","4274896","4126441.2"
"2025","13","GOBIERNOS LOCALES","0101030101","MUNICIPALIDADES","0388","MUNICIPALIDAD DISTRITAL DE CURASCO","03","APURIMAC","7114069","6817868.2"
"2025","13","GOBIERNOS LOCALES","0101030101","MUNICIPALIDADES","0389","MUNICIPALIDAD PROVINCIAL DE CHINCHEROS","03","APURIMAC","41544593","29740111.59"
"2025","13","GOBIERNOS LOCALES","0101030101","MUNICIPALIDADES","0390","MUNICIPALIDAD DISTRITAL DE ANCO HUALLO","03","APURIMAC","21514795","14575468.08"
"2025","13","GOBIERNOS LOCALES","0101030101","MUNICIPALIDADES","0391","MUNICIPALIDAD DISTRITAL DE COCHARCAS","03","APURIMAC","6507317","6081947.61"
"2025","13","GOBIERNOS LOCALES","0101030101","MUNICIPALIDADES","0392","MUNICIPALIDAD DISTRITAL DE OCOBAMBA","03","APURIMAC","40488414","25431948.3"
"2025","13","GOBIERNOS LOCALES","0101030101","MUNICIPALIDADES","0393","MUNICIPALIDAD DISTRITAL DE ONGOY","03","APURIMAC","15304979","10460812.91"
"2025","13","GOBIERNOS LOCALES","0101030101","MUNICIPALIDADES","0394","MUNICIPALIDAD DISTRITAL DE HUACCANA","03","APURIMAC","17301248","14975380.85"
"2025","13","GOBIERNOS LOCALES","0101030101","MUNICIPALIDADES","0395","MUNICIPALIDAD DISTRITAL DE URANMARCA","03","APURIMAC","13429886","6668878.28"
"2025","13","GOBIERNOS LOCALES","0101030101","MUNICIPALIDADES","0396","MUNICIPALIDAD DISTRITAL DE RANRACANCHA","03","APURIMAC","13671983","6176616.87"
"2025","13","GOBIERNOS LOCALES","0101030101","MUNICIPALIDADES","0397","MUNICIPALIDAD PROVINCIAL DE AREQUIPA","04","AREQUIPA","242481334","212318582.73"
"2025","13","GOBIERNOS LOCALES","0101030101","MUNICIPALIDADES","0398","MUNICIPALIDAD DISTRITAL DE CAYMA","04","AREQUIPA","139792461","133450394.5"
"2025","13","GOBIERNOS LOCALES","0101030101","MUNICIPALIDADES","0399","MUNICIPALIDAD DISTRITAL DE CERRO COLORADO","04","AREQUIPA","253858762","221744558.35"
"2025","13","GOBIERNOS LOCALES","0101030101","MUNICIPALIDADES","0400","MUNICIPALIDAD DISTRITAL DE CHARACATO","04","AREQUIPA","30264073","26724141.8"
"2025","13","GOBIERNOS LOCALES","0101030101","MUNICIPALIDADES","0401","MUNICIPALIDAD DISTRITAL DE CHIGUATA","04","AREQUIPA","8276969","4581859.31"
"2025","13","GOBIERNOS LOCALES","0101030101","MUNICIPALIDADES","0402","MUNICIPALIDAD DISTRITAL DE LA JOYA","04","AREQUIPA","76173623","62162308.34"
"2025","13","GOBIERNOS LOCALES","0101030101","MUNICIPALIDADES","0403","MUNICIPALIDAD DISTRITAL DE MARIANO MELGAR","04","AREQUIPA","74232296","61583830.97"
"2025","13","GOBIERNOS LOCALES","0101030101","MUNICIPALIDADES","0404","MUNICIPALIDAD DISTRITAL DE MIRAFLORES","04","AREQUIPA","73146300","63169293.73"
"2025","13","GOBIERNOS LOCALES","0101030101","MUNICIPALIDADES","0405","MUNICIPALIDAD DISTRITAL DE MOLLEBAYA","04","AREQUIPA","13184845","10159829.35"
"2025","13","GOBIERNOS LOCALES","0101030101","MUNICIPALIDADES","0406","MUNICIPALIDAD DISTRITAL DE PAUCARPATA","04","AREQUIPA","137162576","112039104.37"
"2025","13","GOBIERNOS LOCALES","0101030101","MUNICIPALIDADES","0407","MUNICIPALIDAD DISTRITAL DE POCSI","04","AREQUIPA","2618544","2351557.35"
"2025","13","GOBIERNOS LOCALES","0101030101","MUNICIPALIDADES","0408","MUNICIPALIDAD DISTRITAL DE POLOBAYA","04","AREQUIPA","3495068","2202082.51"
"2025","13","GOBIERNOS LOCALES","0101030101","MUNICIPALIDADES","0409","MUNICIPALIDAD DISTRITAL DE QUEQUEÑA","04","AREQUIPA","14709132","11451839.67"
"2025","13","GOBIERNOS LOCALES","0101030101","MUNICIPALIDADES","0410","MUNICIPALIDAD DISTRITAL DE SABANDIA","04","AREQUIPA","8391333","6987747.29"
"2025","13","GOBIERNOS LOCALES","0101030101","MUNICIPALIDADES","0411","MUNICIPALIDAD DISTRITAL DE SACHACA","04","AREQUIPA","47139702","39263735.74"
"2025","13","GOBIERNOS LOCALES","0101030101","MUNICIPALIDADES","0412","MUNICIPALIDAD DISTRITAL DE SAN JUAN DE SIGUAS","04","AREQUIPA","2966383","2573702.65"
"2025","13","GOBIERNOS LOCALES","0101030101","MUNICIPALIDADES","0413","MUNICIPALIDAD DISTRITAL DE SAN JUAN DE TARUCANI","04","AREQUIPA","24942759","12091231.01"
"2025","13","GOBIERNOS LOCALES","0101030101","MUNICIPALIDADES","0414","MUNICIPALIDAD DISTRITAL DE SANTA ISABEL DE SIGUAS","04","AREQUIPA","5723486","4918314.83"
"2025","13","GOBIERNOS LOCALES","0101030101","MUNICIPALIDADES","0415","MUNICIPALIDAD DISTRITAL DE SANTA RITA DE SIGUAS","04","AREQUIPA","12160642","8606885.92"
"2025","13","GOBIERNOS LOCALES","0101030101","MUNICIPALIDADES","0416","MUNICIPALIDAD DISTRITAL DE SOCABAYA","04","AREQUIPA","112600451","106230796.72"
"2025","13","GOBIERNOS LOCALES","0101030101","MUNICIPALIDADES","0417","MUNICIPALIDAD DISTRITAL DE TIABAYA","04","AREQUIPA","52587232","51744737.73"
"2025","13","GOBIERNOS LOCALES","0101030101","MUNICIPALIDADES","0418","MUNICIPALIDAD DISTRITAL DE UCHUMAYO","04","AREQUIPA","97749664","96954290.61"
"2025","13","GOBIERNOS LOCALES","0101030101","MUNICIPALIDADES","0419","MUNICIPALIDAD DISTRITAL DE VITOR","04","AREQUIPA","34370026","28435560.25"
"2025","13","GOBIERNOS LOCALES","0101030101","MUNICIPALIDADES","0420","MUNICIPALIDAD DISTRITAL DE YANAHUARA","04","AREQUIPA","28816744","27171876.65"
"2025","13","GOBIERNOS LOCALES","0101030101","MUNICIPALIDADES","0421","MUNICIPALIDAD DISTRITAL DE YARABAMBA","04","AREQUIPA","276558670","165732277.69"
"2025","13","GOBIERNOS LOCALES","0101030101","MUNICIPALIDADES","0422","MUNICIPALIDAD DISTRITAL DE YURA","04","AREQUIPA","75873222","55996952.82"
"2025","13","GOBIERNOS LOCALES","0101030101","MUNICIPALIDADES","0423","MUNICIPALIDAD DISTRITAL DE JACOBO HUNTER","04","AREQUIPA","48444319","46893610.86"
"2025","13","GOBIERNOS LOCALES","0101030101","MUNICIPALIDADES","0424","MUNICIPALIDAD DISTRITAL DE ALTO SELVA ALEGRE","04","AREQUIPA","80801317","71914004.7"
"2025","13","GOBIERNOS LOCALES","0101030101","MUNICIPALIDADES","0425","MUNICIPALIDAD DISTRITAL DE JOSE LUIS BUSTAMANTE Y RIVERO","04","AREQUIPA","83390881","81574068.15"
"2025","13","GOBIERNOS LOCALES","0101030101","MUNICIPALIDADES","0426","MUNICIPALIDAD PROVINCIAL DE CAMANA","04","AREQUIPA","30605779","26054269.55"
"2025","13","GOBIERNOS LOCALES","0101030101","MUNICIPALIDADES","0427","MUNICIPALIDAD DISTRITAL DE JOSE MARIA QUIMPER","04","AREQUIPA","5595703","5155842.33"
"2025","13","GOBIERNOS LOCALES","0101030101","MUNICIPALIDADES","0428","MUNICIPALIDAD DISTRITAL DE MARISCAL CACERES","04","AREQUIPA","10129503","9705956.3"
"2025","13","GOBIERNOS LOCALES","0101030101","MUNICIPALIDADES","0429","MUNICIPALIDAD DISTRITAL DE MARIANO NICOLAS VALCARCEL","04","AREQUIPA","15980814","13726700.59"
"2025","13","GOBIERNOS LOCALES","0101030101","MUNICIPALIDADES","0430","MUNICIPALIDAD DISTRITAL DE NICOLAS DE PIEROLA","04","AREQUIPA","9553760","8698134.8"
"2025","13","GOBIERNOS LOCALES","0101030101","MUNICIPALIDADES","0431","MUNICIPALIDAD DISTRITAL DE OCOÑA","04","AREQUIPA","13765828","13354643.35"
"2025","13","GOBIERNOS LOCALES","0101030101","MUNICIPALIDADES","0432","MUNICIPALIDAD DISTRITAL DE QUILCA","04","AREQUIPA","8189881","5409960.59"
"2025","13","GOBIERNOS LOCALES","0101030101","MUNICIPALIDADES","0433","MUNICIPALIDAD DISTRITAL DE SAMUEL PASTOR","04","AREQUIPA","20322434","18766537.56"
"2025","13","GOBIERNOS LOCALES","0101030101","MUNICIPALIDADES","0434","MUNICIPALIDAD PROVINCIAL DE CARAVELI","04","AREQUIPA","31579786","29883372.6"
"2025","13","GOBIERNOS LOCALES","0101030101","MUNICIPALIDADES","0435","MUNICIPALIDAD DISTRITAL DE ACARI","04","AREQUIPA","11621504","8917581.12"
"2025","13","GOBIERNOS LOCALES","0101030101","MUNICIPALIDADES","0436","MUNICIPALIDAD DISTRITAL DE ATICO","04","AREQUIPA","14893082","9303030.93"
"2025","13","GOBIERNOS LOCALES","0101030101","MUNICIPALIDADES","0437","MUNICIPALIDAD DISTRITAL DE ATIQUIPA","04","AREQUIPA","5086468","3435328.33"
"2025","13","GOBIERNOS LOCALES","0101030101","MUNICIPALIDADES","0438","MUNICIPALIDAD DISTRITAL DE BELLA UNION","04","AREQUIPA","14913208","12432078.19"
"2025","13","GOBIERNOS LOCALES","0101030101","MUNICIPALIDADES","0439","MUNICIPALIDAD DISTRITAL DE CAHUACHO","04","AREQUIPA","3472834","2561279.96"
"2025","13","GOBIERNOS LOCALES","0101030101","MUNICIPALIDADES","0440","MUNICIPALIDAD DISTRITAL DE CHALA","04","AREQUIPA","28087996","20859756.56"
"2025","13","GOBIERNOS LOCALES","0101030101","MUNICIPALIDADES","0441","MUNICIPALIDAD DISTRITAL DE CHAPARRA","04","AREQUIPA","12228477","9176367.26"
"2025","13","GOBIERNOS LOCALES","0101030101","MUNICIPALIDADES","0442","MUNICIPALIDAD DISTRITAL DE HUANUHUANU","04","AREQUIPA","12376094","10228282.37"
"2025","13","GOBIERNOS LOCALES","0101030101","MUNICIPALIDADES","0443","MUNICIPALIDAD DISTRITAL DE JAQUI","04","AREQUIPA","7847815","5585092.87"
"2025","13","GOBIERNOS LOCALES","0101030101","MUNICIPALIDADES","0444","MUNICIPALIDAD DISTRITAL DE LOMAS","04","AREQUIPA","6366577","4057245.37"
"2025","13","GOBIERNOS LOCALES","0101030101","MUNICIPALIDADES","0445","MUNICIPALIDAD DISTRITAL DE QUICACHA","04","AREQUIPA","7047417","3713416.33"
"2025","13","GOBIERNOS LOCALES","0101030101","MUNICIPALIDADES","0446","MUNICIPALIDAD DISTRITAL DE YAUCA","04","AREQUIPA","3456873","2469881.35"
"2025","13","GOBIERNOS LOCALES","0101030101","MUNICIPALIDADES","0447","MUNICIPALIDAD PROVINCIAL DE CASTILLA - APLAO","04","AREQUIPA","58104255","25595857.21"
"2025","13","GOBIERNOS LOCALES","0101030101","MUNICIPALIDADES","0448","MUNICIPALIDAD DISTRITAL DE ANDAGUA","04","AREQUIPA","6753455","2901536.16"
"2025","13","GOBIERNOS LOCALES","0101030101","MUNICIPALIDADES","0449","MUNICIPALIDAD DISTRITAL DE AYO","04","AREQUIPA","2246778","1927084.48"
"2025","13","GOBIERNOS LOCALES","0101030101","MUNICIPALIDADES","0450","MUNICIPALIDAD DISTRITAL DE CHACHAS","04","AREQUIPA","7110919","5957413.69"
"2025","13","GOBIERNOS LOCALES","0101030101","MUNICIPALIDADES","0451","MUNICIPALIDAD DISTRITAL DE CHILCAYMARCA","04","AREQUIPA","4474619","3891379.21"
"2025","13","GOBIERNOS LOCALES","0101030101","MUNICIPALIDADES","0452","MUNICIPALIDAD DISTRITAL DE CHOCO","04","AREQUIPA","2808629","2437132.94"
"2025","13","GOBIERNOS LOCALES","0101030101","MUNICIPALIDADES","0453","MUNICIPALIDAD DISTRITAL DE HUANCARQUI","04","AREQUIPA","5685861","4498838.81"
"2025","13","GOBIERNOS LOCALES","0101030101","MUNICIPALIDADES","0454","MUNICIPALIDAD DISTRITAL DE MACHAGUAY","04","AREQUIPA","3469657","2416136.37"
"2025","13","GOBIERNOS LOCALES","0101030101","MUNICIPALIDADES","0455","MUNICIPALIDAD DISTRITAL DE ORCOPAMPA","04","AREQUIPA","11775232","9541740.88"
"2025","13","GOBIERNOS LOCALES","0101030101","MUNICIPALIDADES","0456","MUNICIPALIDAD DISTRITAL DE PAMPACOLCA","04","AREQUIPA","10138509","3312673.81"
"2025","13","GOBIERNOS LOCALES","0101030101","MUNICIPALIDADES","0457","MUNICIPALIDAD DISTRITAL DE TIPAN","04","AREQUIPA","2676797","1938542.14"
"2025","13","GOBIERNOS LOCALES","0101030101","MUNICIPALIDADES","0458","MUNICIPALIDAD DISTRITAL DE UÑON","04","AREQUIPA","2475826","2137720.3"
"2025","13","GOBIERNOS LOCALES","0101030101","MUNICIPALIDADES","0459","MUNICIPALIDAD DISTRITAL DE URACA","04","AREQUIPA","15116722","13617906.54"
"2025","13","GOBIERNOS LOCALES","0101030101","MUNICIPALIDADES","0460","MUNICIPALIDAD DISTRITAL DE VIRACO","04","AREQUIPA","3477596","3418061.58"
"2025","13","GOBIERNOS LOCALES","0101030101","MUNICIPALIDADES","0461","MUNICIPALIDAD PROVINCIAL DE CAYLLOMA - CHIVAY","04","AREQUIPA","63673895","41355548.56"
"2025","13","GOBIERNOS LOCALES","0101030101","MUNICIPALIDADES","0462","MUNICIPALIDAD DISTRITAL DE ACHOMA","04","AREQUIPA","3910820","3822659.86"
"2025","13","GOBIERNOS LOCALES","0101030101","MUNICIPALIDADES","0463","MUNICIPALIDAD DISTRITAL DE CABANACONDE","04","AREQUIPA","5185818","3660984.67"
"2025","13","GOBIERNOS LOCALES","0101030101","MUNICIPALIDADES","0464","MUNICIPALIDAD DISTRITAL DE CALLALLI","04","AREQUIPA","5414086","3641635.71"
"2025","13","GOBIERNOS LOCALES","0101030101","MUNICIPALIDADES","0465","MUNICIPALIDAD DISTRITAL DE CAYLLOMA","04","AREQUIPA","11080648","8972418.62"
"2025","13","GOBIERNOS LOCALES","0101030101","MUNICIPALIDADES","0466","MUNICIPALIDAD DISTRITAL DE COPORAQUE","04","AREQUIPA","4987325","4224735.39"
"2025","13","GOBIERNOS LOCALES","0101030101","MUNICIPALIDADES","0467","MUNICIPALIDAD DISTRITAL DE HUAMBO","04","AREQUIPA","3622065","3500944.87"
"2025","13","GOBIERNOS LOCALES","0101030101","MUNICIPALIDADES","0468","MUNICIPALIDAD DISTRITAL DE HUANCA","04","AREQUIPA","15186225","14018675.12"
"2025","13","GOBIERNOS LOCALES","0101030101","MUNICIPALIDADES","0469","MUNICIPALIDAD DISTRITAL DE ICHUPAMPA","04","AREQUIPA","2638967","2490062.03"
"2025","13","GOBIERNOS LOCALES","0101030101","MUNICIPALIDADES","0470","MUNICIPALIDAD DISTRITAL DE LARI","04","AREQUIPA","3405801","3059332.99"
"2025","13","GOBIERNOS LOCALES","0101030101","MUNICIPALIDADES","0471","MUNICIPALIDAD DISTRITAL DE LLUTA","04","AREQUIPA","3971956","2966390.23"
"2025","13","GOBIERNOS LOCALES","0101030101","MUNICIPALIDADES","0472","MUNICIPALIDAD DISTRITAL DE MACA","04","AREQUIPA","2551479","2392927.13"
"2025","13","GOBIERNOS LOCALES","0101030101","MUNICIPALIDADES","0473","MUNICIPALIDAD DISTRITAL DE MADRIGAL","04","AREQUIPA","3225139","3176940.62"
"2025","13","GOBIERNOS LOCALES","0101030101","MUNICIPALIDADES","0474","MUNICIPALIDAD DISTRITAL DE SAN ANTONIO DE CHUCA","04","AREQUIPA","5868231","3815664.51"
"2025","13","GOBIERNOS LOCALES","0101030101","MUNICIPALIDADES","0475","MUNICIPALIDAD DISTRITAL DE SIBAYO","04","AREQUIPA","2880864","2496045.14"
"2025","13","GOBIERNOS LOCALES","0101030101","MUNICIPALIDADES","0476","MUNICIPALIDAD DISTRITAL DE TAPAY","04","AREQUIPA","4613266","2815384.51"
"2025","13","GOBIERNOS LOCALES","0101030101","MUNICIPALIDADES","0477","MUNICIPALIDAD DISTRITAL DE TISCO","04","AREQUIPA","6851316","4899184.85"
"2025","13","GOBIERNOS LOCALES","0101030101","MUNICIPALIDADES","0478","MUNICIPALIDAD DISTRITAL DE TUTI","04","AREQUIPA","4860951","4468267.42"
"2025","13","GOBIERNOS LOCALES","0101030101","MUNICIPALIDADES","0479","MUNICIPALIDAD DISTRITAL DE YANQUE","04","AREQUIPA","6368631","4108426.22"
"2025","13","GOBIERNOS LOCALES","0101030101","MUNICIPALIDADES","0480","MUNICIPALIDAD PROVINCIAL DE CONDESUYOS - CHUQUIBAMBA","04","AREQUIPA","34262643","13122558.28"
"2025","13","GOBIERNOS LOCALES","0101030101","MUNICIPALIDADES","0481","MUNICIPALIDAD DISTRITAL DE ANDARAY","04","AREQUIPA","4517687","3452063.32"
"2025","13","GOBIERNOS LOCALES","0101030101","MUNICIPALIDADES","0482","MUNICIPALIDAD DISTRITAL DE CAYARANI","04","AREQUIPA","30983385","21789419.05"
"2025","13","GOBIERNOS LOCALES","0101030101","MUNICIPALIDADES","0483","MUNICIPALIDAD DISTRITAL DE CHICHAS","04","AREQUIPA","6083234","5323054.64"
"2025","13","GOBIERNOS LOCALES","0101030101","MUNICIPALIDADES","0484","MUNICIPALIDAD DISTRITAL DE IRAY","04","AREQUIPA","2273705","2156953.89"
"2025","13","GOBIERNOS LOCALES","0101030101","MUNICIPALIDADES","0485","MUNICIPALIDAD DISTRITAL DE RIO GRANDE","04","AREQUIPA","9142774","7962929.41"
"2025","13","GOBIERNOS LOCALES","0101030101","MUNICIPALIDADES","0486","MUNICIPALIDAD DISTRITAL DE SALAMANCA","04","AREQUIPA","3243935","2227015.86"
"2025","13","GOBIERNOS LOCALES","0101030101","MUNICIPALIDADES","0487","MUNICIPALIDAD DISTRITAL DE YANAQUIHUA","04","AREQUIPA","15866253","13912310.75"
"2025","13","GOBIERNOS LOCALES","0101030101","MUNICIPALIDADES","0488","MUNICIPALIDAD PROVINCIAL DE ISLAY - MOLLENDO","04","AREQUIPA","74218900","53102165.09"
"2025","13","GOBIERNOS LOCALES","0101030101","MUNICIPALIDADES","0489","MUNICIPALIDAD DISTRITAL DE COCACHACRA","04","AREQUIPA","32605453","26657661.65"
"2025","13","GOBIERNOS LOCALES","0101030101","MUNICIPALIDADES","0490","MUNICIPALIDAD DISTRITAL DE DEAN VALDIVIA","04","AREQUIPA","25772584","21986657.09"
"2025","13","GOBIERNOS LOCALES","0101030101","MUNICIPALIDADES","0491","MUNICIPALIDAD DISTRITAL DE ISLAY","04","AREQUIPA","34998388","28464833.68"
"2025","13","GOBIERNOS LOCALES","0101030101","MUNICIPALIDADES","0492","MUNICIPALIDAD DISTRITAL DE MEJIA","04","AREQUIPA","15135539","12680245.36"
"2025","13","GOBIERNOS LOCALES","0101030101","MUNICIPALIDADES","0493","MUNICIPALIDAD DISTRITAL DE PUNTA DE BOMBON","04","AREQUIPA","16673348","12626809.47"
"2025","13","GOBIERNOS LOCALES","0101030101","MUNICIPALIDADES","0494","MUNICIPALIDAD PROVINCIAL DE LA UNION - COTAHUASI","04","AREQUIPA","17870435","12577444.51"
"2025","13","GOBIERNOS LOCALES","0101030101","MUNICIPALIDADES","0495","MUNICIPALIDAD DISTRITAL DE ALCA","04","AREQUIPA","4713582","3908998.61"
"2025","13","GOBIERNOS LOCALES","0101030101","MUNICIPALIDADES","0496","MUNICIPALIDAD DISTRITAL DE CHARCANA","04","AREQUIPA","3333876","3084178.65"
"2025","13","GOBIERNOS LOCALES","0101030101","MUNICIPALIDADES","0497","MUNICIPALIDAD DISTRITAL DE HUAYNACOTAS","04","AREQUIPA","6105173","3609170.27"
"2025","13","GOBIERNOS LOCALES","0101030101","MUNICIPALIDADES","0498","MUNICIPALIDAD DISTRITAL DE PAMPAMARCA","04","AREQUIPA","4186507","3831775.25"
"2025","13","GOBIERNOS LOCALES","0101030101","MUNICIPALIDADES","0499","MUNICIPALIDAD DISTRITAL DE PUYCA","04","AREQUIPA","6844870","5442941.95"
"2025","13","GOBIERNOS LOCALES","0101030101","MUNICIPALIDADES","0500","MUNICIPALIDAD DISTRITAL DE QUECHUALLA","04","AREQUIPA","3063750","1849929.02"
"2025","13","GOBIERNOS LOCALES","0101030101","MUNICIPALIDADES","0501","MUNICIPALIDAD DISTRITAL DE SAYLA","04","AREQUIPA","1980565","1843893.9"
"2025","13","GOBIERNOS LOCALES","0101030101","MUNICIPALIDADES","0502","MUNICIPALIDAD DISTRITAL DE TAURIA","04","AREQUIPA","2143875","2024863.31"
"2025","13","GOBIERNOS LOCALES","0101030101","MUNICIPALIDADES","0503","MUNICIPALIDAD DISTRITAL DE TOMEPAMPA","04","AREQUIPA","3846568","3701210.6"
"2025","13","GOBIERNOS LOCALES","0101030101","MUNICIPALIDADES","0504","MUNICIPALIDAD DISTRITAL DE TORO","04","AREQUIPA","5603324","3236100.82"
"2025","13","GOBIERNOS LOCALES","0101030101","MUNICIPALIDADES","0505","MUNICIPALIDAD PROVINCIAL DE HUAMANGA","05","AYACUCHO","107028550","96505129.89"
"2025","13","GOBIERNOS LOCALES","0101030101","MUNICIPALIDADES","0506","MUNICIPALIDAD DISTRITAL DE ACOCRO","05","AYACUCHO","21012868","19496118.57"
"2025","13","GOBIERNOS LOCALES","0101030101","MUNICIPALIDADES","0507","MUNICIPALIDAD DISTRITAL DE ACOS VINCHOS","05","AYACUCHO","8313147","7697003.58"
"2025","13","GOBIERNOS LOCALES","0101030101","MUNICIPALIDADES","0508","MUNICIPALIDAD DISTRITAL DE CARMEN ALTO","05","AYACUCHO","27334694","19716991"
"2025","13","GOBIERNOS LOCALES","0101030101","MUNICIPALIDADES","0509","MUNICIPALIDAD DISTRITAL DE CHIARA","05","AYACUCHO","34736537","32730792.82"
"2025","13","GOBIERNOS LOCALES","0101030101","MUNICIPALIDADES","0510","MUNICIPALIDAD DISTRITAL DE OCROS","05","AYACUCHO","24112188","17419351.98"
"2025","13","GOBIERNOS LOCALES","0101030101","MUNICIPALIDADES","0511","MUNICIPALIDAD DISTRITAL DE QUINUA","05","AYACUCHO","10545670","5370332.5"
"2025","13","GOBIERNOS LOCALES","0101030101","MUNICIPALIDADES","0512","MUNICIPALIDAD DISTRITAL DE SAN JOSE DE TICLLAS","05","AYACUCHO","10644044","7096339.55"
"2025","13","GOBIERNOS LOCALES","0101030101","MUNICIPALIDADES","0513","MUNICIPALIDAD DISTRITAL DE SAN JUAN BAUTISTA","05","AYACUCHO","23314087","22615160.41"
"2025","13","GOBIERNOS LOCALES","0101030101","MUNICIPALIDADES","0514","MUNICIPALIDAD DISTRITAL DE SANTIAGO DE PISCHA","05","AYACUCHO","5954835","2803196.57"
"2025","13","GOBIERNOS LOCALES","0101030101","MUNICIPALIDADES","0515","MUNICIPALIDAD DISTRITAL DE SOCOS","05","AYACUCHO","17662567","13370996.87"
"2025","13","GOBIERNOS LOCALES","0101030101","MUNICIPALIDADES","0516","MUNICIPALIDAD DISTRITAL DE TAMBILLO","05","AYACUCHO","14653665","9008563.95"
"2025","13","GOBIERNOS LOCALES","0101030101","MUNICIPALIDADES","0517","MUNICIPALIDAD DISTRITAL DE VINCHOS","05","AYACUCHO","39760623","29892074.91"
"2025","13","GOBIERNOS LOCALES","0101030101","MUNICIPALIDADES","0518","MUNICIPALIDAD DISTRITAL DE PACAYCASA","05","AYACUCHO","13253196","10192766.76"
"2025","13","GOBIERNOS LOCALES","0101030101","MUNICIPALIDADES","0519","MUNICIPALIDAD PROVINCIAL DE CANGALLO","05","AYACUCHO","29098965","22822302.47"
"2025","13","GOBIERNOS LOCALES","0101030101","MUNICIPALIDADES","0520","MUNICIPALIDAD DISTRITAL DE CHUSCHI","05","AYACUCHO","11860901","11189072.8"
"2025","13","GOBIERNOS LOCALES","0101030101","MUNICIPALIDADES","0521","MUNICIPALIDAD DISTRITAL DE LOS MOROCHUCOS","05","AYACUCHO","25067132","18020543.61"
"2025","13","GOBIERNOS LOCALES","0101030101","MUNICIPALIDADES","0522","MUNICIPALIDAD DISTRITAL DE MARIA PARADO DE BELLIDO","05","AYACUCHO","2738683","2559860"
"2025","13","GOBIERNOS LOCALES","0101030101","MUNICIPALIDADES","0523","MUNICIPALIDAD DISTRITAL DE PARAS","05","AYACUCHO","26584187","14605894.86"
"2025","13","GOBIERNOS LOCALES","0101030101","MUNICIPALIDADES","0524","MUNICIPALIDAD DISTRITAL DE TOTOS","05","AYACUCHO","10300454","3926539.82"
"2025","13","GOBIERNOS LOCALES","0101030101","MUNICIPALIDADES","0525","MUNICIPALIDAD PROVINCIAL DE VICTOR FAJARDO - HUANCAPI","05","AYACUCHO","32587224","23096572.41"
"2025","13","GOBIERNOS LOCALES","0101030101","MUNICIPALIDADES","0526","MUNICIPALIDAD DISTRITAL DE ALCAMENCA","05","AYACUCHO","7556604","7416785.4"
"2025","13","GOBIERNOS LOCALES","0101030101","MUNICIPALIDADES","0527","MUNICIPALIDAD DISTRITAL DE APONGO","05","AYACUCHO","2631526","1826056.2"
"2025","13","GOBIERNOS LOCALES","0101030101","MUNICIPALIDADES","0528","MUNICIPALIDAD DISTRITAL DE CANARIA","05","AYACUCHO","11287294","4972185.03"
"2025","13","GOBIERNOS LOCALES","0101030101","MUNICIPALIDADES","0529","MUNICIPALIDAD DISTRITAL DE CAYARA","05","AYACUCHO","6147079","5667572.64"
"2025","13","GOBIERNOS LOCALES","0101030101","MUNICIPALIDADES","0530","MUNICIPALIDAD DISTRITAL DE COLCA","05","AYACUCHO","2547659","1365003.22"
"2025","13","GOBIERNOS LOCALES","0101030101","MUNICIPALIDADES","0531","MUNICIPALIDAD DISTRITAL DE HUAMANQUIQUIA","05","AYACUCHO","20473739","10218945.19"
"2025","13","GOBIERNOS LOCALES","0101030101","MUNICIPALIDADES","0532","MUNICIPALIDAD DISTRITAL DE HUANCARAYLLA","05","AYACUCHO","6142835","3164388.75"
"2025","13","GOBIERNOS LOCALES","0101030101","MUNICIPALIDADES","0533","MUNICIPALIDAD DISTRITAL DE HUALLA","05","AYACUCHO","4837276","3406680.9"
"2025","13","GOBIERNOS LOCALES","0101030101","MUNICIPALIDADES","0534","MUNICIPALIDAD DISTRITAL DE SARHUA","05","AYACUCHO","11094510","6393001.48"
"2025","13","GOBIERNOS LOCALES","0101030101","MUNICIPALIDADES","0535","MUNICIPALIDAD DISTRITAL DE VILCANCHOS","05","AYACUCHO","12055709","7794863.3"
"2025","13","GOBIERNOS LOCALES","0101030101","MUNICIPALIDADES","0536","MUNICIPALIDAD DISTRITAL DE ASQUIPATA","05","AYACUCHO","5429920","5051700.85"
"2025","13","GOBIERNOS LOCALES","0101030101","MUNICIPALIDADES","0537","MUNICIPALIDAD PROVINCIAL DE HUANTA","05","AYACUCHO","72537044","66334313.43"
"2025","13","GOBIERNOS LOCALES","0101030101","MUNICIPALIDADES","0538","MUNICIPALIDAD DISTRITAL DE AYAHUANCO","05","AYACUCHO","10742546","3181397.55"
"2025","13","GOBIERNOS LOCALES","0101030101","MUNICIPALIDADES","0539","MUNICIPALIDAD DISTRITAL DE HUAMANGUILLA","05","AYACUCHO","10632059","10169277.91"
"2025","13","GOBIERNOS LOCALES","0101030101","MUNICIPALIDADES","0540","MUNICIPALIDAD DISTRITAL DE IGUAIN","05","AYACUCHO","6143704","5287715.65"
"2025","13","GOBIERNOS LOCALES","0101030101","MUNICIPALIDADES","0541","MUNICIPALIDAD DISTRITAL DE LURICOCHA","05","AYACUCHO","7811744","4585936.68"
"2025","13","GOBIERNOS LOCALES","0101030101","MUNICIPALIDADES","0542","MUNICIPALIDAD DISTRITAL DE SANTILLANA","05","AYACUCHO","10830546","7896683.61"
"2025","13","GOBIERNOS LOCALES","0101030101","MUNICIPALIDADES","0543","MUNICIPALIDAD DISTRITAL DE SIVIA","05","AYACUCHO","16680547","13096806.03"
"2025","13","GOBIERNOS LOCALES","0101030101","MUNICIPALIDADES","0544","MUNICIPALIDAD PROVINCIAL DE LA MAR - SAN MIGUEL","05","AYACUCHO","65197867","58792114.19"
"2025","13","GOBIERNOS LOCALES","0101030101","MUNICIPALIDADES","0545","MUNICIPALIDAD DISTRITAL DE ANCO","05","AYACUCHO","17552866","15005267.72"
"2025","13","GOBIERNOS LOCALES","0101030101","MUNICIPALIDADES","0546","MUNICIPALIDAD DISTRITAL DE AYNA","05","AYACUCHO","27069581","15902080.91"
"2025","13","GOBIERNOS LOCALES","0101030101","MUNICIPALIDADES","0547","MUNICIPALIDAD DISTRITAL DE CHILCAS","05","AYACUCHO","4736966","2975393.28"
"2025","13","GOBIERNOS LOCALES","0101030101","MUNICIPALIDADES","0548","MUNICIPALIDAD DISTRITAL DE CHUNGUI","05","AYACUCHO","9046234","8396442.6"
"2025","13","GOBIERNOS LOCALES","0101030101","MUNICIPALIDADES","0549","MUNICIPALIDAD DISTRITAL DE LUIS CARRANZA","05","AYACUCHO","3277906","2469930.64"
"2025","13","GOBIERNOS LOCALES","0101030101","MUNICIPALIDADES","0550","MUNICIPALIDAD DISTRITAL DE TAMBO","05","AYACUCHO","15717799","8809516.78"
"2025","13","GOBIERNOS LOCALES","0101030101","MUNICIPALIDADES","0551","MUNICIPALIDAD DISTRITAL DE SANTA ROSA","05","AYACUCHO","16392846","11527350.68"
"2025","13","GOBIERNOS LOCALES","0101030101","MUNICIPALIDADES","0552","MUNICIPALIDAD PROVINCIAL DE LUCANAS - PUQUIO","05","AYACUCHO","55121171","46678347.11"
"2025","13","GOBIERNOS LOCALES","0101030101","MUNICIPALIDADES","0553","MUNICIPALIDAD DISTRITAL DE AUCARA","05","AYACUCHO","6076134","5793136.58"
"2025","13","GOBIERNOS LOCALES","0101030101","MUNICIPALIDADES","0554","MUNICIPALIDAD DISTRITAL DE CABANA","05","AYACUCHO","3477235","3006183.58"
"2025","13","GOBIERNOS LOCALES","0101030101","MUNICIPALIDADES","0555","MUNICIPALIDAD DISTRITAL DE CARMEN SALCEDO","05","AYACUCHO","2978375","2916147.53"
"2025","13","GOBIERNOS LOCALES","0101030101","MUNICIPALIDADES","0556","MUNICIPALIDAD DISTRITAL DE CHAVI¥A","05","AYACUCHO","10808802","7985314.26"
"2025","13","GOBIERNOS LOCALES","0101030101","MUNICIPALIDADES","0557","MUNICIPALIDAD DISTRITAL DE CHIPAO","05","AYACUCHO","3514633","3090706.33"
"2025","13","GOBIERNOS LOCALES","0101030101","MUNICIPALIDADES","0558","MUNICIPALIDAD DISTRITAL DE HUAC - HUAS","05","AYACUCHO","4011543","2570407.94"
"2025","13","GOBIERNOS LOCALES","0101030101","MUNICIPALIDADES","0559","MUNICIPALIDAD DISTRITAL DE LARAMATE","05","AYACUCHO","4660770","3952835.76"
"2025","13","GOBIERNOS LOCALES","0101030101","MUNICIPALIDADES","0560","MUNICIPALIDAD DISTRITAL DE LEONCIO PRADO","05","AYACUCHO","3994196","3686209.9"
"2025","13","GOBIERNOS LOCALES","0101030101","MUNICIPALIDADES","0561","MUNICIPALIDAD DISTRITAL DE LUCANAS","05","AYACUCHO","10656212","9720277.21"
"2025","13","GOBIERNOS LOCALES","0101030101","MUNICIPALIDADES","0562","MUNICIPALIDAD DISTRITAL DE LLAUTA","05","AYACUCHO","3096724","2689654.24"
"2025","13","GOBIERNOS LOCALES","0101030101","MUNICIPALIDADES","0563","MUNICIPALIDAD DISTRITAL DE OCAÑA","05","AYACUCHO","9100298","6362029.02"
"2025","13","GOBIERNOS LOCALES","0101030101","MUNICIPALIDADES","0564","MUNICIPALIDAD DISTRITAL DE OTOCA","05","AYACUCHO","3494936","3207238.47"
"2025","13","GOBIERNOS LOCALES","0101030101","MUNICIPALIDADES","0565","MUNICIPALIDAD DISTRITAL DE SAN PEDRO","05","AYACUCHO","12636439","11091222.9"
"2025","13","GOBIERNOS LOCALES","0101030101","MUNICIPALIDADES","0566","MUNICIPALIDAD DISTRITAL DE SAN PEDRO DE PALCO","05","AYACUCHO","9963422","6161127.46"
"2025","13","GOBIERNOS LOCALES","0101030101","MUNICIPALIDADES","0567","MUNICIPALIDAD DISTRITAL DE SAISA","05","AYACUCHO","2369775","1595075.06"
"2025","13","GOBIERNOS LOCALES","0101030101","MUNICIPALIDADES","0568","MUNICIPALIDAD DISTRITAL DE SANCOS","05","AYACUCHO","11437499","9545477.88"
"2025","13","GOBIERNOS LOCALES","0101030101","MUNICIPALIDADES","0569","MUNICIPALIDAD DISTRITAL DE SAN JUAN","05","AYACUCHO","3131576","2964824.95"
"2025","13","GOBIERNOS LOCALES","0101030101","MUNICIPALIDADES","0570","MUNICIPALIDAD DISTRITAL DE SANTA ANA DE HUAYCAHUACHO","05","AYACUCHO","14223604","6009893.88"
"2025","13","GOBIERNOS LOCALES","0101030101","MUNICIPALIDADES","0571","MUNICIPALIDAD DISTRITAL DE SANTA LUCIA","05","AYACUCHO","4607621","3610174.16"
"2025","13","GOBIERNOS LOCALES","0101030101","MUNICIPALIDADES","0572","MUNICIPALIDAD DISTRITAL DE SAN CRISTOBAL","05","AYACUCHO","5288731","5020398.28"
"2025","13","GOBIERNOS LOCALES","0101030101","MUNICIPALIDADES","0573","MUNICIPALIDAD PROVINCIAL DE PARINACOCHAS - CORACORA","05","AYACUCHO","26047184","16327912.53"
"2025","13","GOBIERNOS LOCALES","0101030101","MUNICIPALIDADES","0574","MUNICIPALIDAD DISTRITAL DE CORONEL CASTA¥EDA","05","AYACUCHO","7432790","3742086.03"
"2025","13","GOBIERNOS LOCALES","0101030101","MUNICIPALIDADES","0575","MUNICIPALIDAD DISTRITAL DE CHUMPI","05","AYACUCHO","4624011","3174738.39"
"2025","13","GOBIERNOS LOCALES","0101030101","MUNICIPALIDADES","0576","MUNICIPALIDAD DISTRITAL DE PACAPAUSA","05","AYACUCHO","7079722","5571908.65"
"2025","13","GOBIERNOS LOCALES","0101030101","MUNICIPALIDADES","0577","MUNICIPALIDAD DISTRITAL DE PULLO","05","AYACUCHO","8392889","5899356.91"
"2025","13","GOBIERNOS LOCALES","0101030101","MUNICIPALIDADES","0578","MUNICIPALIDAD DISTRITAL DE PUYUSCA","05","AYACUCHO","5162443","4442331.41"
"2025","13","GOBIERNOS LOCALES","0101030101","MUNICIPALIDADES","0579","MUNICIPALIDAD DISTRITAL DE SAN FRANCISCO DE RAVACAYCO","05","AYACUCHO","3149471","2698692.35"
"2025","13","GOBIERNOS LOCALES","0101030101","MUNICIPALIDADES","0580","MUNICIPALIDAD DISTRITAL DE UPAHUACHO","05","AYACUCHO","3833393","3450503.86"
"2025","13","GOBIERNOS LOCALES","0101030101","MUNICIPALIDADES","0581","MUNICIPALIDAD PROVINCIAL DE VILCAS HUAMAN","05","AYACUCHO","44686070","16244877.25"
"2025","13","GOBIERNOS LOCALES","0101030101","MUNICIPALIDADES","0582","MUNICIPALIDAD DISTRITAL DE ACCOMARCA","05","AYACUCHO","4033977","3852333.08"
"2025","13","GOBIERNOS LOCALES","0101030101","MUNICIPALIDADES","0583","MUNICIPALIDAD DISTRITAL DE CARHUANCA","05","AYACUCHO","2041516","1976667.38"
"2025","13","GOBIERNOS LOCALES","0101030101","MUNICIPALIDADES","0584","MUNICIPALIDAD DISTRITAL DE CONCEPCION","05","AYACUCHO","4698536","3600668.97"
"2025","13","GOBIERNOS LOCALES","0101030101","MUNICIPALIDADES","0585","MUNICIPALIDAD DISTRITAL DE HUAMBALPA","05","AYACUCHO","6038539","4872271.2"
"2025","13","GOBIERNOS LOCALES","0101030101","MUNICIPALIDADES","0586","MUNICIPALIDAD DISTRITAL DE VISCHONGO","05","AYACUCHO","17297052","11123584.7"
"2025","13","GOBIERNOS LOCALES","0101030101","MUNICIPALIDADES","0587","MUNICIPALIDAD DISTRITAL DE SAURAMA","05","AYACUCHO","4847373","4635344.91"
"2025","13","GOBIERNOS LOCALES","0101030101","MUNICIPALIDADES","0588","MUNICIPALIDAD DISTRITAL DE INDEPENDENCIA","05","AYACUCHO","11903911","8463741.65"
"2025","13","GOBIERNOS LOCALES","0101030101","MUNICIPALIDADES","0589","MUNICIPALIDAD PROVINCIAL DE HUANCA SANCOS - SANCOS","05","AYACUCHO","20387086","15556763.81"
"2025","13","GOBIERNOS LOCALES","0101030101","MUNICIPALIDADES","0590","MUNICIPALIDAD DISTRITAL DE CARAPO","05","AYACUCHO","2636783","2403606.44"
"2025","13","GOBIERNOS LOCALES","0101030101","MUNICIPALIDADES","0591","MUNICIPALIDAD DISTRITAL DE SACSAMARCA","05","AYACUCHO","4012958","3725718.2"
"2025","13","GOBIERNOS LOCALES","0101030101","MUNICIPALIDADES","0592","MUNICIPALIDAD DISTRITAL DE SANTIAGO DE LUCANAMARCA","05","AYACUCHO","12739468","11158903.73"
"2025","13","GOBIERNOS LOCALES","0101030101","MUNICIPALIDADES","0593","MUNICIPALIDAD PROVINCIAL DE PAUCAR DEL SARA SARA - PAUSA","05","AYACUCHO","22180015","17889234.82"
"2025","13","GOBIERNOS LOCALES","0101030101","MUNICIPALIDADES","0594","MUNICIPALIDAD DISTRITAL DE COLTA","05","AYACUCHO","2958730","1688057.6"
"2025","13","GOBIERNOS LOCALES","0101030101","MUNICIPALIDADES","0595","MUNICIPALIDAD DISTRITAL DE CORCULLA","05","AYACUCHO","3321758","2812829.86"
"2025","13","GOBIERNOS LOCALES","0101030101","MUNICIPALIDADES","0596","MUNICIPALIDAD DISTRITAL DE LAMPA","05","AYACUCHO","4936149","4160426.18"
"2025","13","GOBIERNOS LOCALES","0101030101","MUNICIPALIDADES","0597","MUNICIPALIDAD DISTRITAL DE MARCABAMBA","05","AYACUCHO","2509567","1794958.62"
"2025","13","GOBIERNOS LOCALES","0101030101","MUNICIPALIDADES","0598","MUNICIPALIDAD DISTRITAL DE OYOLO","05","AYACUCHO","16174442","8515008.65"
"2025","13","GOBIERNOS LOCALES","0101030101","MUNICIPALIDADES","0599","MUNICIPALIDAD DISTRITAL DE PARARCA","05","AYACUCHO","4713056","3598425.75"
"2025","13","GOBIERNOS LOCALES","0101030101","MUNICIPALIDADES","0600","MUNICIPALIDAD DISTRITAL DE SAN JAVIER DE ALPABAMBA","05","AYACUCHO","5307399","4487036.8"
"2025","13","GOBIERNOS LOCALES","0101030101","MUNICIPALIDADES","0601","MUNICIPALIDAD DISTRITAL DE SAN JOSE DE USHUA","05","AYACUCHO","2770562","1673310.06"
"2025","13","GOBIERNOS LOCALES","0101030101","MUNICIPALIDADES","0602","MUNICIPALIDAD DISTRITAL DE SARA SARA","05","AYACUCHO","2592398","2349942.69"
"2025","13","GOBIERNOS LOCALES","0101030101","MUNICIPALIDADES","0603","MUNICIPALIDAD PROVINCIAL DE SUCRE - QUEROBAMBA","05","AYACUCHO","19434731","18474749.88"
"2025","13","GOBIERNOS LOCALES","0101030101","MUNICIPALIDADES","0604","MUNICIPALIDAD DISTRITAL DE BELEN","05","AYACUCHO","3698028","3332137.53"
"2025","13","GOBIERNOS LOCALES","0101030101","MUNICIPALIDADES","0605","MUNICIPALIDAD DISTRITAL DE CHALCOS","05","AYACUCHO","6252699","6035853.99"
"2025","13","GOBIERNOS LOCALES","0101030101","MUNICIPALIDADES","0606","MUNICIPALIDAD DISTRITAL DE CHILCAYOC","05","AYACUCHO","6928324","4857180.13"
"2025","13","GOBIERNOS LOCALES","0101030101","MUNICIPALIDADES","0607","MUNICIPALIDAD DISTRITAL DE SAN SALVADOR DE QUIJE","05","AYACUCHO","7420484","3053030.15"
"2025","13","GOBIERNOS LOCALES","0101030101","MUNICIPALIDADES","0608","MUNICIPALIDAD DISTRITAL DE PAICO","05","AYACUCHO","8974730","5388277.45"
"2025","13","GOBIERNOS LOCALES","0101030101","MUNICIPALIDADES","0609","MUNICIPALIDAD DISTRITAL DE SANTIAGO DE PAUCARAY","05","AYACUCHO","7381045","7004295.07"
"2025","13","GOBIERNOS LOCALES","0101030101","MUNICIPALIDADES","0610","MUNICIPALIDAD DISTRITAL DE SAN PEDRO DE LARCAY","05","AYACUCHO","4528646","4325609.57"
"2025","13","GOBIERNOS LOCALES","0101030101","MUNICIPALIDADES","0611","MUNICIPALIDAD DISTRITAL DE MORCOLLA","05","AYACUCHO","7597216","4055412.11"
"2025","13","GOBIERNOS LOCALES","0101030101","MUNICIPALIDADES","0612","MUNICIPALIDAD DISTRITAL DE SORAS","05","AYACUCHO","8546048","7323008.51"
"2025","13","GOBIERNOS LOCALES","0101030101","MUNICIPALIDADES","0613","MUNICIPALIDAD DISTRITAL DE HUACA¥A","05","AYACUCHO","2036930","1878004.95"
"2025","13","GOBIERNOS LOCALES","0101030101","MUNICIPALIDADES","0614","MUNICIPALIDAD PROVINCIAL DE CAJAMARCA","06","CAJAMARCA","305800995","227759664.88"
"2025","13","GOBIERNOS LOCALES","0101030101","MUNICIPALIDADES","0615","MUNICIPALIDAD DISTRITAL DE ASUNCION","06","CAJAMARCA","14279079","10640452.97"
"2025","13","GOBIERNOS LOCALES","0101030101","MUNICIPALIDADES","0616","MUNICIPALIDAD DISTRITAL DE COSPAN","06","CAJAMARCA","27005908","22240994.56"
"2025","13","GOBIERNOS LOCALES","0101030101","MUNICIPALIDADES","0617","MUNICIPALIDAD DISTRITAL DE CHETILLA","06","CAJAMARCA","9050302","5685880.77"
"2025","13","GOBIERNOS LOCALES","0101030101","MUNICIPALIDADES","0618","MUNICIPALIDAD DISTRITAL DE ENCAÑADA","06","CAJAMARCA","54180362","29518528.67"
"2025","13","GOBIERNOS LOCALES","0101030101","MUNICIPALIDADES","0619","MUNICIPALIDAD DISTRITAL DE JESUS","06","CAJAMARCA","24858900","22531522.97"
"2025","13","GOBIERNOS LOCALES","0101030101","MUNICIPALIDADES","0620","MUNICIPALIDAD DISTRITAL DE LOS BAÑOS DEL INCA","06","CAJAMARCA","47329396","40352635.39"
"2025","13","GOBIERNOS LOCALES","0101030101","MUNICIPALIDADES","0621","MUNICIPALIDAD DISTRITAL DE LLACANORA","06","CAJAMARCA","19067134","10180457.43"
"2025","13","GOBIERNOS LOCALES","0101030101","MUNICIPALIDADES","0622","MUNICIPALIDAD DISTRITAL DE MAGDALENA","06","CAJAMARCA","9759379","9261682.68"
"2025","13","GOBIERNOS LOCALES","0101030101","MUNICIPALIDADES","0623","MUNICIPALIDAD DISTRITAL DE MATARA","06","CAJAMARCA","4124937","3798007.7"
"2025","13","GOBIERNOS LOCALES","0101030101","MUNICIPALIDADES","0624","MUNICIPALIDAD DISTRITAL DE NAMORA","06","CAJAMARCA","15282104","11971847.59"
"2025","13","GOBIERNOS LOCALES","0101030101","MUNICIPALIDADES","0625","MUNICIPALIDAD DISTRITAL DE SAN JUAN","06","CAJAMARCA","5308232","4768622.52"
"2025","13","GOBIERNOS LOCALES","0101030101","MUNICIPALIDADES","0627","MUNICIPALIDAD PROVINCIAL DE CAJABAMBA","06","CAJAMARCA","95438422","65536201.46"
"2025","13","GOBIERNOS LOCALES","0101030101","MUNICIPALIDADES","0628","MUNICIPALIDAD DISTRITAL DE CACHACHI","06","CAJAMARCA","36464646","28212868.93"
"2025","13","GOBIERNOS LOCALES","0101030101","MUNICIPALIDADES","0629","MUNICIPALIDAD DISTRITAL DE CONDEBAMBA","06","CAJAMARCA","21199229","19766720.66"
"2025","13","GOBIERNOS LOCALES","0101030101","MUNICIPALIDADES","0630","MUNICIPALIDAD DISTRITAL DE SITACOCHA","06","CAJAMARCA","9491860","7384487.68"
"2025","13","GOBIERNOS LOCALES","0101030101","MUNICIPALIDADES","0631","MUNICIPALIDAD PROVINCIAL DE CELENDIN","06","CAJAMARCA","56917829","41261745"
"2025","13","GOBIERNOS LOCALES","0101030101","MUNICIPALIDADES","0632","MUNICIPALIDAD DISTRITAL DE CORTEGANA","06","CAJAMARCA","11152656","9030001.76"
"2025","13","GOBIERNOS LOCALES","0101030101","MUNICIPALIDADES","0633","MUNICIPALIDAD DISTRITAL DE CHUMUCH","06","CAJAMARCA","7997024","7543358.79"
"2025","13","GOBIERNOS LOCALES","0101030101","MUNICIPALIDADES","0634","MUNICIPALIDAD DISTRITAL DE HUASMIN","06","CAJAMARCA","33047930","27146192.33"
"2025","13","GOBIERNOS LOCALES","0101030101","MUNICIPALIDADES","0635","MUNICIPALIDAD DISTRITAL DE JORGE CHAVEZ","06","CAJAMARCA","2056792","1879873.44"
"2025","13","GOBIERNOS LOCALES","0101030101","MUNICIPALIDADES","0636","MUNICIPALIDAD DISTRITAL DE JOSE GALVEZ","06","CAJAMARCA","13201945","9134203.71"
"2025","13","GOBIERNOS LOCALES","0101030101","MUNICIPALIDADES","0637","MUNICIPALIDAD DISTRITAL DE MIGUEL IGLESIAS","06","CAJAMARCA","7512722","5756413.08"
"2025","13","GOBIERNOS LOCALES","0101030101","MUNICIPALIDADES","0638","MUNICIPALIDAD DISTRITAL DE OXAMARCA","06","CAJAMARCA","7853872","6483175.97"
"2025","13","GOBIERNOS LOCALES","0101030101","MUNICIPALIDADES","0639","MUNICIPALIDAD DISTRITAL DE SOROCHUCO","06","CAJAMARCA","12682176","9541289.96"
"2025","13","GOBIERNOS LOCALES","0101030101","MUNICIPALIDADES","0640","MUNICIPALIDAD DISTRITAL DE SUCRE","06","CAJAMARCA","7999726","4838178.31"
"2025","13","GOBIERNOS LOCALES","0101030101","MUNICIPALIDADES","0641","MUNICIPALIDAD DISTRITAL DE UTCO","06","CAJAMARCA","3780038","3053081.76"
"2025","13","GOBIERNOS LOCALES","0101030101","MUNICIPALIDADES","0642","MUNICIPALIDAD DISTRITAL DE LA LIBERTAD DE PALLAN","06","CAJAMARCA","13218787","7938295.23"
"2025","13","GOBIERNOS LOCALES","0101030101","MUNICIPALIDADES","0643","MUNICIPALIDAD PROVINCIAL DE CONTUMAZA","06","CAJAMARCA","23743861","20060491.17"
"2025","13","GOBIERNOS LOCALES","0101030101","MUNICIPALIDADES","0644","MUNICIPALIDAD DISTRITAL DE CUPISNIQUE","06","CAJAMARCA","3214271","3038806.12"
"2025","13","GOBIERNOS LOCALES","0101030101","MUNICIPALIDADES","0645","MUNICIPALIDAD DISTRITAL DE CHILETE","06","CAJAMARCA","4374860","3171405.12"
"2025","13","GOBIERNOS LOCALES","0101030101","MUNICIPALIDADES","0646","MUNICIPALIDAD DISTRITAL DE GUZMANGO","06","CAJAMARCA","3926429","3831288.9"
"2025","13","GOBIERNOS LOCALES","0101030101","MUNICIPALIDADES","0647","MUNICIPALIDAD DISTRITAL DE SAN BENITO","06","CAJAMARCA","7010888","4256108.12"
"2025","13","GOBIERNOS LOCALES","0101030101","MUNICIPALIDADES","0648","MUNICIPALIDAD DISTRITAL DE SANTA CRUZ DE TOLEDO","06","CAJAMARCA","3521366","2560103.97"
"2025","13","GOBIERNOS LOCALES","0101030101","MUNICIPALIDADES","0649","MUNICIPALIDAD DISTRITAL DE TANTARICA","06","CAJAMARCA","3711675","2267873.45"
"2025","13","GOBIERNOS LOCALES","0101030101","MUNICIPALIDADES","0650","MUNICIPALIDAD DISTRITAL DE YONAN","06","CAJAMARCA","7614793","6762136.55"
"2025","13","GOBIERNOS LOCALES","0101030101","MUNICIPALIDADES","0651","MUNICIPALIDAD PROVINCIAL DE CUTERVO","06","CAJAMARCA","134606388","112980021.64"
"2025","13","GOBIERNOS LOCALES","0101030101","MUNICIPALIDADES","0652","MUNICIPALIDAD DISTRITAL DE CALLAYUC","06","CAJAMARCA","16542886","10499422.68"
"2025","13","GOBIERNOS LOCALES","0101030101","MUNICIPALIDADES","0653","MUNICIPALIDAD DISTRITAL DE CUJILLO","06","CAJAMARCA","5959568","3368155.03"
"2025","13","GOBIERNOS LOCALES","0101030101","MUNICIPALIDADES","0654","MUNICIPALIDAD DISTRITAL DE CHOROS","06","CAJAMARCA","5015265","3985698.38"
"2025","13","GOBIERNOS LOCALES","0101030101","MUNICIPALIDADES","0655","MUNICIPALIDAD DISTRITAL DE LA RAMADA","06","CAJAMARCA","5457888","3769675.1"
"2025","13","GOBIERNOS LOCALES","0101030101","MUNICIPALIDADES","0656","MUNICIPALIDAD DISTRITAL DE PIMPINGOS","06","CAJAMARCA","7601733","6267313.37"
"2025","13","GOBIERNOS LOCALES","0101030101","MUNICIPALIDADES","0657","MUNICIPALIDAD DISTRITAL DE QUEROCOTILLO","06","CAJAMARCA","33882160","25723851.02"
"2025","13","GOBIERNOS LOCALES","0101030101","MUNICIPALIDADES","0658","MUNICIPALIDAD DISTRITAL DE SAN ANDRES DE CUTERVO","06","CAJAMARCA","7351985","5123957.61"
"2025","13","GOBIERNOS LOCALES","0101030101","MUNICIPALIDADES","0659","MUNICIPALIDAD DISTRITAL DE SAN JUAN DE CUTERVO","06","CAJAMARCA","3830912","2707220.17"
"2025","13","GOBIERNOS LOCALES","0101030101","MUNICIPALIDADES","0660","MUNICIPALIDAD DISTRITAL DE SAN LUIS DE LUCMA","06","CAJAMARCA","6541114","5429512.27"
"2025","13","GOBIERNOS LOCALES","0101030101","MUNICIPALIDADES","0661","MUNICIPALIDAD DISTRITAL DE SANTA CRUZ","06","CAJAMARCA","4242795","3519837.85"
"2025","13","GOBIERNOS LOCALES","0101030101","MUNICIPALIDADES","0662","MUNICIPALIDAD DISTRITAL DE SANTO DOMINGO DE LA CAPILLA","06","CAJAMARCA","15190889","13037414.23"
"2025","13","GOBIERNOS LOCALES","0101030101","MUNICIPALIDADES","0663","MUNICIPALIDAD DISTRITAL DE SANTO TOMAS","06","CAJAMARCA","9125863","7589017.91"
"2025","13","GOBIERNOS LOCALES","0101030101","MUNICIPALIDADES","0664","MUNICIPALIDAD DISTRITAL DE SOCOTA","06","CAJAMARCA","20298682","11378166.48"
"2025","13","GOBIERNOS LOCALES","0101030101","MUNICIPALIDADES","0665","MUNICIPALIDAD DISTRITAL DE TORIBIO CASANOVA","06","CAJAMARCA","2705228","2430241.82"
"2025","13","GOBIERNOS LOCALES","0101030101","MUNICIPALIDADES","0666","MUNICIPALIDAD PROVINCIAL DE CHOTA","06","CAJAMARCA","142148246","105279212.03"
"2025","13","GOBIERNOS LOCALES","0101030101","MUNICIPALIDADES","0667","MUNICIPALIDAD DISTRITAL DE ANGUIA","06","CAJAMARCA","12945451","11156902.86"
"2025","13","GOBIERNOS LOCALES","0101030101","MUNICIPALIDADES","0668","MUNICIPALIDAD DISTRITAL DE COCHABAMBA","06","CAJAMARCA","9533648","7816480.13"
"2025","13","GOBIERNOS LOCALES","0101030101","MUNICIPALIDADES","0669","MUNICIPALIDAD DISTRITAL DE CONCHAN","06","CAJAMARCA","9388677","7056868.42"
"2025","13","GOBIERNOS LOCALES","0101030101","MUNICIPALIDADES","0670","MUNICIPALIDAD DISTRITAL DE CHADIN","06","CAJAMARCA","4396701","4288590.91"
"2025","13","GOBIERNOS LOCALES","0101030101","MUNICIPALIDADES","0671","MUNICIPALIDAD DISTRITAL DE CHIGUIRIP","06","CAJAMARCA","9240044","8845850.54"
"2025","13","GOBIERNOS LOCALES","0101030101","MUNICIPALIDADES","0672","MUNICIPALIDAD DISTRITAL DE CHIMBAN","06","CAJAMARCA","3369947","3063857.96"
"2025","13","GOBIERNOS LOCALES","0101030101","MUNICIPALIDADES","0673","MUNICIPALIDAD DISTRITAL DE HUAMBOS","06","CAJAMARCA","11681160","7744097.06"
"2025","13","GOBIERNOS LOCALES","0101030101","MUNICIPALIDADES","0674","MUNICIPALIDAD DISTRITAL DE LAJAS","06","CAJAMARCA","20226524","16473984.4"
"2025","13","GOBIERNOS LOCALES","0101030101","MUNICIPALIDADES","0675","MUNICIPALIDAD DISTRITAL DE LLAMA","06","CAJAMARCA","17369452","11575829.96"
"2025","13","GOBIERNOS LOCALES","0101030101","MUNICIPALIDADES","0676","MUNICIPALIDAD DISTRITAL DE MIRACOSTA","06","CAJAMARCA","13061180","8014292.93"
"2025","13","GOBIERNOS LOCALES","0101030101","MUNICIPALIDADES","0677","MUNICIPALIDAD DISTRITAL DE PACCHA","06","CAJAMARCA","47337483","29737731.31"
"2025","13","GOBIERNOS LOCALES","0101030101","MUNICIPALIDADES","0678","MUNICIPALIDAD DISTRITAL DE PION","06","CAJAMARCA","2437553","2151975.94"
"2025","13","GOBIERNOS LOCALES","0101030101","MUNICIPALIDADES","0679","MUNICIPALIDAD DISTRITAL DE QUEROCOTO","06","CAJAMARCA","36994446","30119373.48"
"2025","13","GOBIERNOS LOCALES","0101030101","MUNICIPALIDADES","0680","MUNICIPALIDAD DISTRITAL DE TACABAMBA","06","CAJAMARCA","59226469","50716668.3"
"2025","13","GOBIERNOS LOCALES","0101030101","MUNICIPALIDADES","0681","MUNICIPALIDAD DISTRITAL DE TOCMOCHE","06","CAJAMARCA","3021115","1913525.11"
"2025","13","GOBIERNOS LOCALES","0101030101","MUNICIPALIDADES","0682","MUNICIPALIDAD DISTRITAL DE SAN JUAN DE LICUPIS","06","CAJAMARCA","3257659","2547997.92"
"2025","13","GOBIERNOS LOCALES","0101030101","MUNICIPALIDADES","0683","MUNICIPALIDAD DISTRITAL DE CHOROPAMPA","06","CAJAMARCA","13393967","7147152.71"
"2025","13","GOBIERNOS LOCALES","0101030101","MUNICIPALIDADES","0684","MUNICIPALIDAD DISTRITAL DE CHALAMARCA","06","CAJAMARCA","11007425","10306252.37"
"2025","13","GOBIERNOS LOCALES","0101030101","MUNICIPALIDADES","0685","MUNICIPALIDAD PROVINCIAL DE HUALGAYOC - BAMBAMARCA","06","CAJAMARCA","139752621","114222385.1"
"2025","13","GOBIERNOS LOCALES","0101030101","MUNICIPALIDADES","0686","MUNICIPALIDAD DISTRITAL DE CHUGUR","06","CAJAMARCA","9622549","6872127.48"
"2025","13","GOBIERNOS LOCALES","0101030101","MUNICIPALIDADES","0687","MUNICIPALIDAD DISTRITAL DE HUALGAYOC","06","CAJAMARCA","51233776","42208813.89"
"2025","13","GOBIERNOS LOCALES","0101030101","MUNICIPALIDADES","0688","MUNICIPALIDAD PROVINCIAL DE JAEN","06","CAJAMARCA","113969437","94852581.74"
"2025","13","GOBIERNOS LOCALES","0101030101","MUNICIPALIDADES","0689","MUNICIPALIDAD DISTRITAL DE BELLAVISTA","06","CAJAMARCA","18428804","12477431.05"
"2025","13","GOBIERNOS LOCALES","0101030101","MUNICIPALIDADES","0690","MUNICIPALIDAD DISTRITAL DE COLASAY","06","CAJAMARCA","28233981","24175703.02"
"2025","13","GOBIERNOS LOCALES","0101030101","MUNICIPALIDADES","0691","MUNICIPALIDAD DISTRITAL DE CHONTALI","06","CAJAMARCA","22433896","20678515.87"
"2025","13","GOBIERNOS LOCALES","0101030101","MUNICIPALIDADES","0692","MUNICIPALIDAD DISTRITAL DE HUABAL","06","CAJAMARCA","24280605","21571083.22"
"2025","13","GOBIERNOS LOCALES","0101030101","MUNICIPALIDADES","0693","MUNICIPALIDAD DISTRITAL DE POMAHUACA","06","CAJAMARCA","16814751","11965559.76"
"2025","13","GOBIERNOS LOCALES","0101030101","MUNICIPALIDADES","0694","MUNICIPALIDAD DISTRITAL DE PUCARA","06","CAJAMARCA","8388287","6693093.6"
"2025","13","GOBIERNOS LOCALES","0101030101","MUNICIPALIDADES","0695","MUNICIPALIDAD DISTRITAL DE SALLIQUE","06","CAJAMARCA","12011893","9100878.13"
"2025","13","GOBIERNOS LOCALES","0101030101","MUNICIPALIDADES","0696","MUNICIPALIDAD DISTRITAL DE SAN FELIPE","06","CAJAMARCA","17244594","14250658.13"
"2025","13","GOBIERNOS LOCALES","0101030101","MUNICIPALIDADES","0697","MUNICIPALIDAD DISTRITAL DE SAN JOSE DEL ALTO","06","CAJAMARCA","19616331","16734786"
"2025","13","GOBIERNOS LOCALES","0101030101","MUNICIPALIDADES","0698","MUNICIPALIDAD DISTRITAL DE SANTA ROSA","06","CAJAMARCA","39331728","33294007.36"
"2025","13","GOBIERNOS LOCALES","0101030101","MUNICIPALIDADES","0699","MUNICIPALIDAD DISTRITAL DE LAS PIRIAS","06","CAJAMARCA","23261739","20072678.98"
"2025","13","GOBIERNOS LOCALES","0101030101","MUNICIPALIDADES","0700","MUNICIPALIDAD PROVINCIAL DE SAN IGNACIO","06","CAJAMARCA","63113126","59495955.63"
"2025","13","GOBIERNOS LOCALES","0101030101","MUNICIPALIDADES","0701","MUNICIPALIDAD DISTRITAL DE CHIRINOS","06","CAJAMARCA","16506713","13348952.51"
"2025","13","GOBIERNOS LOCALES","0101030101","MUNICIPALIDADES","0702","MUNICIPALIDAD DISTRITAL DE HUARANGO","06","CAJAMARCA","40603603","35764151.87"
"2025","13","GOBIERNOS LOCALES","0101030101","MUNICIPALIDADES","0703","MUNICIPALIDAD DISTRITAL DE LA COIPA","06","CAJAMARCA","28034075","25261480.41"
"2025","13","GOBIERNOS LOCALES","0101030101","MUNICIPALIDADES","0704","MUNICIPALIDAD DISTRITAL DE NAMBALLE","06","CAJAMARCA","15060817","8355854.86"
"2025","13","GOBIERNOS LOCALES","0101030101","MUNICIPALIDADES","0705","MUNICIPALIDAD DISTRITAL DE SAN JOSE DE LOURDES","06","CAJAMARCA","43727142","32092834.32"
"2025","13","GOBIERNOS LOCALES","0101030101","MUNICIPALIDADES","0706","MUNICIPALIDAD DISTRITAL DE TABACONAS","06","CAJAMARCA","32905112","26563775.18"
"2025","13","GOBIERNOS LOCALES","0101030101","MUNICIPALIDADES","0707","MUNICIPALIDAD PROVINCIAL DE SAN MIGUEL","06","CAJAMARCA","71265145","48091182.04"
"2025","13","GOBIERNOS LOCALES","0101030101","MUNICIPALIDADES","0708","MUNICIPALIDAD DISTRITAL DE CALQUIS","06","CAJAMARCA","15646475","11799938.73"
"2025","13","GOBIERNOS LOCALES","0101030101","MUNICIPALIDADES","0709","MUNICIPALIDAD DISTRITAL DE LA FLORIDA","06","CAJAMARCA","2807418","2484784.87"
"2025","13","GOBIERNOS LOCALES","0101030101","MUNICIPALIDADES","0710","MUNICIPALIDAD DISTRITAL DE LLAPA","06","CAJAMARCA","9114059","7336997.21"
"2025","13","GOBIERNOS LOCALES","0101030101","MUNICIPALIDADES","0711","MUNICIPALIDAD DISTRITAL DE NANCHOC","06","CAJAMARCA","3773772","2864626.66"
"2025","13","GOBIERNOS LOCALES","0101030101","MUNICIPALIDADES","0712","MUNICIPALIDAD DISTRITAL DE NIEPOS","06","CAJAMARCA","6284650","5092201.55"
"2025","13","GOBIERNOS LOCALES","0101030101","MUNICIPALIDADES","0713","MUNICIPALIDAD DISTRITAL DE SAN GREGORIO","06","CAJAMARCA","5365399","4468718.65"
"2025","13","GOBIERNOS LOCALES","0101030101","MUNICIPALIDADES","0714","MUNICIPALIDAD DISTRITAL DE SAN SILVESTRE DE COCHAN","06","CAJAMARCA","10740211","8876856.97"
"2025","13","GOBIERNOS LOCALES","0101030101","MUNICIPALIDADES","0715","MUNICIPALIDAD DISTRITAL DE EL PRADO","06","CAJAMARCA","2970671","2711766.95"
"2025","13","GOBIERNOS LOCALES","0101030101","MUNICIPALIDADES","0716","MUNICIPALIDAD DISTRITAL DE UNION AGUA BLANCA","06","CAJAMARCA","4590752","4368111.81"
"2025","13","GOBIERNOS LOCALES","0101030101","MUNICIPALIDADES","0717","MUNICIPALIDAD DISTRITAL DE TONGOD","06","CAJAMARCA","5668901","3145611.87"
"2025","13","GOBIERNOS LOCALES","0101030101","MUNICIPALIDADES","0718","MUNICIPALIDAD DISTRITAL DE CATILLUC","06","CAJAMARCA","17693486","16905455.82"
"2025","13","GOBIERNOS LOCALES","0101030101","MUNICIPALIDADES","0719","MUNICIPALIDAD DISTRITAL DE BOLIVAR","06","CAJAMARCA","8368666","6727027.69"
"2025","13","GOBIERNOS LOCALES","0101030101","MUNICIPALIDADES","0720","MUNICIPALIDAD PROVINCIAL DE SAN PABLO","06","CAJAMARCA","33102946","18031140.65"
"2025","13","GOBIERNOS LOCALES","0101030101","MUNICIPALIDADES","0721","MUNICIPALIDAD DISTRITAL DE SAN BERNARDINO","06","CAJAMARCA","36749061","31697433.43"
"2025","13","GOBIERNOS LOCALES","0101030101","MUNICIPALIDADES","0722","MUNICIPALIDAD DISTRITAL DE SAN LUIS","06","CAJAMARCA","5302005","5145529.09"
"2025","13","GOBIERNOS LOCALES","0101030101","MUNICIPALIDADES","0723","MUNICIPALIDAD DISTRITAL DE TUMBADEN","06","CAJAMARCA","10783924","8682226.95"
"2025","13","GOBIERNOS LOCALES","0101030101","MUNICIPALIDADES","0724","MUNICIPALIDAD PROVINCIAL DE SANTA CRUZ","06","CAJAMARCA","32997904","18089152.17"
"2025","13","GOBIERNOS LOCALES","0101030101","MUNICIPALIDADES","0725","MUNICIPALIDAD DISTRITAL DE ANDABAMBA","06","CAJAMARCA","2975908","2231495.71"
"2025","13","GOBIERNOS LOCALES","0101030101","MUNICIPALIDADES","0726","MUNICIPALIDAD DISTRITAL DE CATACHE","06","CAJAMARCA","31003601","22069476.51"
"2025","13","GOBIERNOS LOCALES","0101030101","MUNICIPALIDADES","0727","MUNICIPALIDAD DISTRITAL DE CHANCAYBA¥OS","06","CAJAMARCA","10315257","8438545.14"
"2025","13","GOBIERNOS LOCALES","0101030101","MUNICIPALIDADES","0728","MUNICIPALIDAD DISTRITAL DE LA ESPERANZA","06","CAJAMARCA","3641608","2589854.32"
"2025","13","GOBIERNOS LOCALES","0101030101","MUNICIPALIDADES","0729","MUNICIPALIDAD DISTRITAL DE NINABAMBA","06","CAJAMARCA","10853091","8001407.32"
"2025","13","GOBIERNOS LOCALES","0101030101","MUNICIPALIDADES","0730","MUNICIPALIDAD DISTRITAL DE PULAN","06","CAJAMARCA","42644548","24016916.19"
"2025","13","GOBIERNOS LOCALES","0101030101","MUNICIPALIDADES","0731","MUNICIPALIDAD DISTRITAL DE SEXI","06","CAJAMARCA","2198019","1912058.22"
"2025","13","GOBIERNOS LOCALES","0101030101","MUNICIPALIDADES","0732","MUNICIPALIDAD DISTRITAL DE UTICYACU","06","CAJAMARCA","7030402","6052662.35"
"2025","13","GOBIERNOS LOCALES","0101030101","MUNICIPALIDADES","0733","MUNICIPALIDAD DISTRITAL DE YAUYUCAN","06","CAJAMARCA","11339812","8949038.01"
"2025","13","GOBIERNOS LOCALES","0101030101","MUNICIPALIDADES","0734","MUNICIPALIDAD DISTRITAL DE SAUCEPAMPA","06","CAJAMARCA","2483419","2282543.56"
"2025","13","GOBIERNOS LOCALES","0101030101","MUNICIPALIDADES","0735","MUNICIPALIDAD PROVINCIAL DE SAN MARCOS - PEDRO GALVEZ","06","CAJAMARCA","80864669","56867945.95"
"2025","13","GOBIERNOS LOCALES","0101030101","MUNICIPALIDADES","0736","MUNICIPALIDAD DISTRITAL DE ICHOCAN","06","CAJAMARCA","4177109","3538721.04"
"2025","13","GOBIERNOS LOCALES","0101030101","MUNICIPALIDADES","0737","MUNICIPALIDAD DISTRITAL DE GREGORIO PITA","06","CAJAMARCA","14768149","14355943.76"
"2025","13","GOBIERNOS LOCALES","0101030101","MUNICIPALIDADES","0738","MUNICIPALIDAD DISTRITAL DE EDUARDO VILLANUEVA","06","CAJAMARCA","5010517","4876119.38"
"2025","13","GOBIERNOS LOCALES","0101030101","MUNICIPALIDADES","0739","MUNICIPALIDAD DISTRITAL DE JOSE MANUEL QUIROZ","06","CAJAMARCA","8345036","6966177.98"
"2025","13","GOBIERNOS LOCALES","0101030101","MUNICIPALIDADES","0740","MUNICIPALIDAD DISTRITAL DE JOSE SABOGAL","06","CAJAMARCA","12656194","11018232.47"
"2025","13","GOBIERNOS LOCALES","0101030101","MUNICIPALIDADES","0741","MUNICIPALIDAD DISTRITAL DE CHANCAY","06","CAJAMARCA","6287964","6150830.27"
"2025","13","GOBIERNOS LOCALES","0101030101","MUNICIPALIDADES","0742","MUNICIPALIDAD PROVINCIAL DEL CALLAO","07","PROV CONSTIT DEL CALLAO","667559972","556742899.52"
"2025","13","GOBIERNOS LOCALES","0101030101","MUNICIPALIDADES","0743","MUNICIPALIDAD DISTRITAL DE BELLAVISTA","07","PROV CONSTIT DEL CALLAO","84857285","73201252.32"
"2025","13","GOBIERNOS LOCALES","0101030101","MUNICIPALIDADES","0744","MUNICIPALIDAD DISTRITAL DE LA PERLA","07","PROV CONSTIT DEL CALLAO","63120987","53802919.89"
"2025","13","GOBIERNOS LOCALES","0101030101","MUNICIPALIDADES","0745","MUNICIPALIDAD DISTRITAL DE LA PUNTA","07","PROV CONSTIT DEL CALLAO","41525467","37734373.82"
"2025","13","GOBIERNOS LOCALES","0101030101","MUNICIPALIDADES","0746","MUNICIPALIDAD DISTRITAL DE CARMEN DE LA LEGUA REYNOSO","07","PROV CONSTIT DEL CALLAO","56203571","52766688.06"
"2025","13","GOBIERNOS LOCALES","0101030101","MUNICIPALIDADES","0747","MUNICIPALIDAD DISTRITAL DE VENTANILLA","07","PROV CONSTIT DEL CALLAO","261065903","225425160.23"
"2025","13","GOBIERNOS LOCALES","0101030101","MUNICIPALIDADES","0749","MUNICIPALIDAD PROVINCIAL DEL CUZCO","08","CUSCO","271048933","244336633.84"
"2025","13","GOBIERNOS LOCALES","0101030101","MUNICIPALIDADES","0750","MUNICIPALIDAD DISTRITAL DE CCORCA","08","CUSCO","8495074","5231040.81"
"2025","13","GOBIERNOS LOCALES","0101030101","MUNICIPALIDADES","0751","MUNICIPALIDAD DISTRITAL DE WANCHAQ","08","CUSCO","60767499","54595793.74"
"2025","13","GOBIERNOS LOCALES","0101030101","MUNICIPALIDADES","0752","MUNICIPALIDAD DISTRITAL DE POROY","08","CUSCO","16504224","13457073.47"
"2025","13","GOBIERNOS LOCALES","0101030101","MUNICIPALIDADES","0753","MUNICIPALIDAD DISTRITAL DE SAN JERONIMO","08","CUSCO","68290839","61052392.12"
"2025","13","GOBIERNOS LOCALES","0101030101","MUNICIPALIDADES","0754","MUNICIPALIDAD DISTRITAL DE SAN SEBASTIAN","08","CUSCO","135950724","121776366.02"
"2025","13","GOBIERNOS LOCALES","0101030101","MUNICIPALIDADES","0755","MUNICIPALIDAD DISTRITAL DE SANTIAGO","08","CUSCO","119362494","105440188.59"
"2025","13","GOBIERNOS LOCALES","0101030101","MUNICIPALIDADES","0756","MUNICIPALIDAD DISTRITAL DE SAYLLA","08","CUSCO","15229901","12947949.71"
"2025","13","GOBIERNOS LOCALES","0101030101","MUNICIPALIDADES","0757","MUNICIPALIDAD PROVINCIAL DE ACOMAYO","08","CUSCO","20826974","18861382.47"
"2025","13","GOBIERNOS LOCALES","0101030101","MUNICIPALIDADES","0758","MUNICIPALIDAD DISTRITAL DE ACOPIA","08","CUSCO","5298547","4679032.11"
"2025","13","GOBIERNOS LOCALES","0101030101","MUNICIPALIDADES","0759","MUNICIPALIDAD DISTRITAL DE ACOS","08","CUSCO","6323025","5242395.03"
"2025","13","GOBIERNOS LOCALES","0101030101","MUNICIPALIDADES","0760","MUNICIPALIDAD DISTRITAL DE MOSOC LLACTA","08","CUSCO","3384828","3140587.22"
"2025","13","GOBIERNOS LOCALES","0101030101","MUNICIPALIDADES","0761","MUNICIPALIDAD DISTRITAL DE POMACANCHI","08","CUSCO","19553101","17213870.79"
"2025","13","GOBIERNOS LOCALES","0101030101","MUNICIPALIDADES","0762","MUNICIPALIDAD DISTRITAL DE RONDOCAN","08","CUSCO","5175576","4972829.41"
"2025","13","GOBIERNOS LOCALES","0101030101","MUNICIPALIDADES","0763","MUNICIPALIDAD DISTRITAL DE SANGARARA","08","CUSCO","9541148","8671269.66"
"2025","13","GOBIERNOS LOCALES","0101030101","MUNICIPALIDADES","0764","MUNICIPALIDAD PROVINCIAL DE ANTA","08","CUSCO","41253125","38776901.61"
"2025","13","GOBIERNOS LOCALES","0101030101","MUNICIPALIDADES","0765","MUNICIPALIDAD DISTRITAL DE CHINCHAYPUJIO","08","CUSCO","13305585","11488272.25"
"2025","13","GOBIERNOS LOCALES","0101030101","MUNICIPALIDADES","0766","MUNICIPALIDAD DISTRITAL DE HUAROCONDO","08","CUSCO","11618378","10907575.72"
"2025","13","GOBIERNOS LOCALES","0101030101","MUNICIPALIDADES","0767","MUNICIPALIDAD DISTRITAL DE LIMATAMBO","08","CUSCO","14480053","13444535.11"
"2025","13","GOBIERNOS LOCALES","0101030101","MUNICIPALIDADES","0768","MUNICIPALIDAD DISTRITAL DE MOLLEPATA","08","CUSCO","9729561","8284374.07"
"2025","13","GOBIERNOS LOCALES","0101030101","MUNICIPALIDADES","0769","MUNICIPALIDAD DISTRITAL DE PUCYURA","08","CUSCO","8649787","6154176.96"
"2025","13","GOBIERNOS LOCALES","0101030101","MUNICIPALIDADES","0770","MUNICIPALIDAD DISTRITAL DE ZURITE","08","CUSCO","6130609","5285724.21"
"2025","13","GOBIERNOS LOCALES","0101030101","MUNICIPALIDADES","0771","MUNICIPALIDAD DISTRITAL DE CACHIMAYO","08","CUSCO","4202216","3988383.3"
"2025","13","GOBIERNOS LOCALES","0101030101","MUNICIPALIDADES","0772","MUNICIPALIDAD DISTRITAL DE ANCAHUASI","08","CUSCO","27645956","22924411.83"
"2025","13","GOBIERNOS LOCALES","0101030101","MUNICIPALIDADES","0773","MUNICIPALIDAD PROVINCIAL DE CALCA","08","CUSCO","69179320","51270897.96"
"2025","13","GOBIERNOS LOCALES","0101030101","MUNICIPALIDADES","0774","MUNICIPALIDAD DISTRITAL DE COYA","08","CUSCO","6436001","5432837.27"
"2025","13","GOBIERNOS LOCALES","0101030101","MUNICIPALIDADES","0775","MUNICIPALIDAD DISTRITAL DE LAMAY","08","CUSCO","10985822","9225406.8"
"2025","13","GOBIERNOS LOCALES","0101030101","MUNICIPALIDADES","0776","MUNICIPALIDAD DISTRITAL DE LARES","08","CUSCO","31223408","20944790.55"
"2025","13","GOBIERNOS LOCALES","0101030101","MUNICIPALIDADES","0777","MUNICIPALIDAD DISTRITAL DE PISAC","08","CUSCO","28336777","24916229.12"
"2025","13","GOBIERNOS LOCALES","0101030101","MUNICIPALIDADES","0778","MUNICIPALIDAD DISTRITAL DE SAN SALVADOR","08","CUSCO","12160742","10591682.9"
"2025","13","GOBIERNOS LOCALES","0101030101","MUNICIPALIDADES","0779","MUNICIPALIDAD DISTRITAL DE TARAY","08","CUSCO","9684609","7178886.42"
"2025","13","GOBIERNOS LOCALES","0101030101","MUNICIPALIDADES","0780","MUNICIPALIDAD DISTRITAL DE YANATILE","08","CUSCO","29147935","23481250.74"
"2025","13","GOBIERNOS LOCALES","0101030101","MUNICIPALIDADES","0781","MUNICIPALIDAD PROVINCIAL DE CANAS - YANAOCA","08","CUSCO","37089287","33224277.51"
"2025","13","GOBIERNOS LOCALES","0101030101","MUNICIPALIDADES","0782","MUNICIPALIDAD DISTRITAL DE CHECCA","08","CUSCO","31138909","21427731.53"
"2025","13","GOBIERNOS LOCALES","0101030101","MUNICIPALIDADES","0783","MUNICIPALIDAD DISTRITAL DE KUNTURKANKI","08","CUSCO","11735772","10988203.12"
"2025","13","GOBIERNOS LOCALES","0101030101","MUNICIPALIDADES","0784","MUNICIPALIDAD DISTRITAL DE LANGUI","08","CUSCO","5524816","4482234.9"
"2025","13","GOBIERNOS LOCALES","0101030101","MUNICIPALIDADES","0785","MUNICIPALIDAD DISTRITAL DE LAYO","08","CUSCO","34529316","26019577.56"
"2025","13","GOBIERNOS LOCALES","0101030101","MUNICIPALIDADES","0786","MUNICIPALIDAD DISTRITAL DE PAMPAMARCA","08","CUSCO","3526273","3069108.83"
"2025","13","GOBIERNOS LOCALES","0101030101","MUNICIPALIDADES","0787","MUNICIPALIDAD DISTRITAL DE QUEHUE","08","CUSCO","8305911","7062873.94"
"2025","13","GOBIERNOS LOCALES","0101030101","MUNICIPALIDADES","0788","MUNICIPALIDAD DISTRITAL DE TUPAC AMARU","08","CUSCO","7372142","5615591.36"
"2025","13","GOBIERNOS LOCALES","0101030101","MUNICIPALIDADES","0789","MUNICIPALIDAD PROVINCIAL DE CANCHIS - SICUANI","08","CUSCO","91549944","84284964.54"
"2025","13","GOBIERNOS LOCALES","0101030101","MUNICIPALIDADES","0790","MUNICIPALIDAD DISTRITAL DE COMBAPATA","08","CUSCO","6267738","6003851.76"
"2025","13","GOBIERNOS LOCALES","0101030101","MUNICIPALIDADES","0791","MUNICIPALIDAD DISTRITAL DE CHECACUPE","08","CUSCO","10734727","10067911.27"
"2025","13","GOBIERNOS LOCALES","0101030101","MUNICIPALIDADES","0792","MUNICIPALIDAD DISTRITAL DE MARANGANI","08","CUSCO","17979510","16584034.66"
"2025","13","GOBIERNOS LOCALES","0101030101","MUNICIPALIDADES","0793","MUNICIPALIDAD DISTRITAL DE PITUMARCA","08","CUSCO","24747697","19397702.98"
"2025","13","GOBIERNOS LOCALES","0101030101","MUNICIPALIDADES","0794","MUNICIPALIDAD DISTRITAL DE SAN PABLO","08","CUSCO","9626061","8705641.79"
"2025","13","GOBIERNOS LOCALES","0101030101","MUNICIPALIDADES","0795","MUNICIPALIDAD DISTRITAL DE SAN PEDRO","08","CUSCO","7368359","6736933.65"
"2025","13","GOBIERNOS LOCALES","0101030101","MUNICIPALIDADES","0796","MUNICIPALIDAD DISTRITAL DE TINTA","08","CUSCO","7272087","6831197.68"
"2025","13","GOBIERNOS LOCALES","0101030101","MUNICIPALIDADES","0797","MUNICIPALIDAD PROVINCIAL DE CHUMBIVILCAS - SANTO TOMAS","08","CUSCO","146689265","116432880.87"
"2025","13","GOBIERNOS LOCALES","0101030101","MUNICIPALIDADES","0798","MUNICIPALIDAD DISTRITAL DE CAPACMARCA","08","CUSCO","30833635","20096117.29"
"2025","13","GOBIERNOS LOCALES","0101030101","MUNICIPALIDADES","0799","MUNICIPALIDAD DISTRITAL DE COLQUEMARCA","08","CUSCO","43808459","38887079.46"
"2025","13","GOBIERNOS LOCALES","0101030101","MUNICIPALIDADES","0800","MUNICIPALIDAD DISTRITAL DE CHAMACA","08","CUSCO","34556824","32252368.11"
"2025","13","GOBIERNOS LOCALES","0101030101","MUNICIPALIDADES","0801","MUNICIPALIDAD DISTRITAL DE LIVITACA","08","CUSCO","95988923","88666604.95"
"2025","13","GOBIERNOS LOCALES","0101030101","MUNICIPALIDADES","0802","MUNICIPALIDAD DISTRITAL DE LLUSCO","08","CUSCO","27319520","21249414.51"
"2025","13","GOBIERNOS LOCALES","0101030101","MUNICIPALIDADES","0803","MUNICIPALIDAD DISTRITAL DE QUIÑOTA","08","CUSCO","25417052","19119864.95"
"2025","13","GOBIERNOS LOCALES","0101030101","MUNICIPALIDADES","0804","MUNICIPALIDAD DISTRITAL DE VELILLE","08","CUSCO","45774902","34223546.6"
"2025","13","GOBIERNOS LOCALES","0101030101","MUNICIPALIDADES","0805","MUNICIPALIDAD PROVINCIAL DE ESPINAR","08","CUSCO","190510726","159862424.61"
"2025","13","GOBIERNOS LOCALES","0101030101","MUNICIPALIDADES","0806","MUNICIPALIDAD DISTRITAL DE CONDOROMA","08","CUSCO","5552761","4989616.03"
"2025","13","GOBIERNOS LOCALES","0101030101","MUNICIPALIDADES","0807","MUNICIPALIDAD DISTRITAL DE COPORAQUE","08","CUSCO","26951038","23473869.03"
"2025","13","GOBIERNOS LOCALES","0101030101","MUNICIPALIDADES","0808","MUNICIPALIDAD DISTRITAL DE OCORURO","08","CUSCO","11037495","10621905.86"
"2025","13","GOBIERNOS LOCALES","0101030101","MUNICIPALIDADES","0809","MUNICIPALIDAD DISTRITAL DE PALLPATA","08","CUSCO","27869932","26998022.92"
"2025","13","GOBIERNOS LOCALES","0101030101","MUNICIPALIDADES","0810","MUNICIPALIDAD DISTRITAL DE PICHIGUA","08","CUSCO","12113901","11108564.11"
"2025","13","GOBIERNOS LOCALES","0101030101","MUNICIPALIDADES","0811","MUNICIPALIDAD DISTRITAL DE SUYCKUTAMBO","08","CUSCO","9428641","9234463.67"
"2025","13","GOBIERNOS LOCALES","0101030101","MUNICIPALIDADES","0812","MUNICIPALIDAD DISTRITAL DE ALTO PICHIGUA","08","CUSCO","9575783","9119801.48"
"2025","13","GOBIERNOS LOCALES","0101030101","MUNICIPALIDADES","0813","MUNICIPALIDAD PROVINCIAL DE LA CONVENCION - SANTA ANA","08","CUSCO","113975488","102060060.12"
"2025","13","GOBIERNOS LOCALES","0101030101","MUNICIPALIDADES","0814","MUNICIPALIDAD DISTRITAL DE ECHARATE","08","CUSCO","125951563","106321173.79"
"2025","13","GOBIERNOS LOCALES","0101030101","MUNICIPALIDADES","0815","MUNICIPALIDAD DISTRITAL DE HUAYOPATA","08","CUSCO","25294931","20926212.74"
"2025","13","GOBIERNOS LOCALES","0101030101","MUNICIPALIDADES","0816","MUNICIPALIDAD DISTRITAL DE MARANURA","08","CUSCO","24410943","20709758.31"
"2025","13","GOBIERNOS LOCALES","0101030101","MUNICIPALIDADES","0817","MUNICIPALIDAD DISTRITAL DE OCOBAMBA","08","CUSCO","36181197","30867551.14"
"2025","13","GOBIERNOS LOCALES","0101030101","MUNICIPALIDADES","0818","MUNICIPALIDAD DISTRITAL DE SANTA TERESA","08","CUSCO","39817322","35201470.55"
"2025","13","GOBIERNOS LOCALES","0101030101","MUNICIPALIDADES","0819","MUNICIPALIDAD DISTRITAL DE VILCABAMBA","08","CUSCO","99856891","85592906.48"
"2025","13","GOBIERNOS LOCALES","0101030101","MUNICIPALIDADES","0820","MUNICIPALIDAD DISTRITAL DE QUELLOUNO","08","CUSCO","105584191","99976717.18"
"2025","13","GOBIERNOS LOCALES","0101030101","MUNICIPALIDADES","0821","MUNICIPALIDAD DISTRITAL DE QUIMBIRI","08","CUSCO","154880036","130049626.63"
"2025","13","GOBIERNOS LOCALES","0101030101","MUNICIPALIDADES","0822","MUNICIPALIDAD DISTRITAL DE PICHARI","08","CUSCO","211118301","204218486.79"
"2025","13","GOBIERNOS LOCALES","0101030101","MUNICIPALIDADES","0823","MUNICIPALIDAD PROVINCIAL DE PARURO","08","CUSCO","21919308","13065407.5"
"2025","13","GOBIERNOS LOCALES","0101030101","MUNICIPALIDADES","0824","MUNICIPALIDAD DISTRITAL DE ACCHA","08","CUSCO","5798245","5140513.6"
"2025","13","GOBIERNOS LOCALES","0101030101","MUNICIPALIDADES","0825","MUNICIPALIDAD DISTRITAL DE CCAPI","08","CUSCO","11373694","10384373.98"
"2025","13","GOBIERNOS LOCALES","0101030101","MUNICIPALIDADES","0826","MUNICIPALIDAD DISTRITAL DE COLCHA","08","CUSCO","5105927","3452515.72"
"2025","13","GOBIERNOS LOCALES","0101030101","MUNICIPALIDADES","0827","MUNICIPALIDAD DISTRITAL DE HUANOQUITE","08","CUSCO","24805794","20062666.51"
"2025","13","GOBIERNOS LOCALES","0101030101","MUNICIPALIDADES","0828","MUNICIPALIDAD DISTRITAL DE OMACHA","08","CUSCO","13805460","12062251.82"
"2025","13","GOBIERNOS LOCALES","0101030101","MUNICIPALIDADES","0829","MUNICIPALIDAD DISTRITAL DE PACCARITAMBO","08","CUSCO","6307752","5209231.82"
"2025","13","GOBIERNOS LOCALES","0101030101","MUNICIPALIDADES","0830","MUNICIPALIDAD DISTRITAL DE PILLPINTO","08","CUSCO","8927986","7582702.34"
"2025","13","GOBIERNOS LOCALES","0101030101","MUNICIPALIDADES","0831","MUNICIPALIDAD DISTRITAL DE YAURISQUE","08","CUSCO","19883001","8880384.16"
"2025","13","GOBIERNOS LOCALES","0101030101","MUNICIPALIDADES","0832","MUNICIPALIDAD PROVINCIAL DE PAUCARTAMBO","08","CUSCO","44833270","38352217.51"
"2025","13","GOBIERNOS LOCALES","0101030101","MUNICIPALIDADES","0833","MUNICIPALIDAD DISTRITAL DE CAICAY","08","CUSCO","8967210","8284143.78"
"2025","13","GOBIERNOS LOCALES","0101030101","MUNICIPALIDADES","0834","MUNICIPALIDAD DISTRITAL DE COLQUEPATA","08","CUSCO","23955002","22077728.56"
"2025","13","GOBIERNOS LOCALES","0101030101","MUNICIPALIDADES","0835","MUNICIPALIDAD DISTRITAL DE CHALLABAMBA","08","CUSCO","30023724","24139128.83"
"2025","13","GOBIERNOS LOCALES","0101030101","MUNICIPALIDADES","0836","MUNICIPALIDAD DISTRITAL DE KOSÑIPATA","08","CUSCO","35736438","33973193.16"
"2025","13","GOBIERNOS LOCALES","0101030101","MUNICIPALIDADES","0837","MUNICIPALIDAD DISTRITAL DE HUANCARANI","08","CUSCO","21281397","19978731.05"
"2025","13","GOBIERNOS LOCALES","0101030101","MUNICIPALIDADES","0838","MUNICIPALIDAD PROVINCIAL DE QUISPICANCHIS - URCOS","08","CUSCO","45791255","33532503.28"
"2025","13","GOBIERNOS LOCALES","0101030101","MUNICIPALIDADES","0839","MUNICIPALIDAD DISTRITAL DE ANDAHUAYLILLAS","08","CUSCO","12397100","11031785.82"
"2025","13","GOBIERNOS LOCALES","0101030101","MUNICIPALIDADES","0840","MUNICIPALIDAD DISTRITAL DE CAMANTI","08","CUSCO","9683342","9108177.81"
"2025","13","GOBIERNOS LOCALES","0101030101","MUNICIPALIDADES","0841","MUNICIPALIDAD DISTRITAL DE CCARHUAYO","08","CUSCO","9878322","7639200.73"
"2025","13","GOBIERNOS LOCALES","0101030101","MUNICIPALIDADES","0842","MUNICIPALIDAD DISTRITAL DE CCATCA","08","CUSCO","37815213","35831696.26"
"2025","13","GOBIERNOS LOCALES","0101030101","MUNICIPALIDADES","0843","MUNICIPALIDAD DISTRITAL DE CUSIPATA","08","CUSCO","22725931","15907104.85"
"2025","13","GOBIERNOS LOCALES","0101030101","MUNICIPALIDADES","0844","MUNICIPALIDAD DISTRITAL DE HUARO","08","CUSCO","13951415","11961604.21"
"2025","13","GOBIERNOS LOCALES","0101030101","MUNICIPALIDADES","0845","MUNICIPALIDAD DISTRITAL DE LUCRE","08","CUSCO","10387141","8492540.28"
"2025","13","GOBIERNOS LOCALES","0101030101","MUNICIPALIDADES","0846","MUNICIPALIDAD DISTRITAL DE MARCAPATA","08","CUSCO","21773342","16163809.49"
"2025","13","GOBIERNOS LOCALES","0101030101","MUNICIPALIDADES","0847","MUNICIPALIDAD DISTRITAL DE OCONGATE","08","CUSCO","41407017","38950677.33"
"2025","13","GOBIERNOS LOCALES","0101030101","MUNICIPALIDADES","0848","MUNICIPALIDAD DISTRITAL DE OROPESA","08","CUSCO","19618473","17703235.18"
"2025","13","GOBIERNOS LOCALES","0101030101","MUNICIPALIDADES","0849","MUNICIPALIDAD DISTRITAL DE QUIQUIJANA","08","CUSCO","31427976","28533106.28"
"2025","13","GOBIERNOS LOCALES","0101030101","MUNICIPALIDADES","0850","MUNICIPALIDAD PROVINCIAL DE URUBAMBA","08","CUSCO","59284677","54829697.21"
"2025","13","GOBIERNOS LOCALES","0101030101","MUNICIPALIDADES","0851","MUNICIPALIDAD DISTRITAL DE CHINCHERO","08","CUSCO","19723688","17863407.17"
"2025","13","GOBIERNOS LOCALES","0101030101","MUNICIPALIDADES","0852","MUNICIPALIDAD DISTRITAL DE HUAYLLABAMBA","08","CUSCO","15190984","13053833.95"
"2025","13","GOBIERNOS LOCALES","0101030101","MUNICIPALIDADES","0853","MUNICIPALIDAD DISTRITAL DE MACHUPICCHU","08","CUSCO","49143570","45245851.72"
"2025","13","GOBIERNOS LOCALES","0101030101","MUNICIPALIDADES","0854","MUNICIPALIDAD DISTRITAL DE MARAS","08","CUSCO","18860082","15978448.1"
"2025","13","GOBIERNOS LOCALES","0101030101","MUNICIPALIDADES","0855","MUNICIPALIDAD DISTRITAL DE OLLANTAYTAMBO","08","CUSCO","32415527","30453034.63"
"2025","13","GOBIERNOS LOCALES","0101030101","MUNICIPALIDADES","0856","MUNICIPALIDAD DISTRITAL DE YUCAY","08","CUSCO","4787314","3926556.75"
"2025","13","GOBIERNOS LOCALES","0101030101","MUNICIPALIDADES","0857","MUNICIPALIDAD PROVINCIAL DE HUANCAVELICA","09","HUANCAVELICA","58422152","51945177.9"
"2025","13","GOBIERNOS LOCALES","0101030101","MUNICIPALIDADES","0858","MUNICIPALIDAD DISTRITAL DE ACOBAMBILLA","09","HUANCAVELICA","9500581","8580853.38"
"2025","13","GOBIERNOS LOCALES","0101030101","MUNICIPALIDADES","0859","MUNICIPALIDAD DISTRITAL DE ACORIA","09","HUANCAVELICA","36159943","26922835.01"
"2025","13","GOBIERNOS LOCALES","0101030101","MUNICIPALIDADES","0860","MUNICIPALIDAD DISTRITAL DE CONAYCA","09","HUANCAVELICA","2158873","1758697.39"
"2025","13","GOBIERNOS LOCALES","0101030101","MUNICIPALIDADES","0861","MUNICIPALIDAD DISTRITAL DE CUENCA","09","HUANCAVELICA","5033857","4834434.86"
"2025","13","GOBIERNOS LOCALES","0101030101","MUNICIPALIDADES","0862","MUNICIPALIDAD DISTRITAL DE HUACHOCOLPA","09","HUANCAVELICA","18137133","11938159.56"
"2025","13","GOBIERNOS LOCALES","0101030101","MUNICIPALIDADES","0863","MUNICIPALIDAD DISTRITAL DE HUAYLLAHUARA","09","HUANCAVELICA","2179255","2072762.83"
"2025","13","GOBIERNOS LOCALES","0101030101","MUNICIPALIDADES","0864","MUNICIPALIDAD DISTRITAL DE IZCUCHACA","09","HUANCAVELICA","2225823","1888838.31"
"2025","13","GOBIERNOS LOCALES","0101030101","MUNICIPALIDADES","0865","MUNICIPALIDAD DISTRITAL DE LARIA","09","HUANCAVELICA","2908347","2623108.41"
"2025","13","GOBIERNOS LOCALES","0101030101","MUNICIPALIDADES","0866","MUNICIPALIDAD DISTRITAL DE MANTA","09","HUANCAVELICA","2585588","2202264.33"
"2025","13","GOBIERNOS LOCALES","0101030101","MUNICIPALIDADES","0867","MUNICIPALIDAD DISTRITAL DE MARISCAL CÁCERES","09","HUANCAVELICA","1945446","1806599.35"
"2025","13","GOBIERNOS LOCALES","0101030101","MUNICIPALIDADES","0868","MUNICIPALIDAD DISTRITAL DE MOYA","09","HUANCAVELICA","9811426","6628562.67"
"2025","13","GOBIERNOS LOCALES","0101030101","MUNICIPALIDADES","0869","MUNICIPALIDAD DISTRITAL DE NUEVO OCCORO","09","HUANCAVELICA","5669436","4896624.49"
"2025","13","GOBIERNOS LOCALES","0101030101","MUNICIPALIDADES","0870","MUNICIPALIDAD DISTRITAL DE PALCA","09","HUANCAVELICA","13342582","11593902.89"
"2025","13","GOBIERNOS LOCALES","0101030101","MUNICIPALIDADES","0871","MUNICIPALIDAD DISTRITAL DE PILCHACA","09","HUANCAVELICA","2056444","1872563.49"
"2025","13","GOBIERNOS LOCALES","0101030101","MUNICIPALIDADES","0872","MUNICIPALIDAD DISTRITAL DE VILCA","09","HUANCAVELICA","5158539","4713642.53"
"2025","13","GOBIERNOS LOCALES","0101030101","MUNICIPALIDADES","0873","MUNICIPALIDAD DISTRITAL DE YAULI","09","HUANCAVELICA","41529227","34798075.74"
"2025","13","GOBIERNOS LOCALES","0101030101","MUNICIPALIDADES","0874","MUNICIPALIDAD PROVINCIAL DE ACOBAMBA","09","HUANCAVELICA","38641560","33616323.16"
"2025","13","GOBIERNOS LOCALES","0101030101","MUNICIPALIDADES","0875","MUNICIPALIDAD DISTRITAL DE ANDABAMBA","09","HUANCAVELICA","4580889","4028757.52"
"2025","13","GOBIERNOS LOCALES","0101030101","MUNICIPALIDADES","0876","MUNICIPALIDAD DISTRITAL DE ANTA","09","HUANCAVELICA","14021955","12753058.43"
"2025","13","GOBIERNOS LOCALES","0101030101","MUNICIPALIDADES","0877","MUNICIPALIDAD DISTRITAL DE CAJA","09","HUANCAVELICA","8532903","7491547.66"
"2025","13","GOBIERNOS LOCALES","0101030101","MUNICIPALIDADES","0878","MUNICIPALIDAD DISTRITAL DE MARCAS","09","HUANCAVELICA","7397184","2477705.16"
"2025","13","GOBIERNOS LOCALES","0101030101","MUNICIPALIDADES","0879","MUNICIPALIDAD DISTRITAL DE PAUCARA","09","HUANCAVELICA","15963778","13616535.1"
"2025","13","GOBIERNOS LOCALES","0101030101","MUNICIPALIDADES","0880","MUNICIPALIDAD DISTRITAL DE POMACOCHA","09","HUANCAVELICA","4113201","3535367.59"
"2025","13","GOBIERNOS LOCALES","0101030101","MUNICIPALIDADES","0881","MUNICIPALIDAD DISTRITAL DE ROSARIO","09","HUANCAVELICA","14028267","7152248.81"
"2025","13","GOBIERNOS LOCALES","0101030101","MUNICIPALIDADES","0882","MUNICIPALIDAD PROVINCIAL DE ANGARAES - LIRCAY","09","HUANCAVELICA","56442018","45116066.22"
"2025","13","GOBIERNOS LOCALES","0101030101","MUNICIPALIDADES","0883","MUNICIPALIDAD DISTRITAL DE ANCHONGA","09","HUANCAVELICA","18324935","11458781.94"
"2025","13","GOBIERNOS LOCALES","0101030101","MUNICIPALIDADES","0884","MUNICIPALIDAD DISTRITAL DE CALLANMARCA","09","HUANCAVELICA","2834880","2501761.54"
"2025","13","GOBIERNOS LOCALES","0101030101","MUNICIPALIDADES","0885","MUNICIPALIDAD DISTRITAL DE CONGALLA","09","HUANCAVELICA","8961666","4619141.57"
"2025","13","GOBIERNOS LOCALES","0101030101","MUNICIPALIDADES","0886","MUNICIPALIDAD DISTRITAL DE CCOCHACCASA","09","HUANCAVELICA","13756657","12206257.54"
"2025","13","GOBIERNOS LOCALES","0101030101","MUNICIPALIDADES","0887","MUNICIPALIDAD DISTRITAL DE CHINCHO","09","HUANCAVELICA","5423013","4957351.91"
"2025","13","GOBIERNOS LOCALES","0101030101","MUNICIPALIDADES","0888","MUNICIPALIDAD DISTRITAL DE HUAYLLAY GRANDE","09","HUANCAVELICA","6619993","6272033.95"
"2025","13","GOBIERNOS LOCALES","0101030101","MUNICIPALIDADES","0889","MUNICIPALIDAD DISTRITAL DE HUANCA HUANCA","09","HUANCAVELICA","14663384","11800373.13"
"2025","13","GOBIERNOS LOCALES","0101030101","MUNICIPALIDADES","0890","MUNICIPALIDAD DISTRITAL DE JULCAMARCA","09","HUANCAVELICA","2825047","2176828.25"
"2025","13","GOBIERNOS LOCALES","0101030101","MUNICIPALIDADES","0891","MUNICIPALIDAD DISTRITAL DE SAN ANTONIO DE ANTAPARCO","09","HUANCAVELICA","10149090","9653045.57"
"2025","13","GOBIERNOS LOCALES","0101030101","MUNICIPALIDADES","0892","MUNICIPALIDAD DISTRITAL DE SANTO TOMAS DE PATA","09","HUANCAVELICA","5378169","4947872.73"
"2025","13","GOBIERNOS LOCALES","0101030101","MUNICIPALIDADES","0893","MUNICIPALIDAD DISTRITAL DE SECCLLA","09","HUANCAVELICA","8080832","7231300.45"
"2025","13","GOBIERNOS LOCALES","0101030101","MUNICIPALIDADES","0894","MUNICIPALIDAD PROVINCIAL DE CASTROVIRREYNA","09","HUANCAVELICA","20553374","16540857.67"
"2025","13","GOBIERNOS LOCALES","0101030101","MUNICIPALIDADES","0895","MUNICIPALIDAD DISTRITAL DE ARMA","09","HUANCAVELICA","5501989","2922529.84"
"2025","13","GOBIERNOS LOCALES","0101030101","MUNICIPALIDADES","0896","MUNICIPALIDAD DISTRITAL DE AURAHUA","09","HUANCAVELICA","2798660","2226237.4"
"2025","13","GOBIERNOS LOCALES","0101030101","MUNICIPALIDADES","0897","MUNICIPALIDAD DISTRITAL DE CAPILLAS","09","HUANCAVELICA","13344937","8529942.96"
"2025","13","GOBIERNOS LOCALES","0101030101","MUNICIPALIDADES","0898","MUNICIPALIDAD DISTRITAL DE COCAS","09","HUANCAVELICA","3155285","2664547.85"
"2025","13","GOBIERNOS LOCALES","0101030101","MUNICIPALIDADES","0899","MUNICIPALIDAD DISTRITAL DE CHUPAMARCA","09","HUANCAVELICA","3011810","1971872.02"
"2025","13","GOBIERNOS LOCALES","0101030101","MUNICIPALIDADES","0900","MUNICIPALIDAD DISTRITAL DE HUACHOS","09","HUANCAVELICA","7878320","3270722.29"
"2025","13","GOBIERNOS LOCALES","0101030101","MUNICIPALIDADES","0901","MUNICIPALIDAD DISTRITAL DE HUAMATAMBO","09","HUANCAVELICA","2133228","1704244.26"
"2025","13","GOBIERNOS LOCALES","0101030101","MUNICIPALIDADES","0902","MUNICIPALIDAD DISTRITAL DE MOLLEPAMPA","09","HUANCAVELICA","4160258","2995278.23"
"2025","13","GOBIERNOS LOCALES","0101030101","MUNICIPALIDADES","0903","MUNICIPALIDAD DISTRITAL DE SAN JUAN","09","HUANCAVELICA","3101256","2540670.72"
"2025","13","GOBIERNOS LOCALES","0101030101","MUNICIPALIDADES","0904","MUNICIPALIDAD DISTRITAL DE SANTA ANA","09","HUANCAVELICA","4099875","2337131.47"
"2025","13","GOBIERNOS LOCALES","0101030101","MUNICIPALIDADES","0905","MUNICIPALIDAD DISTRITAL DE TANTARA","09","HUANCAVELICA","2027906","1949606.44"
"2025","13","GOBIERNOS LOCALES","0101030101","MUNICIPALIDADES","0906","MUNICIPALIDAD DISTRITAL DE TICRAPO","09","HUANCAVELICA","3309420","2723998.61"
"2025","13","GOBIERNOS LOCALES","0101030101","MUNICIPALIDADES","0907","MUNICIPALIDAD PROVINCIAL DE TAYACAJA - PAMPAS","09","HUANCAVELICA","81148365","68067537.02"
"2025","13","GOBIERNOS LOCALES","0101030101","MUNICIPALIDADES","0908","MUNICIPALIDAD DISTRITAL DE ACOSTAMBO","09","HUANCAVELICA","16740212","12320988.66"
"2025","13","GOBIERNOS LOCALES","0101030101","MUNICIPALIDADES","0909","MUNICIPALIDAD DISTRITAL DE ACRAQUIA","09","HUANCAVELICA","20925222","11902458.39"
"2025","13","GOBIERNOS LOCALES","0101030101","MUNICIPALIDADES","0910","MUNICIPALIDAD DISTRITAL DE AHUAYCHA","09","HUANCAVELICA","5831870","5210400.69"
"2025","13","GOBIERNOS LOCALES","0101030101","MUNICIPALIDADES","0911","MUNICIPALIDAD DISTRITAL DE COLCABAMBA","09","HUANCAVELICA","27749744","23345046.82"
"2025","13","GOBIERNOS LOCALES","0101030101","MUNICIPALIDADES","0912","MUNICIPALIDAD DISTRITAL DANIEL HERNANDEZ","09","HUANCAVELICA","14781587","13435585.44"
"2025","13","GOBIERNOS LOCALES","0101030101","MUNICIPALIDADES","0913","MUNICIPALIDAD DISTRITAL DE HUACHOCOLPA","09","HUANCAVELICA","11048886","10045721.73"
"2025","13","GOBIERNOS LOCALES","0101030101","MUNICIPALIDADES","0914","MUNICIPALIDAD DISTRITAL DE HUARIBAMBA","09","HUANCAVELICA","8257294","7823549.02"
"2025","13","GOBIERNOS LOCALES","0101030101","MUNICIPALIDADES","0915","MUNICIPALIDAD DISTRITAL DE ÑAHUIMPUQUIO","09","HUANCAVELICA","6121505","5665024.02"
"2025","13","GOBIERNOS LOCALES","0101030101","MUNICIPALIDADES","0916","MUNICIPALIDAD DISTRITAL DE PAZOS","09","HUANCAVELICA","20340081","14482274.14"
"2025","13","GOBIERNOS LOCALES","0101030101","MUNICIPALIDADES","0917","MUNICIPALIDAD DISTRITAL DE QUISHUAR","09","HUANCAVELICA","2815416","2539744.91"
"2025","13","GOBIERNOS LOCALES","0101030101","MUNICIPALIDADES","0918","MUNICIPALIDAD DISTRITAL DE SALCABAMBA","09","HUANCAVELICA","14303375","12046698.85"
"2025","13","GOBIERNOS LOCALES","0101030101","MUNICIPALIDADES","0919","MUNICIPALIDAD DISTRITAL DE SAN MARCOS ROCCHAC","09","HUANCAVELICA","10503022","9780340.14"
"2025","13","GOBIERNOS LOCALES","0101030101","MUNICIPALIDADES","0920","MUNICIPALIDAD DISTRITAL DE SURCUBAMBA","09","HUANCAVELICA","44733033","24333015.27"
"2025","13","GOBIERNOS LOCALES","0101030101","MUNICIPALIDADES","0921","MUNICIPALIDAD DISTRITAL DE TINTAY PUNCU","09","HUANCAVELICA","9914211","6293170.11"
"2025","13","GOBIERNOS LOCALES","0101030101","MUNICIPALIDADES","0922","MUNICIPALIDAD DISTRITAL DE SALCAHUASI","09","HUANCAVELICA","4707467","4396328.09"
"2025","13","GOBIERNOS LOCALES","0101030101","MUNICIPALIDADES","0923","MUNICIPALIDAD DISTRITAL DE HUANDO","09","HUANCAVELICA","23601760","15145887.6"
"2025","13","GOBIERNOS LOCALES","0101030101","MUNICIPALIDADES","0924","MUNICIPALIDAD DISTRITAL DE PACHAMARCA","09","HUANCAVELICA","15572387","9174068.92"
"2025","13","GOBIERNOS LOCALES","0101030101","MUNICIPALIDADES","0925","MUNICIPALIDAD PROVINCIAL DE HUAYTARA","09","HUANCAVELICA","17096125","13880989.86"
"2025","13","GOBIERNOS LOCALES","0101030101","MUNICIPALIDADES","0926","MUNICIPALIDAD DISTRITAL DE AYAVI","09","HUANCAVELICA","4152046","3032407.85"
"2025","13","GOBIERNOS LOCALES","0101030101","MUNICIPALIDADES","0927","MUNICIPALIDAD DISTRITAL DE CORDOVA","09","HUANCAVELICA","3508372","2847328.91"
"2025","13","GOBIERNOS LOCALES","0101030101","MUNICIPALIDADES","0928","MUNICIPALIDAD DISTRITAL DE HUAYACUNDO ARMA","09","HUANCAVELICA","2249092","1193070.31"
"2025","13","GOBIERNOS LOCALES","0101030101","MUNICIPALIDADES","0929","MUNICIPALIDAD DISTRITAL DE LARAMARCA","09","HUANCAVELICA","2550558","1919544.83"
"2025","13","GOBIERNOS LOCALES","0101030101","MUNICIPALIDADES","0930","MUNICIPALIDAD DISTRITAL DE OCOYO","09","HUANCAVELICA","6749548","5800778.68"
"2025","13","GOBIERNOS LOCALES","0101030101","MUNICIPALIDADES","0931","MUNICIPALIDAD DISTRITAL DE PILPICHACA","09","HUANCAVELICA","8227445","6855816.47"
"2025","13","GOBIERNOS LOCALES","0101030101","MUNICIPALIDADES","0932","MUNICIPALIDAD DISTRITAL DE QUERCO","09","HUANCAVELICA","3216672","1878483.32"
"2025","13","GOBIERNOS LOCALES","0101030101","MUNICIPALIDADES","0933","MUNICIPALIDAD DISTRITAL DE QUITO ARMA","09","HUANCAVELICA","3068431","2362783.61"
"2025","13","GOBIERNOS LOCALES","0101030101","MUNICIPALIDADES","0934","MUNICIPALIDAD DISTRITAL DE SAN ANTONIO DE CUSICANCHA","09","HUANCAVELICA","5406866","3529002.88"
"2025","13","GOBIERNOS LOCALES","0101030101","MUNICIPALIDADES","0935","MUNICIPALIDAD DISTRITAL DE SAN FRANCISCO DE SANGAYAICO","09","HUANCAVELICA","7684222","5075282.06"
"2025","13","GOBIERNOS LOCALES","0101030101","MUNICIPALIDADES","0936","MUNICIPALIDAD DISTRITAL SAN ISIDRO","09","HUANCAVELICA","10597816","4262959.93"
"2025","13","GOBIERNOS LOCALES","0101030101","MUNICIPALIDADES","0937","MUNICIPALIDAD DISTRITAL DE SANTIAGO DE CHOCORVOS","09","HUANCAVELICA","5409288","4594861.59"
"2025","13","GOBIERNOS LOCALES","0101030101","MUNICIPALIDADES","0938","MUNICIPALIDAD DISTRITAL DE SANTIAGO DE QUIRAHUARA","09","HUANCAVELICA","4649848","4006823.42"
"2025","13","GOBIERNOS LOCALES","0101030101","MUNICIPALIDADES","0939","MUNICIPALIDAD DISTRITAL DE SANTO DOMINGO DE CAPILLAS","09","HUANCAVELICA","3805913","3360297.64"
"2025","13","GOBIERNOS LOCALES","0101030101","MUNICIPALIDADES","0940","MUNICIPALIDAD DISTRITAL DE TAMBO","09","HUANCAVELICA","5747094","3900171.52"
"2025","13","GOBIERNOS LOCALES","0101030101","MUNICIPALIDADES","0941","MUNICIPALIDAD PROVINCIAL DE CHURCAMPA","09","HUANCAVELICA","36691442","29663027.13"
"2025","13","GOBIERNOS LOCALES","0101030101","MUNICIPALIDADES","0942","MUNICIPALIDAD DISTRITAL DE ANCO","09","HUANCAVELICA","21195105","16478931.96"
"2025","13","GOBIERNOS LOCALES","0101030101","MUNICIPALIDADES","0943","MUNICIPALIDAD DISTRITAL DE CHINCHIHUASI","09","HUANCAVELICA","3807242","2812082.01"
"2025","13","GOBIERNOS LOCALES","0101030101","MUNICIPALIDADES","0944","MUNICIPALIDAD DISTRITAL DE EL CARMEN","09","HUANCAVELICA","13472245","8113628.15"
"2025","13","GOBIERNOS LOCALES","0101030101","MUNICIPALIDADES","0945","MUNICIPALIDAD DISTRITAL DE LOCROJA","09","HUANCAVELICA","9187453","5773818.75"
"2025","13","GOBIERNOS LOCALES","0101030101","MUNICIPALIDADES","0946","MUNICIPALIDAD DISTRITAL DE LA MERCED","09","HUANCAVELICA","2577299","2183197.2"
"2025","13","GOBIERNOS LOCALES","0101030101","MUNICIPALIDADES","0947","MUNICIPALIDAD DISTRITAL DE PAUCARBAMBA","09","HUANCAVELICA","11539884","10625139.72"
"2025","13","GOBIERNOS LOCALES","0101030101","MUNICIPALIDADES","0948","MUNICIPALIDAD DISTRITAL DE SAN MIGUEL DE MAYOCC","09","HUANCAVELICA","3325691","2536511.67"
"2025","13","GOBIERNOS LOCALES","0101030101","MUNICIPALIDADES","0949","MUNICIPALIDAD DISTRITAL DE SAN PEDRO DE CORIS","09","HUANCAVELICA","19072062","11810206.74"
"2025","13","GOBIERNOS LOCALES","0101030101","MUNICIPALIDADES","0950","MUNICIPALIDAD PROVINCIAL DE HUANUCO","10","HUANUCO","101277725","95002699.32"
"2025","13","GOBIERNOS LOCALES","0101030101","MUNICIPALIDADES","0951","MUNICIPALIDAD DISTRITAL DE AMARILIS","10","HUANUCO","43217001","40338048.8"
"2025","13","GOBIERNOS LOCALES","0101030101","MUNICIPALIDADES","0952","MUNICIPALIDAD DISTRITAL DE CHINCHAO","10","HUANUCO","23159753","17385675.43"
"2025","13","GOBIERNOS LOCALES","0101030101","MUNICIPALIDADES","0953","MUNICIPALIDAD DISTRITAL DE CHURUBAMBA","10","HUANUCO","34728046","22373993.43"
"2025","13","GOBIERNOS LOCALES","0101030101","MUNICIPALIDADES","0954","MUNICIPALIDAD DISTRITAL DE MARGOS","10","HUANUCO","12272663","10925187.6"
"2025","13","GOBIERNOS LOCALES","0101030101","MUNICIPALIDADES","0955","MUNICIPALIDAD DISTRITAL DE QUISQUI","10","HUANUCO","10513323","8034098.6"
"2025","13","GOBIERNOS LOCALES","0101030101","MUNICIPALIDADES","0956","MUNICIPALIDAD DISTRITAL DE SAN FRANCISCO DE CAYRAN","10","HUANUCO","13659449","9367874.95"
"2025","13","GOBIERNOS LOCALES","0101030101","MUNICIPALIDADES","0957","MUNICIPALIDAD DISTRITAL DE SAN PEDRO DE CHAULAN","10","HUANUCO","7003384","4532788.63"
"2025","13","GOBIERNOS LOCALES","0101030101","MUNICIPALIDADES","0958","MUNICIPALIDAD DISTRITAL DE SANTA MARIA DEL VALLE","10","HUANUCO","39594548","35918102.57"
"2025","13","GOBIERNOS LOCALES","0101030101","MUNICIPALIDADES","0959","MUNICIPALIDAD DISTRITAL DE YARUMAYO","10","HUANUCO","6365796","5988040.36"
"2025","13","GOBIERNOS LOCALES","0101030101","MUNICIPALIDADES","0960","MUNICIPALIDAD PROVINCIAL DE AMBO","10","HUANUCO","46183732","29804756.27"
"2025","13","GOBIERNOS LOCALES","0101030101","MUNICIPALIDADES","0961","MUNICIPALIDAD DISTRITAL DE CAYNA","10","HUANUCO","6771614","6298469.65"
"2025","13","GOBIERNOS LOCALES","0101030101","MUNICIPALIDADES","0962","MUNICIPALIDAD DISTRITAL DE COLPAS","10","HUANUCO","5204334","5083830.17"
"2025","13","GOBIERNOS LOCALES","0101030101","MUNICIPALIDADES","0963","MUNICIPALIDAD DISTRITAL DE CONCHAMARCA","10","HUANUCO","7307393","5796957.39"
"2025","13","GOBIERNOS LOCALES","0101030101","MUNICIPALIDADES","0964","MUNICIPALIDAD DISTRITAL DE HUACAR","10","HUANUCO","27944734","26472160.12"
"2025","13","GOBIERNOS LOCALES","0101030101","MUNICIPALIDADES","0965","MUNICIPALIDAD DISTRITAL DE SAN FRANCISCO","10","HUANUCO","10956792","9136383.84"
"2025","13","GOBIERNOS LOCALES","0101030101","MUNICIPALIDADES","0966","MUNICIPALIDAD DISTRITAL DE SAN RAFAEL","10","HUANUCO","19904059","17428970.73"
"2025","13","GOBIERNOS LOCALES","0101030101","MUNICIPALIDADES","0967","MUNICIPALIDAD DISTRITAL DE TOMAY KICHWA","10","HUANUCO","6819859","5676606.89"
"2025","13","GOBIERNOS LOCALES","0101030101","MUNICIPALIDADES","0968","MUNICIPALIDAD PROVINCIAL DE DOS DE MAYO - LA UNION","10","HUANUCO","38874834","34002845.36"
"2025","13","GOBIERNOS LOCALES","0101030101","MUNICIPALIDADES","0969","MUNICIPALIDAD DISTRITAL DE CHUQUIS","10","HUANUCO","7135234","6429896.03"
"2025","13","GOBIERNOS LOCALES","0101030101","MUNICIPALIDADES","0970","MUNICIPALIDAD DISTRITAL DE MARIAS","10","HUANUCO","15120700","11694501.49"
"2025","13","GOBIERNOS LOCALES","0101030101","MUNICIPALIDADES","0971","MUNICIPALIDAD DISTRITAL DE PACHAS","10","HUANUCO","16759124","15466885.17"
"2025","13","GOBIERNOS LOCALES","0101030101","MUNICIPALIDADES","0972","MUNICIPALIDAD DISTRITAL DE QUIVILLA","10","HUANUCO","4017558","2817539"
"2025","13","GOBIERNOS LOCALES","0101030101","MUNICIPALIDADES","0973","MUNICIPALIDAD DISTRITAL DE RIPAN","10","HUANUCO","9141955","3839377.75"
"2025","13","GOBIERNOS LOCALES","0101030101","MUNICIPALIDADES","0974","MUNICIPALIDAD DISTRITAL DE SHUNQUI","10","HUANUCO","2315346","1850690.96"
"2025","13","GOBIERNOS LOCALES","0101030101","MUNICIPALIDADES","0975","MUNICIPALIDAD DISTRITAL DE SILLAPATA","10","HUANUCO","3923704","2947846.56"
"2025","13","GOBIERNOS LOCALES","0101030101","MUNICIPALIDADES","0976","MUNICIPALIDAD DISTRITAL DE YANAS","10","HUANUCO","9636114","3694107.25"
"2025","13","GOBIERNOS LOCALES","0101030101","MUNICIPALIDADES","0977","MUNICIPALIDAD PROVINCIAL DE HUAMALIES - LLATA","10","HUANUCO","29390463","24787430.84"
"2025","13","GOBIERNOS LOCALES","0101030101","MUNICIPALIDADES","0978","MUNICIPALIDAD DISTRITAL DE ARANCAY","10","HUANUCO","3040672","2808284.42"
"2025","13","GOBIERNOS LOCALES","0101030101","MUNICIPALIDADES","0979","MUNICIPALIDAD DISTRITAL DE CHAVIN DE PARIARCA","10","HUANUCO","13274260","8549992.1"
"2025","13","GOBIERNOS LOCALES","0101030101","MUNICIPALIDADES","0980","MUNICIPALIDAD DISTRITAL DE JACAS GRANDE","10","HUANUCO","7607317","6456108.09"
"2025","13","GOBIERNOS LOCALES","0101030101","MUNICIPALIDADES","0981","MUNICIPALIDAD DISTRITAL DE JIRCAN","10","HUANUCO","2405599","2223777.02"
"2025","13","GOBIERNOS LOCALES","0101030101","MUNICIPALIDADES","0982","MUNICIPALIDAD DISTRITAL DE MIRAFLORES","10","HUANUCO","7568177","4845812.58"
"2025","13","GOBIERNOS LOCALES","0101030101","MUNICIPALIDADES","0983","MUNICIPALIDAD DISTRITAL DE MONZON","10","HUANUCO","12789227","10108763.84"
"2025","13","GOBIERNOS LOCALES","0101030101","MUNICIPALIDADES","0984","MUNICIPALIDAD DISTRITAL DE PUNCHAO","10","HUANUCO","7252287","7078916.85"
"2025","13","GOBIERNOS LOCALES","0101030101","MUNICIPALIDADES","0985","MUNICIPALIDAD DISTRITAL DE PUÑOS","10","HUANUCO","5314717","4803856.38"
"2025","13","GOBIERNOS LOCALES","0101030101","MUNICIPALIDADES","0986","MUNICIPALIDAD DISTRITAL DE SINGA","10","HUANUCO","15484858","11487595.82"
"2025","13","GOBIERNOS LOCALES","0101030101","MUNICIPALIDADES","0987","MUNICIPALIDAD DISTRITAL DE TANTAMAYO","10","HUANUCO","8668100","8306587.15"
"2025","13","GOBIERNOS LOCALES","0101030101","MUNICIPALIDADES","0988","MUNICIPALIDAD PROVINCIAL DE LEONCIO PRADO - RUPA RUPA","10","HUANUCO","60761694","54880136.2"
"2025","13","GOBIERNOS LOCALES","0101030101","MUNICIPALIDADES","0989","MUNICIPALIDAD DISTRITAL DE DANIEL ALOMIA ROBLES","10","HUANUCO","14193006","13299172.1"
"2025","13","GOBIERNOS LOCALES","0101030101","MUNICIPALIDADES","0990","MUNICIPALIDAD DISTRITAL DE HERMILIO VALDIZAN","10","HUANUCO","8489965","5934250.92"
"2025","13","GOBIERNOS LOCALES","0101030101","MUNICIPALIDADES","0991","MUNICIPALIDAD DISTRITAL DE CRESPO Y CASTILLO","10","HUANUCO","16583631","14399809.63"
"2025","13","GOBIERNOS LOCALES","0101030101","MUNICIPALIDADES","0992","MUNICIPALIDAD DISTRITAL DE LUYANDO","10","HUANUCO","12321409","10753027.35"
"2025","13","GOBIERNOS LOCALES","0101030101","MUNICIPALIDADES","0993","MUNICIPALIDAD DISTRITAL DE MARIANO DAMASO BERAUN","10","HUANUCO","10001482","9768156.24"
"2025","13","GOBIERNOS LOCALES","0101030101","MUNICIPALIDADES","0995","MUNICIPALIDAD PROVINCIAL DE MARAÑON - HUACRACHUCO","10","HUANUCO","36973402","30417701.55"
"2025","13","GOBIERNOS LOCALES","0101030101","MUNICIPALIDADES","0996","MUNICIPALIDAD DISTRITAL DE CHOLON","10","HUANUCO","18781095","13082064.14"
"2025","13","GOBIERNOS LOCALES","0101030101","MUNICIPALIDADES","0997","MUNICIPALIDAD DISTRITAL DE SAN BUENAVENTURA","10","HUANUCO","11731883","6896344.04"
"2025","13","GOBIERNOS LOCALES","0101030101","MUNICIPALIDADES","0998","MUNICIPALIDAD PROVINCIAL DE PACHITEA - PANAO","10","HUANUCO","52230224","41579326.82"
"2025","13","GOBIERNOS LOCALES","0101030101","MUNICIPALIDADES","0999","MUNICIPALIDAD DISTRITAL DE CHAGLLA","10","HUANUCO","19235474","17624417.52"
"2025","13","GOBIERNOS LOCALES","0101030101","MUNICIPALIDADES","1000","MUNICIPALIDAD DISTRITAL DE MOLINOS","10","HUANUCO","15992270","8384771.59"
"2025","13","GOBIERNOS LOCALES","0101030101","MUNICIPALIDADES","1001","MUNICIPALIDAD DISTRITAL DE UMARI","10","HUANUCO","44525601","36738891.57"
"2025","13","GOBIERNOS LOCALES","0101030101","MUNICIPALIDADES","1002","MUNICIPALIDAD PROVINCIAL DE PUERTO INCA","10","HUANUCO","31870670","24273764.33"
"2025","13","GOBIERNOS LOCALES","0101030101","MUNICIPALIDADES","1003","MUNICIPALIDAD DISTRITAL DE CODO DE POZUZO","10","HUANUCO","14181615","10830411.23"
"2025","13","GOBIERNOS LOCALES","0101030101","MUNICIPALIDADES","1004","MUNICIPALIDAD DISTRITAL DE HONORIA","10","HUANUCO","14466256","8490225.02"
"2025","13","GOBIERNOS LOCALES","0101030101","MUNICIPALIDADES","1005","MUNICIPALIDAD DISTRITAL DE TOURNAVISTA","10","HUANUCO","21290723","11520395.45"
"2025","13","GOBIERNOS LOCALES","0101030101","MUNICIPALIDADES","1006","MUNICIPALIDAD DISTRITAL DE YUYAPICHIS","10","HUANUCO","25105836","16450114.26"
"2025","13","GOBIERNOS LOCALES","0101030101","MUNICIPALIDADES","1007","MUNICIPALIDAD PROVINCIAL DE LAURICOCHA - JESUS","10","HUANUCO","56333586","50252331.21"
"2025","13","GOBIERNOS LOCALES","0101030101","MUNICIPALIDADES","1008","MUNICIPALIDAD DISTRITAL DE BAÑOS","10","HUANUCO","4420691","3735641.42"
"2025","13","GOBIERNOS LOCALES","0101030101","MUNICIPALIDADES","1009","MUNICIPALIDAD DISTRITAL DE JIVIA","10","HUANUCO","13039315","10149399.14"
"2025","13","GOBIERNOS LOCALES","0101030101","MUNICIPALIDADES","1010","MUNICIPALIDAD DISTRITAL DE QUEROPALCA","10","HUANUCO","3000914","2021087.16"
"2025","13","GOBIERNOS LOCALES","0101030101","MUNICIPALIDADES","1011","MUNICIPALIDAD DISTRITAL DE RONDOS","10","HUANUCO","13635233","8560875.95"
"2025","13","GOBIERNOS LOCALES","0101030101","MUNICIPALIDADES","1012","MUNICIPALIDAD DISTRITAL DE SAN FRANCISCO DE ASIS","10","HUANUCO","3463287","2576625.33"
"2025","13","GOBIERNOS LOCALES","0101030101","MUNICIPALIDADES","1013","MUNICIPALIDAD DISTRITAL DE SAN MIGUEL DE CAURI","10","HUANUCO","16766473","9468961.21"
"2025","13","GOBIERNOS LOCALES","0101030101","MUNICIPALIDADES","1014","MUNICIPALIDAD PROVINCIAL DE YAROWILCA - CHAVINILLO","10","HUANUCO","20740598","18031166.09"
"2025","13","GOBIERNOS LOCALES","0101030101","MUNICIPALIDADES","1015","MUNICIPALIDAD DISTRITAL DE CAHUAC","10","HUANUCO","3707704","3272994.53"
"2025","13","GOBIERNOS LOCALES","0101030101","MUNICIPALIDADES","1016","MUNICIPALIDAD DISTRITAL DE CHACABAMBA","10","HUANUCO","4514153","3646035"
"2025","13","GOBIERNOS LOCALES","0101030101","MUNICIPALIDADES","1017","MUNICIPALIDAD DISTRITAL DE APARICIO POMARES","10","HUANUCO","30227000","27739721.73"
"2025","13","GOBIERNOS LOCALES","0101030101","MUNICIPALIDADES","1018","MUNICIPALIDAD DISTRITAL DE JACAS CHICO","10","HUANUCO","5737838","2696238.23"
"2025","13","GOBIERNOS LOCALES","0101030101","MUNICIPALIDADES","1019","MUNICIPALIDAD DISTRITAL DE OBAS","10","HUANUCO","5327119","4426220.37"
"2025","13","GOBIERNOS LOCALES","0101030101","MUNICIPALIDADES","1020","MUNICIPALIDAD DISTRITAL DE PAMPAMARCA","10","HUANUCO","2944674","2795023.56"
"2025","13","GOBIERNOS LOCALES","0101030101","MUNICIPALIDADES","1021","MUNICIPALIDAD PROVINCIAL DE HUACAYBAMBA","10","HUANUCO","16550190","10134413.81"
"2025","13","GOBIERNOS LOCALES","0101030101","MUNICIPALIDADES","1022","MUNICIPALIDAD DISTRITAL DE CANCHABAMBA","10","HUANUCO","4585679","3556974.56"
"2025","13","GOBIERNOS LOCALES","0101030101","MUNICIPALIDADES","1023","MUNICIPALIDAD DISTRITAL DE COCHABAMBA","10","HUANUCO","2469494","1845266.57"
"2025","13","GOBIERNOS LOCALES","0101030101","MUNICIPALIDADES","1024","MUNICIPALIDAD DISTRITAL DE PINRA","10","HUANUCO","11068860","9526058.47"
"2025","13","GOBIERNOS LOCALES","0101030101","MUNICIPALIDADES","1025","MUNICIPALIDAD PROVINCIAL DE ICA","11","ICA","246719720","165735832.31"
"2025","13","GOBIERNOS LOCALES","0101030101","MUNICIPALIDADES","1026","MUNICIPALIDAD DISTRITAL DE TINGUIÑA","11","ICA","39445795","32940819.87"
"2025","13","GOBIERNOS LOCALES","0101030101","MUNICIPALIDADES","1027","MUNICIPALIDAD DISTRITAL DE LOS AQUIJES","11","ICA","34384453","22820298.54"
"2025","13","GOBIERNOS LOCALES","0101030101","MUNICIPALIDADES","1028","MUNICIPALIDAD DISTRITAL DE PACHACUTEC","11","ICA","6665372","5092620.3"
"2025","13","GOBIERNOS LOCALES","0101030101","MUNICIPALIDADES","1029","MUNICIPALIDAD DISTRITAL DE PARCONA","11","ICA","43577612","41059639.85"
"2025","13","GOBIERNOS LOCALES","0101030101","MUNICIPALIDADES","1030","MUNICIPALIDAD DISTRITAL DE PUEBLO NUEVO","11","ICA","10411863","7975530.82"
"2025","13","GOBIERNOS LOCALES","0101030101","MUNICIPALIDADES","1031","MUNICIPALIDAD DISTRITAL DE SALAS","11","ICA","59115446","40311569.03"
"2025","13","GOBIERNOS LOCALES","0101030101","MUNICIPALIDADES","1032","MUNICIPALIDAD DISTRITAL DE SAN JOSE DE LOS MOLINOS","11","ICA","7973005","6837563.9"
"2025","13","GOBIERNOS LOCALES","0101030101","MUNICIPALIDADES","1033","MUNICIPALIDAD DISTRITAL DE SAN JUAN BAUTISTA","11","ICA","14168405","11876752.28"
"2025","13","GOBIERNOS LOCALES","0101030101","MUNICIPALIDADES","1034","MUNICIPALIDAD DISTRITAL DE SANTIAGO","11","ICA","39868568","25826274.04"
"2025","13","GOBIERNOS LOCALES","0101030101","MUNICIPALIDADES","1035","MUNICIPALIDAD DISTRITAL DE SUBTANJALLA","11","ICA","36104234","31116076.82"
"2025","13","GOBIERNOS LOCALES","0101030101","MUNICIPALIDADES","1036","MUNICIPALIDAD DISTRITAL DE TATE","11","ICA","5878636","4323631.68"
"2025","13","GOBIERNOS LOCALES","0101030101","MUNICIPALIDADES","1037","MUNICIPALIDAD DISTRITAL DE YAUCA DEL ROSARIO","11","ICA","5257376","4738433.61"
"2025","13","GOBIERNOS LOCALES","0101030101","MUNICIPALIDADES","1038","MUNICIPALIDAD DISTRITAL DE OCUCAJE","11","ICA","12768574","11884365.19"
"2025","13","GOBIERNOS LOCALES","0101030101","MUNICIPALIDADES","1039","MUNICIPALIDAD PROVINCIAL DE CHINCHA - CHINCHA ALTA","11","ICA","144850727","121318033.25"
"2025","13","GOBIERNOS LOCALES","0101030101","MUNICIPALIDADES","1040","MUNICIPALIDAD DISTRITAL DE ALTO LARAN","11","ICA","18919657","11835720.58"
"2025","13","GOBIERNOS LOCALES","0101030101","MUNICIPALIDADES","1041","MUNICIPALIDAD DISTRITAL DE CHAVIN","11","ICA","34021072","16445642.46"
"2025","13","GOBIERNOS LOCALES","0101030101","MUNICIPALIDADES","1042","MUNICIPALIDAD DISTRITAL DE CHINCHA BAJA","11","ICA","20809445","13724281.39"
"2025","13","GOBIERNOS LOCALES","0101030101","MUNICIPALIDADES","1043","MUNICIPALIDAD DISTRITAL DE EL CARMEN","11","ICA","21033501","18025964.55"
"2025","13","GOBIERNOS LOCALES","0101030101","MUNICIPALIDADES","1044","MUNICIPALIDAD DISTRITAL DE GROCIO PRADO","11","ICA","26654901","24612063.44"
"2025","13","GOBIERNOS LOCALES","0101030101","MUNICIPALIDADES","1045","MUNICIPALIDAD DISTRITAL DE PUEBLO NUEVO","11","ICA","89778149","73394521.43"
"2025","13","GOBIERNOS LOCALES","0101030101","MUNICIPALIDADES","1046","MUNICIPALIDAD DISTRITAL DE SAN JUAN DE YANAC","11","ICA","10110328","7548126.26"
"2025","13","GOBIERNOS LOCALES","0101030101","MUNICIPALIDADES","1047","MUNICIPALIDAD DISTRITAL DE SAN PEDRO DE HUACARPANA","11","ICA","4534121","4371428.2"
"2025","13","GOBIERNOS LOCALES","0101030101","MUNICIPALIDADES","1048","MUNICIPALIDAD DISTRITAL DE SUNAMPE","11","ICA","28799246","21801447.4"
"2025","13","GOBIERNOS LOCALES","0101030101","MUNICIPALIDADES","1049","MUNICIPALIDAD DISTRITAL DE TAMBO DE MORA","11","ICA","9656142","8794425.97"
"2025","13","GOBIERNOS LOCALES","0101030101","MUNICIPALIDADES","1050","MUNICIPALIDAD PROVINCIAL DE NAZCA","11","ICA","135770555","128099532.33"
"2025","13","GOBIERNOS LOCALES","0101030101","MUNICIPALIDADES","1051","MUNICIPALIDAD DISTRITAL DE CHANGUILLO","11","ICA","18871212","16547845.41"
"2025","13","GOBIERNOS LOCALES","0101030101","MUNICIPALIDADES","1052","MUNICIPALIDAD DISTRITAL DE EL INGENIO","11","ICA","30006989","18488785.13"
"2025","13","GOBIERNOS LOCALES","0101030101","MUNICIPALIDADES","1053","MUNICIPALIDAD DISTRITAL DE MARCONA","11","ICA","328222035","144329098.09"
"2025","13","GOBIERNOS LOCALES","0101030101","MUNICIPALIDADES","1054","MUNICIPALIDAD DISTRITAL DE VISTA ALEGRE","11","ICA","197912976","172216902.9"
"2025","13","GOBIERNOS LOCALES","0101030101","MUNICIPALIDADES","1055","MUNICIPALIDAD PROVINCIAL DE PALPA","11","ICA","21305781","14767733.87"
"2025","13","GOBIERNOS LOCALES","0101030101","MUNICIPALIDADES","1056","MUNICIPALIDAD DISTRITAL DE LLIPATA","11","ICA","2900898","2705322.49"
"2025","13","GOBIERNOS LOCALES","0101030101","MUNICIPALIDADES","1057","MUNICIPALIDAD DISTRITAL DE RIO GRANDE","11","ICA","8337540","4959680.29"
"2025","13","GOBIERNOS LOCALES","0101030101","MUNICIPALIDADES","1058","MUNICIPALIDAD DISTRITAL DE SANTA CRUZ","11","ICA","4000482","3850370.28"
"2025","13","GOBIERNOS LOCALES","0101030101","MUNICIPALIDADES","1059","MUNICIPALIDAD DISTRITAL DE TIBILLO","11","ICA","3555868","3381628.41"
"2025","13","GOBIERNOS LOCALES","0101030101","MUNICIPALIDADES","1060","MUNICIPALIDAD PROVINCIAL DE PISCO","11","ICA","171836048","103397010.54"
"2025","13","GOBIERNOS LOCALES","0101030101","MUNICIPALIDADES","1061","MUNICIPALIDAD DISTRITAL DE HUANCANO","11","ICA","13787498","9674503.07"
"2025","13","GOBIERNOS LOCALES","0101030101","MUNICIPALIDADES","1062","MUNICIPALIDAD DISTRITAL DE HUMAY","11","ICA","22751160","12743702.66"
"2025","13","GOBIERNOS LOCALES","0101030101","MUNICIPALIDADES","1063","MUNICIPALIDAD DISTRITAL DE INDEPENDENCIA","11","ICA","21712350","17925494.96"
"2025","13","GOBIERNOS LOCALES","0101030101","MUNICIPALIDADES","1064","MUNICIPALIDAD DISTRITAL DE PARACAS","11","ICA","51625831","38901746.85"
"2025","13","GOBIERNOS LOCALES","0101030101","MUNICIPALIDADES","1065","MUNICIPALIDAD DISTRITAL DE SAN ANDRES","11","ICA","21679408","18153177.61"
"2025","13","GOBIERNOS LOCALES","0101030101","MUNICIPALIDADES","1066","MUNICIPALIDAD DISTRITAL DE SAN CLEMENTE","11","ICA","31162351","22705443.43"
"2025","13","GOBIERNOS LOCALES","0101030101","MUNICIPALIDADES","1067","MUNICIPALIDAD DISTRITAL DE TUPAC AMARU INCA","11","ICA","23521474","14914787.72"
"2025","13","GOBIERNOS LOCALES","0101030101","MUNICIPALIDADES","1068","MUNICIPALIDAD PROVINCIAL DE HUANCAYO","12","JUNIN","180226799","169147029.97"
"2025","13","GOBIERNOS LOCALES","0101030101","MUNICIPALIDADES","1069","MUNICIPALIDAD DISTRITAL DE CARHUACALLANGA","12","JUNIN","6196482","6005252.59"
"2025","13","GOBIERNOS LOCALES","0101030101","MUNICIPALIDADES","1070","MUNICIPALIDAD DISTRITAL DE CHACAPAMPA","12","JUNIN","1901259","1712750.92"
"2025","13","GOBIERNOS LOCALES","0101030101","MUNICIPALIDADES","1071","MUNICIPALIDAD DISTRITAL DE CHICCHE","12","JUNIN","2909519","2805199.55"
"2025","13","GOBIERNOS LOCALES","0101030101","MUNICIPALIDADES","1072","MUNICIPALIDAD DISTRITAL DE CHILCA","12","JUNIN","53376513","45361656.55"
"2025","13","GOBIERNOS LOCALES","0101030101","MUNICIPALIDADES","1073","MUNICIPALIDAD DISTRITAL DE CHONGOS ALTO","12","JUNIN","18005201","12262406.87"
"2025","13","GOBIERNOS LOCALES","0101030101","MUNICIPALIDADES","1074","MUNICIPALIDAD DISTRITAL DE CHUPURO","12","JUNIN","2248205","2037420.63"
"2025","13","GOBIERNOS LOCALES","0101030101","MUNICIPALIDADES","1075","MUNICIPALIDAD DISTRITAL DE COLCA","12","JUNIN","4064459","2735222.02"
"2025","13","GOBIERNOS LOCALES","0101030101","MUNICIPALIDADES","1076","MUNICIPALIDAD DISTRITAL DE CULLHUAS","12","JUNIN","2136004","1998728.98"
"2025","13","GOBIERNOS LOCALES","0101030101","MUNICIPALIDADES","1077","MUNICIPALIDAD DISTRITAL DE EL TAMBO","12","JUNIN","82158741","73808761.34"
"2025","13","GOBIERNOS LOCALES","0101030101","MUNICIPALIDADES","1078","MUNICIPALIDAD DISTRITAL DE HUACRAPUQUIO","12","JUNIN","2962694","2139822.36"
"2025","13","GOBIERNOS LOCALES","0101030101","MUNICIPALIDADES","1079","MUNICIPALIDAD DISTRITAL DE HUALHUAS","12","JUNIN","5139719","4501427.18"
"2025","13","GOBIERNOS LOCALES","0101030101","MUNICIPALIDADES","1080","MUNICIPALIDAD DISTRITAL DE HUANCAN","12","JUNIN","22129529","16246259.2"
"2025","13","GOBIERNOS LOCALES","0101030101","MUNICIPALIDADES","1081","MUNICIPALIDAD DISTRITAL DE HUASICANCHA","12","JUNIN","24123507","15554829.63"
"2025","13","GOBIERNOS LOCALES","0101030101","MUNICIPALIDADES","1082","MUNICIPALIDAD DISTRITAL DE HUAYUCACHI","12","JUNIN","15401022","14668969.96"
"2025","13","GOBIERNOS LOCALES","0101030101","MUNICIPALIDADES","1083","MUNICIPALIDAD DISTRITAL DE INGENIO","12","JUNIN","9317773","9131400.64"
"2025","13","GOBIERNOS LOCALES","0101030101","MUNICIPALIDADES","1084","MUNICIPALIDAD DISTRITAL DE PARIAHUANCA","12","JUNIN","5809332","3998946.59"
"2025","13","GOBIERNOS LOCALES","0101030101","MUNICIPALIDADES","1085","MUNICIPALIDAD DISTRITAL DE PILCOMAYO","12","JUNIN","13348338","11157850.58"
"2025","13","GOBIERNOS LOCALES","0101030101","MUNICIPALIDADES","1086","MUNICIPALIDAD DISTRITAL DE PUCARA","12","JUNIN","6184681","5289797.35"
"2025","13","GOBIERNOS LOCALES","0101030101","MUNICIPALIDADES","1087","MUNICIPALIDAD DISTRITAL DE QUICHUAY","12","JUNIN","2178799","2041640.56"
"2025","13","GOBIERNOS LOCALES","0101030101","MUNICIPALIDADES","1088","MUNICIPALIDAD DISTRITAL DE QUILCAS","12","JUNIN","9657870","6494176.92"
"2025","13","GOBIERNOS LOCALES","0101030101","MUNICIPALIDADES","1089","MUNICIPALIDAD DISTRITAL DE SAN AGUSTIN","12","JUNIN","13269060","9248578.16"
"2025","13","GOBIERNOS LOCALES","0101030101","MUNICIPALIDADES","1090","MUNICIPALIDAD DISTRITAL DE SAN JERONIMO DE TUNAN","12","JUNIN","8631446","6676007.65"
"2025","13","GOBIERNOS LOCALES","0101030101","MUNICIPALIDADES","1091","MUNICIPALIDAD DISTRITAL DE SANTO DOMINGO DE ACOBAMBA","12","JUNIN","7936238","5436790.3"
"2025","13","GOBIERNOS LOCALES","0101030101","MUNICIPALIDADES","1092","MUNICIPALIDAD DISTRITAL DE SAÑO","12","JUNIN","4646055","3204876.6"
"2025","13","GOBIERNOS LOCALES","0101030101","MUNICIPALIDADES","1093","MUNICIPALIDAD DISTRITAL DE SAPALLANGA","12","JUNIN","21452468","16359082.46"
"2025","13","GOBIERNOS LOCALES","0101030101","MUNICIPALIDADES","1094","MUNICIPALIDAD DISTRITAL DE SICAYA","12","JUNIN","25678838","23477235.23"
"2025","13","GOBIERNOS LOCALES","0101030101","MUNICIPALIDADES","1095","MUNICIPALIDAD DISTRITAL DE VIQUES","12","JUNIN","4734551","4404885.46"
"2025","13","GOBIERNOS LOCALES","0101030101","MUNICIPALIDADES","1096","MUNICIPALIDAD PROVINCIAL DE CONCEPCION","12","JUNIN","30276436","25420954.8"
"2025","13","GOBIERNOS LOCALES","0101030101","MUNICIPALIDADES","1097","MUNICIPALIDAD DISTRITAL DE ACO","12","JUNIN","3109907","2825378.9"
"2025","13","GOBIERNOS LOCALES","0101030101","MUNICIPALIDADES","1098","MUNICIPALIDAD DISTRITAL DE ANDAMARCA","12","JUNIN","5561248","3166817"
"2025","13","GOBIERNOS LOCALES","0101030101","MUNICIPALIDADES","1099","MUNICIPALIDAD DISTRITAL DE COCHAS","12","JUNIN","5507119","4696520.24"
"2025","13","GOBIERNOS LOCALES","0101030101","MUNICIPALIDADES","1100","MUNICIPALIDAD DISTRITAL DE COMAS","12","JUNIN","14399054","7969449.69"
"2025","13","GOBIERNOS LOCALES","0101030101","MUNICIPALIDADES","1101","MUNICIPALIDAD DISTRITAL DE CHAMBARA","12","JUNIN","3007297","2559180.94"
"2025","13","GOBIERNOS LOCALES","0101030101","MUNICIPALIDADES","1102","MUNICIPALIDAD DISTRITAL DE HEROINAS TOLEDO","12","JUNIN","2159233","1345574.16"
"2025","13","GOBIERNOS LOCALES","0101030101","MUNICIPALIDADES","1103","MUNICIPALIDAD DISTRITAL DE MANZANARES","12","JUNIN","8576502","2489616.05"
"2025","13","GOBIERNOS LOCALES","0101030101","MUNICIPALIDADES","1104","MUNICIPALIDAD DISTRITAL DE MARISCAL CASTILLA","12","JUNIN","4005967","3312787.6"
"2025","13","GOBIERNOS LOCALES","0101030101","MUNICIPALIDADES","1105","MUNICIPALIDAD DISTRITAL DE MATAHUASI","12","JUNIN","4728796","4264652.03"
"2025","13","GOBIERNOS LOCALES","0101030101","MUNICIPALIDADES","1106","MUNICIPALIDAD DISTRITAL DE MITO","12","JUNIN","2222113","1965442.67"
"2025","13","GOBIERNOS LOCALES","0101030101","MUNICIPALIDADES","1107","MUNICIPALIDAD DISTRITAL DE NUEVE DE JULIO","12","JUNIN","4032306","3918627.82"
"2025","13","GOBIERNOS LOCALES","0101030101","MUNICIPALIDADES","1108","MUNICIPALIDAD DISTRITAL DE ORCOTUNA","12","JUNIN","5636627","5587319.6"
"2025","13","GOBIERNOS LOCALES","0101030101","MUNICIPALIDADES","1109","MUNICIPALIDAD DISTRITAL DE SAN JOSE DE QUERO","12","JUNIN","6620649","5653396.24"
"2025","13","GOBIERNOS LOCALES","0101030101","MUNICIPALIDADES","1110","MUNICIPALIDAD DISTRITAL DE SANTA ROSA DE OCOPA","12","JUNIN","4602627","2625028.72"
"2025","13","GOBIERNOS LOCALES","0101030101","MUNICIPALIDADES","1111","MUNICIPALIDAD PROVINCIAL DE CHANCHAMAYO","12","JUNIN","80874003","50195560.22"
"2025","13","GOBIERNOS LOCALES","0101030101","MUNICIPALIDADES","1112","MUNICIPALIDAD DISTRITAL DE SAN RAMON","12","JUNIN","21058006","16756763.95"
"2025","13","GOBIERNOS LOCALES","0101030101","MUNICIPALIDADES","1113","MUNICIPALIDAD DISTRITAL DE SAN LUIS DE SHUARO","12","JUNIN","7709869","6057476.26"
"2025","13","GOBIERNOS LOCALES","0101030101","MUNICIPALIDADES","1114","MUNICIPALIDAD DISTRITAL DE VITOC","12","JUNIN","4315988","3139580.22"
"2025","13","GOBIERNOS LOCALES","0101030101","MUNICIPALIDADES","1115","MUNICIPALIDAD DISTRITAL DE PICHANAQUI","12","JUNIN","46553357","38899673.8"
"2025","13","GOBIERNOS LOCALES","0101030101","MUNICIPALIDADES","1116","MUNICIPALIDAD DISTRITAL DE PERENE","12","JUNIN","49465787","43502080.42"
"2025","13","GOBIERNOS LOCALES","0101030101","MUNICIPALIDADES","1117","MUNICIPALIDAD PROVINCIAL DE JAUJA","12","JUNIN","31617101","24275396.01"
"2025","13","GOBIERNOS LOCALES","0101030101","MUNICIPALIDADES","1118","MUNICIPALIDAD DISTRITAL DE ACOLLA","12","JUNIN","5952330","3916567.3"
"2025","13","GOBIERNOS LOCALES","0101030101","MUNICIPALIDADES","1119","MUNICIPALIDAD DISTRITAL DE APATA","12","JUNIN","9842827","8634225.38"
"2025","13","GOBIERNOS LOCALES","0101030101","MUNICIPALIDADES","1120","MUNICIPALIDAD DISTRITAL DE ATAURA","12","JUNIN","4643312","3954852.91"
"2025","13","GOBIERNOS LOCALES","0101030101","MUNICIPALIDADES","1121","MUNICIPALIDAD DISTRITAL DE CANCHAYLLO","12","JUNIN","2487219","2387137.14"
"2025","13","GOBIERNOS LOCALES","0101030101","MUNICIPALIDADES","1122","MUNICIPALIDAD DISTRITAL DE CURICACA","12","JUNIN","6597302","6192477.28"
"2025","13","GOBIERNOS LOCALES","0101030101","MUNICIPALIDADES","1123","MUNICIPALIDAD DISTRITAL DE EL MANTARO","12","JUNIN","5121851","4610112.62"
"2025","13","GOBIERNOS LOCALES","0101030101","MUNICIPALIDADES","1124","MUNICIPALIDAD DISTRITAL DE HUAMALI","12","JUNIN","3549149","2995744.76"
"2025","13","GOBIERNOS LOCALES","0101030101","MUNICIPALIDADES","1125","MUNICIPALIDAD DISTRITAL DE HUARIPAMPA","12","JUNIN","2206413","1774582.92"
"2025","13","GOBIERNOS LOCALES","0101030101","MUNICIPALIDADES","1126","MUNICIPALIDAD DISTRITAL DE HUERTAS","12","JUNIN","8515204","8018711.57"
"2025","13","GOBIERNOS LOCALES","0101030101","MUNICIPALIDADES","1127","MUNICIPALIDAD DISTRITAL DE JANJAILLO","12","JUNIN","2708833","2531989.85"
"2025","13","GOBIERNOS LOCALES","0101030101","MUNICIPALIDADES","1128","MUNICIPALIDAD DISTRITAL DE JULCAN","12","JUNIN","3983056","3198682.58"
"2025","13","GOBIERNOS LOCALES","0101030101","MUNICIPALIDADES","1129","MUNICIPALIDAD DISTRITAL DE LEONOR ORDO¥EZ","12","JUNIN","15492775","14104263.22"
"2025","13","GOBIERNOS LOCALES","0101030101","MUNICIPALIDADES","1130","MUNICIPALIDAD DISTRITAL DE LLOCLLAPAMPA","12","JUNIN","7028934","6558714.4"
"2025","13","GOBIERNOS LOCALES","0101030101","MUNICIPALIDADES","1131","MUNICIPALIDAD DISTRITAL DE MARCO","12","JUNIN","3045228","2050343.23"
"2025","13","GOBIERNOS LOCALES","0101030101","MUNICIPALIDADES","1132","MUNICIPALIDAD DISTRITAL DE MASMA","12","JUNIN","4691173","2557246.2"
"2025","13","GOBIERNOS LOCALES","0101030101","MUNICIPALIDADES","1133","MUNICIPALIDAD DISTRITAL DE MASMA CHICCHE","12","JUNIN","3184930","2727426.4"
"2025","13","GOBIERNOS LOCALES","0101030101","MUNICIPALIDADES","1134","MUNICIPALIDAD DISTRITAL DE MOLINOS","12","JUNIN","4214597","3678201.8"
"2025","13","GOBIERNOS LOCALES","0101030101","MUNICIPALIDADES","1135","MUNICIPALIDAD DISTRITAL DE MONOBAMBA","12","JUNIN","6950169","3757339.07"
"2025","13","GOBIERNOS LOCALES","0101030101","MUNICIPALIDADES","1136","MUNICIPALIDAD DISTRITAL DE MUQUI","12","JUNIN","3388634","3056055.85"
"2025","13","GOBIERNOS LOCALES","0101030101","MUNICIPALIDADES","1137","MUNICIPALIDAD DISTRITAL DE MUQUIYAUYO","12","JUNIN","3438024","1928846.54"
"2025","13","GOBIERNOS LOCALES","0101030101","MUNICIPALIDADES","1138","MUNICIPALIDAD DISTRITAL DE PACA","12","JUNIN","5405949","4251133.52"
"2025","13","GOBIERNOS LOCALES","0101030101","MUNICIPALIDADES","1139","MUNICIPALIDAD DISTRITAL DE PACCHA","12","JUNIN","3634487","3500329.58"
"2025","13","GOBIERNOS LOCALES","0101030101","MUNICIPALIDADES","1140","MUNICIPALIDAD DISTRITAL DE PANCAN","12","JUNIN","3098964","2475269.84"
"2025","13","GOBIERNOS LOCALES","0101030101","MUNICIPALIDADES","1141","MUNICIPALIDAD DISTRITAL DE PARCO","12","JUNIN","2503107","2197714.08"
"2025","13","GOBIERNOS LOCALES","0101030101","MUNICIPALIDADES","1142","MUNICIPALIDAD DISTRITAL DE POMACANCHA","12","JUNIN","7656859","5518892.42"
"2025","13","GOBIERNOS LOCALES","0101030101","MUNICIPALIDADES","1143","MUNICIPALIDAD DISTRITAL DE RICRAN","12","JUNIN","2792679","2635167.39"
"2025","13","GOBIERNOS LOCALES","0101030101","MUNICIPALIDADES","1144","MUNICIPALIDAD DISTRITAL DE SAN LORENZO","12","JUNIN","7839520","7491701.86"
"2025","13","GOBIERNOS LOCALES","0101030101","MUNICIPALIDADES","1145","MUNICIPALIDAD DISTRITAL DE SAN PEDRO DE CHUNAN","12","JUNIN","3791358","3340207.31"
"2025","13","GOBIERNOS LOCALES","0101030101","MUNICIPALIDADES","1146","MUNICIPALIDAD DISTRITAL DE SAUSA","12","JUNIN","4715905","4203457.58"
"2025","13","GOBIERNOS LOCALES","0101030101","MUNICIPALIDADES","1147","MUNICIPALIDAD DISTRITAL DE SINCOS","12","JUNIN","8281459","3620397.59"
"2025","13","GOBIERNOS LOCALES","0101030101","MUNICIPALIDADES","1148","MUNICIPALIDAD DISTRITAL DE TUNAN MARCA","12","JUNIN","1868855","1136608.61"
"2025","13","GOBIERNOS LOCALES","0101030101","MUNICIPALIDADES","1149","MUNICIPALIDAD DISTRITAL DE YAULI","12","JUNIN","2244379","2136506.65"
"2025","13","GOBIERNOS LOCALES","0101030101","MUNICIPALIDADES","1150","MUNICIPALIDAD DISTRITAL DE YAUYOS","12","JUNIN","7298807","5560913"
"2025","13","GOBIERNOS LOCALES","0101030101","MUNICIPALIDADES","1151","MUNICIPALIDAD PROVINCIAL DE JUNIN","12","JUNIN","19383403","18170341.26"
"2025","13","GOBIERNOS LOCALES","0101030101","MUNICIPALIDADES","1152","MUNICIPALIDAD DISTRITAL DE CARHUAMAYO","12","JUNIN","12511847","10205896.25"
"2025","13","GOBIERNOS LOCALES","0101030101","MUNICIPALIDADES","1153","MUNICIPALIDAD DISTRITAL DE ONDORES","12","JUNIN","2629728","2142947.31"
"2025","13","GOBIERNOS LOCALES","0101030101","MUNICIPALIDADES","1154","MUNICIPALIDAD DISTRITAL DE ULCUMAYO","12","JUNIN","9082461","4914897.44"
"2025","13","GOBIERNOS LOCALES","0101030101","MUNICIPALIDADES","1155","MUNICIPALIDAD PROVINCIAL DE SATIPO","12","JUNIN","108152231","99427178.85"
"2025","13","GOBIERNOS LOCALES","0101030101","MUNICIPALIDADES","1156","MUNICIPALIDAD DISTRITAL DE COVIRIALI","12","JUNIN","12123590","10500795.55"
"2025","13","GOBIERNOS LOCALES","0101030101","MUNICIPALIDADES","1157","MUNICIPALIDAD DISTRITAL DE LLAYLLA","12","JUNIN","32929379","18504872.49"
"2025","13","GOBIERNOS LOCALES","0101030101","MUNICIPALIDADES","1158","MUNICIPALIDAD DISTRITAL DE MAZAMARI","12","JUNIN","57246934","46459339.77"
"2025","13","GOBIERNOS LOCALES","0101030101","MUNICIPALIDADES","1159","MUNICIPALIDAD DISTRITAL DE PAMPA HERMOZA","12","JUNIN","15810862","11498144.43"
"2025","13","GOBIERNOS LOCALES","0101030101","MUNICIPALIDADES","1160","MUNICIPALIDAD DISTRITAL DE PANGOA","12","JUNIN","106478118","70936399.72"
"2025","13","GOBIERNOS LOCALES","0101030101","MUNICIPALIDADES","1161","MUNICIPALIDAD DISTRITAL DE RIO NEGRO","12","JUNIN","43941734","34218615.94"
"2025","13","GOBIERNOS LOCALES","0101030101","MUNICIPALIDADES","1162","MUNICIPALIDAD DISTRITAL DE RIO TAMBO","12","JUNIN","90586764","65264176.87"
"2025","13","GOBIERNOS LOCALES","0101030101","MUNICIPALIDADES","1163","MUNICIPALIDAD PROVINCIAL DE TARMA","12","JUNIN","49997879","45527170.15"
"2025","13","GOBIERNOS LOCALES","0101030101","MUNICIPALIDADES","1164","MUNICIPALIDAD DISTRITAL DE ACOBAMBA","12","JUNIN","6923322","6223716.3"
"2025","13","GOBIERNOS LOCALES","0101030101","MUNICIPALIDADES","1165","MUNICIPALIDAD DISTRITAL DE HUARICOLCA","12","JUNIN","3076787","2867821.93"
"2025","13","GOBIERNOS LOCALES","0101030101","MUNICIPALIDADES","1166","MUNICIPALIDAD DISTRITAL DE HUASAHUASI","12","JUNIN","8100057","5087820.63"
"2025","13","GOBIERNOS LOCALES","0101030101","MUNICIPALIDADES","1167","MUNICIPALIDAD DISTRITAL DE LA UNION","12","JUNIN","5266912","3955307.92"
"2025","13","GOBIERNOS LOCALES","0101030101","MUNICIPALIDADES","1168","MUNICIPALIDAD DISTRITAL DE PALCA","12","JUNIN","7775972","4807525.65"
"2025","13","GOBIERNOS LOCALES","0101030101","MUNICIPALIDADES","1169","MUNICIPALIDAD DISTRITAL DE PALCAMAYO","12","JUNIN","3200517","2925367.4"
"2025","13","GOBIERNOS LOCALES","0101030101","MUNICIPALIDADES","1170","MUNICIPALIDAD DISTRITAL DE SAN PEDRO DE CAJAS","12","JUNIN","3874331","3696298.47"
"2025","13","GOBIERNOS LOCALES","0101030101","MUNICIPALIDADES","1171","MUNICIPALIDAD DISTRITAL DE TAPO","12","JUNIN","10957950","7980158.26"
"2025","13","GOBIERNOS LOCALES","0101030101","MUNICIPALIDADES","1172","MUNICIPALIDAD PROVINCIAL DE YAULI - LA OROYA","12","JUNIN","31513796","26463883.65"
"2025","13","GOBIERNOS LOCALES","0101030101","MUNICIPALIDADES","1173","MUNICIPALIDAD DISTRITAL DE CHACAPALPA","12","JUNIN","8287673","7060439.81"
"2025","13","GOBIERNOS LOCALES","0101030101","MUNICIPALIDADES","1174","MUNICIPALIDAD DISTRITAL DE HUAY - HUAY","12","JUNIN","13914086","9753000.79"
"2025","13","GOBIERNOS LOCALES","0101030101","MUNICIPALIDADES","1175","MUNICIPALIDAD DISTRITAL DE MARCAPOMACOCHA","12","JUNIN","16103539","10634064.85"
"2025","13","GOBIERNOS LOCALES","0101030101","MUNICIPALIDADES","1176","MUNICIPALIDAD DISTRITAL DE MOROCOCHA","12","JUNIN","51902466","30558657.13"
"2025","13","GOBIERNOS LOCALES","0101030101","MUNICIPALIDADES","1177","MUNICIPALIDAD DISTRITAL DE PACCHA","12","JUNIN","9171975","8062559.05"
"2025","13","GOBIERNOS LOCALES","0101030101","MUNICIPALIDADES","1178","MUNICIPALIDAD DISTRITAL DE SANTA BARBARA DE CARHUACAYAN","12","JUNIN","7181477","5184447.15"
"2025","13","GOBIERNOS LOCALES","0101030101","MUNICIPALIDADES","1179","MUNICIPALIDAD DISTRITAL DE SANTA ROSA DE SACCO","12","JUNIN","16638382","9063963.89"
"2025","13","GOBIERNOS LOCALES","0101030101","MUNICIPALIDADES","1180","MUNICIPALIDAD DISTRITAL DE SUITUCANCHA","12","JUNIN","12731384","10249861.35"
"2025","13","GOBIERNOS LOCALES","0101030101","MUNICIPALIDADES","1181","MUNICIPALIDAD DISTRITAL DE YAULI","12","JUNIN","20137954","12268644.74"
"2025","13","GOBIERNOS LOCALES","0101030101","MUNICIPALIDADES","1182","MUNICIPALIDAD PROVINCIAL DE CHUPACA","12","JUNIN","31763282","26480279.4"
"2025","13","GOBIERNOS LOCALES","0101030101","MUNICIPALIDADES","1183","MUNICIPALIDAD DISTRITAL DE AHUAC","12","JUNIN","10353216","4799488.62"
"2025","13","GOBIERNOS LOCALES","0101030101","MUNICIPALIDADES","1184","MUNICIPALIDAD DISTRITAL DE CHONGOS BAJO","12","JUNIN","3443984","2910083.73"
"2025","13","GOBIERNOS LOCALES","0101030101","MUNICIPALIDADES","1185","MUNICIPALIDAD DISTRITAL DE HUACHAC","12","JUNIN","4235495","2545368.28"
"2025","13","GOBIERNOS LOCALES","0101030101","MUNICIPALIDADES","1186","MUNICIPALIDAD DISTRITAL DE HUAMANCACA CHICO","12","JUNIN","15858097","7325726.96"
"2025","13","GOBIERNOS LOCALES","0101030101","MUNICIPALIDADES","1187","MUNICIPALIDAD DISTRITAL DE SAN JUAN DE JARPA","12","JUNIN","7253414","5476288.9"
"2025","13","GOBIERNOS LOCALES","0101030101","MUNICIPALIDADES","1188","MUNICIPALIDAD DISTRITAL SAN JUAN DE YSCOS","12","JUNIN","3160547","2490966.17"
"2025","13","GOBIERNOS LOCALES","0101030101","MUNICIPALIDADES","1189","MUNICIPALIDAD DISTRITAL DE TRES DE DICIEMBRE","12","JUNIN","3920369","3522125.08"
"2025","13","GOBIERNOS LOCALES","0101030101","MUNICIPALIDADES","1190","MUNICIPALIDAD DISTRITAL DE YANACANCHA","12","JUNIN","5474599","3550271.41"
"2025","13","GOBIERNOS LOCALES","0101030101","MUNICIPALIDADES","1191","MUNICIPALIDAD PROVINCIAL DE TRUJILLO","13","LA LIBERTAD","391544431","312592547.15"
"2025","13","GOBIERNOS LOCALES","0101030101","MUNICIPALIDADES","1192","MUNICIPALIDAD DISTRITAL DE EL PORVENIR","13","LA LIBERTAD","58417565","47634513.79"
"2025","13","GOBIERNOS LOCALES","0101030101","MUNICIPALIDADES","1193","MUNICIPALIDAD DISTRITAL DE HUANCHACO","13","LA LIBERTAD","86774005","63815952.5"
"2025","13","GOBIERNOS LOCALES","0101030101","MUNICIPALIDADES","1194","MUNICIPALIDAD DISTRITAL DE LA ESPERANZA","13","LA LIBERTAD","80170526","66188253.06"
"2025","13","GOBIERNOS LOCALES","0101030101","MUNICIPALIDADES","1195","MUNICIPALIDAD DISTRITAL DE LAREDO","13","LA LIBERTAD","36959599","33180212.83"
"2025","13","GOBIERNOS LOCALES","0101030101","MUNICIPALIDADES","1196","MUNICIPALIDAD DISTRITAL DE MOCHE","13","LA LIBERTAD","40774802","33621027.52"
"2025","13","GOBIERNOS LOCALES","0101030101","MUNICIPALIDADES","1197","MUNICIPALIDAD DISTRITAL DE POROTO","13","LA LIBERTAD","7135156","4399602.27"
"2025","13","GOBIERNOS LOCALES","0101030101","MUNICIPALIDADES","1198","MUNICIPALIDAD DISTRITAL DE SALAVERRY","13","LA LIBERTAD","34152298","21559831.6"
"2025","13","GOBIERNOS LOCALES","0101030101","MUNICIPALIDADES","1199","MUNICIPALIDAD DISTRITAL DE SIMBAL","13","LA LIBERTAD","10862082","5051001.71"
"2025","13","GOBIERNOS LOCALES","0101030101","MUNICIPALIDADES","1200","MUNICIPALIDAD DISTRITAL DE VICTOR LARCO HERRERA","13","LA LIBERTAD","75083529","59577413.7"
"2025","13","GOBIERNOS LOCALES","0101030101","MUNICIPALIDADES","1201","MUNICIPALIDAD DISTRITAL DE FLORENCIA DE MORA","13","LA LIBERTAD","26601420","17815090.11"
"2025","13","GOBIERNOS LOCALES","0101030101","MUNICIPALIDADES","1203","MUNICIPALIDAD PROVINCIAL DE BOLIVAR","13","LA LIBERTAD","25160489","20203233.1"
"2025","13","GOBIERNOS LOCALES","0101030101","MUNICIPALIDADES","1204","MUNICIPALIDAD DISTRITAL DE BAMBAMARCA","13","LA LIBERTAD","5504228","4951113.11"
"2025","13","GOBIERNOS LOCALES","0101030101","MUNICIPALIDADES","1205","MUNICIPALIDAD DISTRITAL DE CONDORMARCA","13","LA LIBERTAD","9061575","6758763.93"
"2025","13","GOBIERNOS LOCALES","0101030101","MUNICIPALIDADES","1206","MUNICIPALIDAD DISTRITAL DE LONGOTEA","13","LA LIBERTAD","14864251","5308495.85"
"2025","13","GOBIERNOS LOCALES","0101030101","MUNICIPALIDADES","1207","MUNICIPALIDAD DISTRITAL DE UCUNCHA","13","LA LIBERTAD","1884316","1798907.6"
"2025","13","GOBIERNOS LOCALES","0101030101","MUNICIPALIDADES","1208","MUNICIPALIDAD DISTRITAL DE UCHUMARCA","13","LA LIBERTAD","10258083","9956018.17"
"2025","13","GOBIERNOS LOCALES","0101030101","MUNICIPALIDADES","1209","MUNICIPALIDAD PROVINCIAL DE SANCHEZ CARRION - HUAMACHUCO","13","LA LIBERTAD","184730693","125418241.38"
"2025","13","GOBIERNOS LOCALES","0101030101","MUNICIPALIDADES","1210","MUNICIPALIDAD DISTRITAL DE COCHORCO","13","LA LIBERTAD","14913999","14769336.45"
"2025","13","GOBIERNOS LOCALES","0101030101","MUNICIPALIDADES","1211","MUNICIPALIDAD DISTRITAL DE CURGOS","13","LA LIBERTAD","22086329","17123015.89"
"2025","13","GOBIERNOS LOCALES","0101030101","MUNICIPALIDADES","1212","MUNICIPALIDAD DISTRITAL DE CHUGAY","13","LA LIBERTAD","23279600","16893794.65"
"2025","13","GOBIERNOS LOCALES","0101030101","MUNICIPALIDADES","1213","MUNICIPALIDAD DISTRITAL DE MARCABAL","13","LA LIBERTAD","28305226","17052374.98"
"2025","13","GOBIERNOS LOCALES","0101030101","MUNICIPALIDADES","1214","MUNICIPALIDAD DISTRITAL DE SANAGORAN","13","LA LIBERTAD","33533218","24768912.29"
"2025","13","GOBIERNOS LOCALES","0101030101","MUNICIPALIDADES","1215","MUNICIPALIDAD DISTRITAL DE SARIN","13","LA LIBERTAD","17275705","15298361.01"
"2025","13","GOBIERNOS LOCALES","0101030101","MUNICIPALIDADES","1216","MUNICIPALIDAD DISTRITAL DE SARTIMBAMBA","13","LA LIBERTAD","27705603","23286722.61"
"2025","13","GOBIERNOS LOCALES","0101030101","MUNICIPALIDADES","1217","MUNICIPALIDAD PROVINCIAL DE OTUZCO","13","LA LIBERTAD","83713762","65355609.22"
"2025","13","GOBIERNOS LOCALES","0101030101","MUNICIPALIDADES","1218","MUNICIPALIDAD DISTRITAL DE AGALLPAMPA","13","LA LIBERTAD","11283274","10051071.54"
"2025","13","GOBIERNOS LOCALES","0101030101","MUNICIPALIDADES","1219","MUNICIPALIDAD DISTRITAL DE CHARAT","13","LA LIBERTAD","14206250","9300256.25"
"2025","13","GOBIERNOS LOCALES","0101030101","MUNICIPALIDADES","1220","MUNICIPALIDAD DISTRITAL DE HUARANCHAL","13","LA LIBERTAD","15570647","13602435.6"
"2025","13","GOBIERNOS LOCALES","0101030101","MUNICIPALIDADES","1221","MUNICIPALIDAD DISTRITAL DE LA CUESTA","13","LA LIBERTAD","1883339","1148899.58"
"2025","13","GOBIERNOS LOCALES","0101030101","MUNICIPALIDADES","1222","MUNICIPALIDAD DISTRITAL DE MACHE","13","LA LIBERTAD","15879834","12470663.2"
"2025","13","GOBIERNOS LOCALES","0101030101","MUNICIPALIDADES","1223","MUNICIPALIDAD DISTRITAL DE PARANDAY","13","LA LIBERTAD","6473013","3568637.3"
"2025","13","GOBIERNOS LOCALES","0101030101","MUNICIPALIDADES","1224","MUNICIPALIDAD DISTRITAL DE SALPO","13","LA LIBERTAD","17293261","10350649.93"
"2025","13","GOBIERNOS LOCALES","0101030101","MUNICIPALIDADES","1225","MUNICIPALIDAD DISTRITAL DE SINSICAP","13","LA LIBERTAD","15421586","12081933.21"
"2025","13","GOBIERNOS LOCALES","0101030101","MUNICIPALIDADES","1226","MUNICIPALIDAD DISTRITAL DE USQUIL","13","LA LIBERTAD","32653307","29301703.24"
"2025","13","GOBIERNOS LOCALES","0101030101","MUNICIPALIDADES","1227","MUNICIPALIDAD PROVINCIAL DE PACASMAYO - SAN PEDRO DE LLOC","13","LA LIBERTAD","32620377","30270837.32"
"2025","13","GOBIERNOS LOCALES","0101030101","MUNICIPALIDADES","1228","MUNICIPALIDAD DISTRITAL DE GUADALUPE","13","LA LIBERTAD","28083755","26148547.85"
"2025","13","GOBIERNOS LOCALES","0101030101","MUNICIPALIDADES","1229","MUNICIPALIDAD DISTRITAL DE JEQUETEPEQUE","13","LA LIBERTAD","8604700","4659380.86"
"2025","13","GOBIERNOS LOCALES","0101030101","MUNICIPALIDADES","1230","MUNICIPALIDAD DISTRITAL DE PACASMAYO","13","LA LIBERTAD","29124306","24074892.57"
"2025","13","GOBIERNOS LOCALES","0101030101","MUNICIPALIDADES","1231","MUNICIPALIDAD DISTRITAL DE SAN JOSE","13","LA LIBERTAD","21707449","20710936.49"
"2025","13","GOBIERNOS LOCALES","0101030101","MUNICIPALIDADES","1232","MUNICIPALIDAD PROVINCIAL DE PATAZ - TAYABAMBA","13","LA LIBERTAD","89220690","59407369.01"
"2025","13","GOBIERNOS LOCALES","0101030101","MUNICIPALIDADES","1233","MUNICIPALIDAD DISTRITAL DE BULDIBUYO","13","LA LIBERTAD","14997560","10244443.42"
"2025","13","GOBIERNOS LOCALES","0101030101","MUNICIPALIDADES","1234","MUNICIPALIDAD DISTRITAL DE CHILLIA","13","LA LIBERTAD","33447813","23183688.5"
"2025","13","GOBIERNOS LOCALES","0101030101","MUNICIPALIDADES","1235","MUNICIPALIDAD DISTRITAL DE HUANCASPATA","13","LA LIBERTAD","11281883","8582053"
"2025","13","GOBIERNOS LOCALES","0101030101","MUNICIPALIDADES","1236","MUNICIPALIDAD DISTRITAL DE HUAYO","13","LA LIBERTAD","10710178","6457182.33"
"2025","13","GOBIERNOS LOCALES","0101030101","MUNICIPALIDADES","1237","MUNICIPALIDAD DISTRITAL DE HUAYLILLAS","13","LA LIBERTAD","8658394","6129842.11"
"2025","13","GOBIERNOS LOCALES","0101030101","MUNICIPALIDADES","1238","MUNICIPALIDAD DISTRITAL DE ONGON","13","LA LIBERTAD","12518569","7225092.71"
"2025","13","GOBIERNOS LOCALES","0101030101","MUNICIPALIDADES","1239","MUNICIPALIDAD DISTRITAL DE PARCOY","13","LA LIBERTAD","61364202","33165558.43"
"2025","13","GOBIERNOS LOCALES","0101030101","MUNICIPALIDADES","1240","MUNICIPALIDAD DISTRITAL DE PATAZ","13","LA LIBERTAD","38498125","27047915.71"
"2025","13","GOBIERNOS LOCALES","0101030101","MUNICIPALIDADES","1241","MUNICIPALIDAD DISTRITAL DE PIAS","13","LA LIBERTAD","11046897","6893094.1"
"2025","13","GOBIERNOS LOCALES","0101030101","MUNICIPALIDADES","1242","MUNICIPALIDAD DISTRITAL DE TAURIJA","13","LA LIBERTAD","9739551","7599521.17"
"2025","13","GOBIERNOS LOCALES","0101030101","MUNICIPALIDADES","1243","MUNICIPALIDAD DISTRITAL DE URPAY","13","LA LIBERTAD","6445083","5527053.9"
"2025","13","GOBIERNOS LOCALES","0101030101","MUNICIPALIDADES","1244","MUNICIPALIDAD DISTRITAL DE SANTIAGO DE CHALLAS","13","LA LIBERTAD","6646281","4206483.81"
"2025","13","GOBIERNOS LOCALES","0101030101","MUNICIPALIDADES","1245","MUNICIPALIDAD PROVINCIAL DE SANTIAGO DE CHUCO","13","LA LIBERTAD","62416431","44301465.89"
"2025","13","GOBIERNOS LOCALES","0101030101","MUNICIPALIDADES","1246","MUNICIPALIDAD DISTRITAL DE ANGASMARCA","13","LA LIBERTAD","19688122","10100519.67"
"2025","13","GOBIERNOS LOCALES","0101030101","MUNICIPALIDADES","1247","MUNICIPALIDAD DISTRITAL DE CACHICADAN","13","LA LIBERTAD","20555498","18075454.71"
"2025","13","GOBIERNOS LOCALES","0101030101","MUNICIPALIDADES","1248","MUNICIPALIDAD DISTRITAL DE MOLLEBAMBA","13","LA LIBERTAD","5486631","3175775.35"
"2025","13","GOBIERNOS LOCALES","0101030101","MUNICIPALIDADES","1249","MUNICIPALIDAD DISTRITAL DE MOLLEPATA","13","LA LIBERTAD","12687167","8437055.84"
"2025","13","GOBIERNOS LOCALES","0101030101","MUNICIPALIDADES","1250","MUNICIPALIDAD DISTRITAL DE QUIRUVILCA","13","LA LIBERTAD","47729303","31980241.42"
"2025","13","GOBIERNOS LOCALES","0101030101","MUNICIPALIDADES","1251","MUNICIPALIDAD DISTRITAL DE SANTA CRUZ DE CHUCA","13","LA LIBERTAD","11123295","5415088.96"
"2025","13","GOBIERNOS LOCALES","0101030101","MUNICIPALIDADES","1252","MUNICIPALIDAD DISTRITAL DE SITABAMBA","13","LA LIBERTAD","12841546","7130526.62"
"2025","13","GOBIERNOS LOCALES","0101030101","MUNICIPALIDADES","1253","MUNICIPALIDAD PROVINCIAL DE ASCOPE","13","LA LIBERTAD","36342314","14733347.1"
"2025","13","GOBIERNOS LOCALES","0101030101","MUNICIPALIDADES","1254","MUNICIPALIDAD DISTRITAL DE CHICAMA","13","LA LIBERTAD","13354784","13009680.62"
"2025","13","GOBIERNOS LOCALES","0101030101","MUNICIPALIDADES","1255","MUNICIPALIDAD DISTRITAL DE CHOCOPE","13","LA LIBERTAD","12347327","11476342.03"
"2025","13","GOBIERNOS LOCALES","0101030101","MUNICIPALIDADES","1256","MUNICIPALIDAD DISTRITAL DE MAGDALENA DE CAO","13","LA LIBERTAD","8270848","6883464.44"
"2025","13","GOBIERNOS LOCALES","0101030101","MUNICIPALIDADES","1257","MUNICIPALIDAD DISTRITAL DE PAIJAN","13","LA LIBERTAD","19409210","13103987.09"
"2025","13","GOBIERNOS LOCALES","0101030101","MUNICIPALIDADES","1258","MUNICIPALIDAD DISTRITAL DE SANTIAGO DE CAO","13","LA LIBERTAD","15527532","11248152.88"
"2025","13","GOBIERNOS LOCALES","0101030101","MUNICIPALIDADES","1259","MUNICIPALIDAD DISTRITAL DE RAZURI","13","LA LIBERTAD","24523008","17087209.96"
"2025","13","GOBIERNOS LOCALES","0101030101","MUNICIPALIDADES","1260","MUNICIPALIDAD PROVINCIAL DE CHEPEN","13","LA LIBERTAD","46190229","35950941.87"
"2025","13","GOBIERNOS LOCALES","0101030101","MUNICIPALIDADES","1261","MUNICIPALIDAD DISTRITAL DE PACANGA","13","LA LIBERTAD","25510872","22156296.36"
"2025","13","GOBIERNOS LOCALES","0101030101","MUNICIPALIDADES","1262","MUNICIPALIDAD DISTRITAL DE PUEBLO NUEVO","13","LA LIBERTAD","23142987","8267518.44"
"2025","13","GOBIERNOS LOCALES","0101030101","MUNICIPALIDADES","1263","MUNICIPALIDAD PROVINCIAL DE JULCAN","13","LA LIBERTAD","40904902","32419028.38"
"2025","13","GOBIERNOS LOCALES","0101030101","MUNICIPALIDADES","1264","MUNICIPALIDAD DISTRITAL DE CALAMARCA","13","LA LIBERTAD","15519804","11292849.15"
"2025","13","GOBIERNOS LOCALES","0101030101","MUNICIPALIDADES","1265","MUNICIPALIDAD DISTRITAL DE CARABAMBA","13","LA LIBERTAD","18791923","11458217.65"
"2025","13","GOBIERNOS LOCALES","0101030101","MUNICIPALIDADES","1266","MUNICIPALIDAD DISTRITAL DE HUASO","13","LA LIBERTAD","16590712","12941739.97"
"2025","13","GOBIERNOS LOCALES","0101030101","MUNICIPALIDADES","1267","MUNICIPALIDAD PROVINCIAL DE CASCAS","13","LA LIBERTAD","43449462","35294218.97"
"2025","13","GOBIERNOS LOCALES","0101030101","MUNICIPALIDADES","1268","MUNICIPALIDAD DISTRITAL DE LUCMA","13","LA LIBERTAD","9819127","8328859.52"
"2025","13","GOBIERNOS LOCALES","0101030101","MUNICIPALIDADES","1269","MUNICIPALIDAD DISTRITAL DE MARMOT","13","LA LIBERTAD","4231935","2759713.41"
"2025","13","GOBIERNOS LOCALES","0101030101","MUNICIPALIDADES","1270","MUNICIPALIDAD DISTRITAL DE SAYAPULLO","13","LA LIBERTAD","13531089","9347924.97"
"2025","13","GOBIERNOS LOCALES","0101030101","MUNICIPALIDADES","1271","MUNICIPALIDAD PROVINCIAL DE VIRU","13","LA LIBERTAD","106953362","74850251.27"
"2025","13","GOBIERNOS LOCALES","0101030101","MUNICIPALIDADES","1272","MUNICIPALIDAD DISTRITAL DE CHAO","13","LA LIBERTAD","43049988","36606773.26"
"2025","13","GOBIERNOS LOCALES","0101030101","MUNICIPALIDADES","1273","MUNICIPALIDAD DISTRITAL DE GUADALUPITO","13","LA LIBERTAD","8206092","5675702.52"
"2025","13","GOBIERNOS LOCALES","0101030101","MUNICIPALIDADES","1274","MUNICIPALIDAD PROVINCIAL DE CHICLAYO","14","LAMBAYEQUE","252091610","213470416.55"
"2025","13","GOBIERNOS LOCALES","0101030101","MUNICIPALIDADES","1275","MUNICIPALIDAD DISTRITAL DE CHONGOYAPE","14","LAMBAYEQUE","12503386","12274417.5"
"2025","13","GOBIERNOS LOCALES","0101030101","MUNICIPALIDADES","1276","MUNICIPALIDAD DISTRITAL DE ETEN","14","LAMBAYEQUE","15000374","4289307.14"
"2025","13","GOBIERNOS LOCALES","0101030101","MUNICIPALIDADES","1277","MUNICIPALIDAD DISTRITAL DE ETEN PUERTO","14","LAMBAYEQUE","10182442","9196940.22"
"2025","13","GOBIERNOS LOCALES","0101030101","MUNICIPALIDADES","1278","MUNICIPALIDAD DISTRITAL DE LAGUNAS","14","LAMBAYEQUE","14739332","11407328.8"
"2025","13","GOBIERNOS LOCALES","0101030101","MUNICIPALIDADES","1279","MUNICIPALIDAD DISTRITAL DE MONSEFU","14","LAMBAYEQUE","16847630","12932540.69"
"2025","13","GOBIERNOS LOCALES","0101030101","MUNICIPALIDADES","1280","MUNICIPALIDAD DISTRITAL DE NUEVA ARICA","14","LAMBAYEQUE","16217855","9804389.21"
"2025","13","GOBIERNOS LOCALES","0101030101","MUNICIPALIDADES","1281","MUNICIPALIDAD DISTRITAL DE OYOTUN","14","LAMBAYEQUE","35170392","20754898.09"
"2025","13","GOBIERNOS LOCALES","0101030101","MUNICIPALIDADES","1282","MUNICIPALIDAD DISTRITAL DE PICSI","14","LAMBAYEQUE","14062625","12877128"
"2025","13","GOBIERNOS LOCALES","0101030101","MUNICIPALIDADES","1283","MUNICIPALIDAD DISTRITAL DE PIMENTEL","14","LAMBAYEQUE","47772279","36969278.28"
"2025","13","GOBIERNOS LOCALES","0101030101","MUNICIPALIDADES","1284","MUNICIPALIDAD DISTRITAL DE REQUE","14","LAMBAYEQUE","10928430","9863748.37"
"2025","13","GOBIERNOS LOCALES","0101030101","MUNICIPALIDADES","1285","MUNICIPALIDAD DISTRITAL DE JOSE LEONARDO ORTIZ","14","LAMBAYEQUE","124176456","88033494.34"
"2025","13","GOBIERNOS LOCALES","0101030101","MUNICIPALIDADES","1286","MUNICIPALIDAD DISTRITAL DE SANTA ROSA","14","LAMBAYEQUE","11838872","8896527"
"2025","13","GOBIERNOS LOCALES","0101030101","MUNICIPALIDADES","1287","MUNICIPALIDAD DISTRITAL DE ZAÑA","14","LAMBAYEQUE","10507011","6246791.24"
"2025","13","GOBIERNOS LOCALES","0101030101","MUNICIPALIDADES","1288","MUNICIPALIDAD DISTRITAL DE LA VICTORIA","14","LAMBAYEQUE","60922001","49176537.36"
"2025","13","GOBIERNOS LOCALES","0101030101","MUNICIPALIDADES","1289","MUNICIPALIDAD PROVINCIAL DE FERREÑAFE","14","LAMBAYEQUE","54153892","42363503.69"
"2025","13","GOBIERNOS LOCALES","0101030101","MUNICIPALIDADES","1290","MUNICIPALIDAD DISTRITAL DE CAÑARIS","14","LAMBAYEQUE","12674449","12523160.46"
"2025","13","GOBIERNOS LOCALES","0101030101","MUNICIPALIDADES","1291","MUNICIPALIDAD DISTRITAL DE INCAHUASI","14","LAMBAYEQUE","18552846","16369214.4"
"2025","13","GOBIERNOS LOCALES","0101030101","MUNICIPALIDADES","1292","MUNICIPALIDAD DISTRITAL DE MANUEL ANTONIO MESONES MURO","14","LAMBAYEQUE","6680637","5123860.39"
"2025","13","GOBIERNOS LOCALES","0101030101","MUNICIPALIDADES","1293","MUNICIPALIDAD DISTRITAL DE PITIPO","14","LAMBAYEQUE","19480520","16852095.22"
"2025","13","GOBIERNOS LOCALES","0101030101","MUNICIPALIDADES","1294","MUNICIPALIDAD DISTRITAL DE PUEBLO NUEVO","14","LAMBAYEQUE","18149332","13889478.52"
"2025","13","GOBIERNOS LOCALES","0101030101","MUNICIPALIDADES","1295","MUNICIPALIDAD PROVINCIAL DE LAMBAYEQUE","14","LAMBAYEQUE","104539647","78204445.66"
"2025","13","GOBIERNOS LOCALES","0101030101","MUNICIPALIDADES","1296","MUNICIPALIDAD DISTRITAL DE CHOCHOPE","14","LAMBAYEQUE","6473780","6254436.54"
"2025","13","GOBIERNOS LOCALES","0101030101","MUNICIPALIDADES","1297","MUNICIPALIDAD DISTRITAL DE ILLIMO","14","LAMBAYEQUE","34423438","23045334.7"
"2025","13","GOBIERNOS LOCALES","0101030101","MUNICIPALIDADES","1298","MUNICIPALIDAD DISTRITAL DE JAYANCA","14","LAMBAYEQUE","21382093","15295262.35"
"2025","13","GOBIERNOS LOCALES","0101030101","MUNICIPALIDADES","1299","MUNICIPALIDAD DISTRITAL DE MOCHUMI","14","LAMBAYEQUE","18390147","15139933.59"
"2025","13","GOBIERNOS LOCALES","0101030101","MUNICIPALIDADES","1300","MUNICIPALIDAD DISTRITAL DE MORROPE","14","LAMBAYEQUE","37902437","24675876.34"
"2025","13","GOBIERNOS LOCALES","0101030101","MUNICIPALIDADES","1301","MUNICIPALIDAD DISTRITAL DE MOTUPE","14","LAMBAYEQUE","21238390","17229004.89"
"2025","13","GOBIERNOS LOCALES","0101030101","MUNICIPALIDADES","1302","MUNICIPALIDAD DISTRITAL DE OLMOS","14","LAMBAYEQUE","56497398","34308034.81"
"2025","13","GOBIERNOS LOCALES","0101030101","MUNICIPALIDADES","1303","MUNICIPALIDAD DISTRITAL DE PACORA","14","LAMBAYEQUE","12000034","10898784.93"
"2025","13","GOBIERNOS LOCALES","0101030101","MUNICIPALIDADES","1304","MUNICIPALIDAD DISTRITAL DE SALAS","14","LAMBAYEQUE","16860164","12169896.15"
"2025","13","GOBIERNOS LOCALES","0101030101","MUNICIPALIDADES","1305","MUNICIPALIDAD DISTRITAL DE SAN JOSE","14","LAMBAYEQUE","15465493","9295767.67"
"2025","13","GOBIERNOS LOCALES","0101030101","MUNICIPALIDADES","1306","MUNICIPALIDAD DISTRITAL DE TUCUME","14","LAMBAYEQUE","17766560","14281057.71"
"2025","13","GOBIERNOS LOCALES","0101030101","MUNICIPALIDADES","1307","MUNICIPALIDAD PROVINCIAL DE LIMA","15","LIMA","3206134713","2786407107.32"
"2025","13","GOBIERNOS LOCALES","0101030101","MUNICIPALIDADES","1308","MUNICIPALIDAD DISTRITAL DE ANCON","15","LIMA","43182442","37997853.97"
"2025","13","GOBIERNOS LOCALES","0101030101","MUNICIPALIDADES","1309","MUNICIPALIDAD DISTRITAL DE ATE - VITARTE","15","LIMA","302398813","261887311.72"
"2025","13","GOBIERNOS LOCALES","0101030101","MUNICIPALIDADES","1310","MUNICIPALIDAD DISTRITAL DE BARRANCO","15","LIMA","64349395","62613209.57"
"2025","13","GOBIERNOS LOCALES","0101030101","MUNICIPALIDADES","1311","MUNICIPALIDAD DISTRITAL DE BREÑA","15","LIMA","50894581","46878403.05"
"2025","13","GOBIERNOS LOCALES","0101030101","MUNICIPALIDADES","1312","MUNICIPALIDAD DISTRITAL DE CARABAYLLO","15","LIMA","157080351","133659490.69"
"2025","13","GOBIERNOS LOCALES","0101030101","MUNICIPALIDADES","1313","MUNICIPALIDAD DISTRITAL DE CHACLACAYO","15","LIMA","27922216","24299342.99"
"2025","13","GOBIERNOS LOCALES","0101030101","MUNICIPALIDADES","1314","MUNICIPALIDAD DISTRITAL DE CHORRILLOS","15","LIMA","167564521","142530699.76"
"2025","13","GOBIERNOS LOCALES","0101030101","MUNICIPALIDADES","1315","MUNICIPALIDAD DISTRITAL DE CIENEGUILLA","15","LIMA","64691315","60033917.63"
"2025","13","GOBIERNOS LOCALES","0101030101","MUNICIPALIDADES","1316","MUNICIPALIDAD DISTRITAL DE COMAS","15","LIMA","196191759","187612119.87"
"2025","13","GOBIERNOS LOCALES","0101030101","MUNICIPALIDADES","1317","MUNICIPALIDAD DISTRITAL DE EL AGUSTINO","15","LIMA","107806126","91808652.31"
"2025","13","GOBIERNOS LOCALES","0101030101","MUNICIPALIDADES","1318","MUNICIPALIDAD DISTRITAL DE INDEPENDENCIA","15","LIMA","123642736","113200316.5"
"2025","13","GOBIERNOS LOCALES","0101030101","MUNICIPALIDADES","1319","MUNICIPALIDAD DISTRITAL DE JESUS MARIA","15","LIMA","111851229","106999792.69"
"2025","13","GOBIERNOS LOCALES","0101030101","MUNICIPALIDADES","1320","MUNICIPALIDAD DISTRITAL DE LA MOLINA","15","LIMA","176425529","172314978.44"
"2025","13","GOBIERNOS LOCALES","0101030101","MUNICIPALIDADES","1321","MUNICIPALIDAD DISTRITAL DE LA VICTORIA","15","LIMA","213529262","200989543.58"
"2025","13","GOBIERNOS LOCALES","0101030101","MUNICIPALIDADES","1322","MUNICIPALIDAD DISTRITAL DE LINCE","15","LIMA","62448832","59351306.39"
"2025","13","GOBIERNOS LOCALES","0101030101","MUNICIPALIDADES","1323","MUNICIPALIDAD DISTRITAL DE LOS OLIVOS (LAS PALMERAS)","15","LIMA","156049668","149345393.22"
"2025","13","GOBIERNOS LOCALES","0101030101","MUNICIPALIDADES","1324","MUNICIPALIDAD DISTRITAL DE LURIGANCHO (CHOSICA)","15","LIMA","142961478","142943180.13"
"2025","13","GOBIERNOS LOCALES","0101030101","MUNICIPALIDADES","1325","MUNICIPALIDAD DISTRITAL DE LURIN","15","LIMA","124928175","110397774"
"2025","13","GOBIERNOS LOCALES","0101030101","MUNICIPALIDADES","1326","MUNICIPALIDAD DISTRITAL DE MAGDALENA DEL MAR","15","LIMA","96049122","86582825.48"
"2025","13","GOBIERNOS LOCALES","0101030101","MUNICIPALIDADES","1327","MUNICIPALIDAD DISTRITAL DE PUEBLO LIBRE","15","LIMA","73186561","69474729.46"
"2025","13","GOBIERNOS LOCALES","0101030101","MUNICIPALIDADES","1328","MUNICIPALIDAD DISTRITAL DE MIRAFLORES","15","LIMA","387456981","362617233.3"
"2025","13","GOBIERNOS LOCALES","0101030101","MUNICIPALIDADES","1329","MUNICIPALIDAD DISTRITAL DE PACHACAMAC","15","LIMA","87825077","67062762.86"
"2025","13","GOBIERNOS LOCALES","0101030101","MUNICIPALIDADES","1330","MUNICIPALIDAD DISTRITAL DE PUCUSANA","15","LIMA","20311577","18715034.18"
"2025","13","GOBIERNOS LOCALES","0101030101","MUNICIPALIDADES","1331","MUNICIPALIDAD DISTRITAL DE PUENTE PIEDRA","15","LIMA","177616126","175309425.67"
"2025","13","GOBIERNOS LOCALES","0101030101","MUNICIPALIDADES","1332","MUNICIPALIDAD DISTRITAL DE PUNTA HERMOSA","15","LIMA","36961682","28516692.69"
"2025","13","GOBIERNOS LOCALES","0101030101","MUNICIPALIDADES","1333","MUNICIPALIDAD DISTRITAL DE PUNTA NEGRA","15","LIMA","14422814","13733525.9"
"2025","13","GOBIERNOS LOCALES","0101030101","MUNICIPALIDADES","1334","MUNICIPALIDAD DISTRITAL DE RIMAC","15","LIMA","80396866","73176862.93"
"2025","13","GOBIERNOS LOCALES","0101030101","MUNICIPALIDADES","1335","MUNICIPALIDAD DISTRITAL DE SAN BARTOLO","15","LIMA","13720760","12078451.91"
"2025","13","GOBIERNOS LOCALES","0101030101","MUNICIPALIDADES","1336","MUNICIPALIDAD DISTRITAL DE SAN BORJA","15","LIMA","169531391","162247711.22"
"2025","13","GOBIERNOS LOCALES","0101030101","MUNICIPALIDADES","1337","MUNICIPALIDAD DISTRITAL DE SAN ISIDRO","15","LIMA","362849464","294774370.14"
"2025","13","GOBIERNOS LOCALES","0101030101","MUNICIPALIDADES","1338","MUNICIPALIDAD DISTRITAL DE SAN JUAN DE LURIGANCHO","15","LIMA","417491363","406494072.91"
"2025","13","GOBIERNOS LOCALES","0101030101","MUNICIPALIDADES","1339","MUNICIPALIDAD DISTRITAL DE SAN JUAN DE MIRAFLORES","15","LIMA","158545189","151738570.66"
"2025","13","GOBIERNOS LOCALES","0101030101","MUNICIPALIDADES","1340","MUNICIPALIDAD DISTRITAL DE SAN LUIS","15","LIMA","45286979","42623629.33"
"2025","13","GOBIERNOS LOCALES","0101030101","MUNICIPALIDADES","1341","MUNICIPALIDAD DISTRITAL DE SAN MARTIN DE PORRES","15","LIMA","242647349","221186131.9"
"2025","13","GOBIERNOS LOCALES","0101030101","MUNICIPALIDADES","1342","MUNICIPALIDAD DISTRITAL DE SAN MIGUEL","15","LIMA","128643590","126157454.66"
"2025","13","GOBIERNOS LOCALES","0101030101","MUNICIPALIDADES","1343","MUNICIPALIDAD DISTRITAL DE SANTA ANITA","15","LIMA","105860524","98993193.69"
"2025","13","GOBIERNOS LOCALES","0101030101","MUNICIPALIDADES","1344","MUNICIPALIDAD DISTRITAL DE SANTA MARIA DEL MAR","15","LIMA","11635424","10854971.47"
"2025","13","GOBIERNOS LOCALES","0101030101","MUNICIPALIDADES","1345","MUNICIPALIDAD DISTRITAL DE SANTA ROSA","15","LIMA","31238907","26685024.16"
"2025","13","GOBIERNOS LOCALES","0101030101","MUNICIPALIDADES","1346","MUNICIPALIDAD DISTRITAL DE SANTIAGO DE SURCO","15","LIMA","418991999","388814949.49"
"2025","13","GOBIERNOS LOCALES","0101030101","MUNICIPALIDADES","1347","MUNICIPALIDAD DISTRITAL DE SURQUILLO","15","LIMA","72783123","67079573.75"
"2025","13","GOBIERNOS LOCALES","0101030101","MUNICIPALIDADES","1348","MUNICIPALIDAD DISTRITAL DE VILLA EL SALVADOR","15","LIMA","186748485","166332947.14"
"2025","13","GOBIERNOS LOCALES","0101030101","MUNICIPALIDADES","1349","MUNICIPALIDAD DISTRITAL DE VILLA MARIA DEL TRIUNFO","15","LIMA","212564737","197131288.46"
"2025","13","GOBIERNOS LOCALES","0101030101","MUNICIPALIDADES","1351","MUNICIPALIDAD PROVINCIAL DE CAJATAMBO","15","LIMA","9694092","6455425.96"
"2025","13","GOBIERNOS LOCALES","0101030101","MUNICIPALIDADES","1352","MUNICIPALIDAD DISTRITAL DE COPA","15","LIMA","1689261","1571829.25"
"2025","13","GOBIERNOS LOCALES","0101030101","MUNICIPALIDADES","1353","MUNICIPALIDAD DISTRITAL DE GORGOR","15","LIMA","4473828","2881314.64"
"2025","13","GOBIERNOS LOCALES","0101030101","MUNICIPALIDADES","1354","MUNICIPALIDAD DISTRITAL DE HUANCAPON","15","LIMA","2079243","1815330.98"
"2025","13","GOBIERNOS LOCALES","0101030101","MUNICIPALIDADES","1355","MUNICIPALIDAD DISTRITAL DE MANAS","15","LIMA","2231261","2108632.38"
"2025","13","GOBIERNOS LOCALES","0101030101","MUNICIPALIDADES","1356","MUNICIPALIDAD PROVINCIAL DE CANTA","15","LIMA","13351369","12277230.15"
"2025","13","GOBIERNOS LOCALES","0101030101","MUNICIPALIDADES","1357","MUNICIPALIDAD DISTRITAL DE ARAHUAY","15","LIMA","5387210","5188807.91"
"2025","13","GOBIERNOS LOCALES","0101030101","MUNICIPALIDADES","1358","MUNICIPALIDAD DISTRITAL DE HUAMANTANGA","15","LIMA","2810351","2204955.4"
"2025","13","GOBIERNOS LOCALES","0101030101","MUNICIPALIDADES","1359","MUNICIPALIDAD DISTRITAL DE HUAROS","15","LIMA","2077944","1967226.64"
"2025","13","GOBIERNOS LOCALES","0101030101","MUNICIPALIDADES","1360","MUNICIPALIDAD DISTRITAL DE LACHAQUI","15","LIMA","2052209","1634337.08"
"2025","13","GOBIERNOS LOCALES","0101030101","MUNICIPALIDADES","1361","MUNICIPALIDAD DISTRITAL DE SAN BUENAVENTURA","15","LIMA","1895143","1687997.38"
"2025","13","GOBIERNOS LOCALES","0101030101","MUNICIPALIDADES","1362","MUNICIPALIDAD DISTRITAL DE SANTA ROSA DE QUIVES","15","LIMA","8495212","7875180.17"
"2025","13","GOBIERNOS LOCALES","0101030101","MUNICIPALIDADES","1363","MUNICIPALIDAD PROVINCIAL DE CAÑETE - SAN VICENTE DE CAÑETE","15","LIMA","105003380","86627122.9"
"2025","13","GOBIERNOS LOCALES","0101030101","MUNICIPALIDADES","1364","MUNICIPALIDAD DISTRITAL DE ASIA","15","LIMA","46275872","37056609.3"
"2025","13","GOBIERNOS LOCALES","0101030101","MUNICIPALIDADES","1365","MUNICIPALIDAD DISTRITAL DE CALANGO","15","LIMA","5013917","3327037.98"
"2025","13","GOBIERNOS LOCALES","0101030101","MUNICIPALIDADES","1366","MUNICIPALIDAD DISTRITAL DE CERRO AZUL","15","LIMA","18363521","16277450.77"
"2025","13","GOBIERNOS LOCALES","0101030101","MUNICIPALIDADES","1367","MUNICIPALIDAD DISTRITAL DE COAYLLO","15","LIMA","7340580","4778812.97"
"2025","13","GOBIERNOS LOCALES","0101030101","MUNICIPALIDADES","1368","MUNICIPALIDAD DISTRITAL DE CHILCA","15","LIMA","62399342","45300766.54"
"2025","13","GOBIERNOS LOCALES","0101030101","MUNICIPALIDADES","1369","MUNICIPALIDAD DISTRITAL DE IMPERIAL","15","LIMA","28088005","21034824.78"
"2025","13","GOBIERNOS LOCALES","0101030101","MUNICIPALIDADES","1370","MUNICIPALIDAD DISTRITAL DE LUNAHUANA","15","LIMA","8914968","7223204.66"
"2025","13","GOBIERNOS LOCALES","0101030101","MUNICIPALIDADES","1371","MUNICIPALIDAD DISTRITAL DE MALA","15","LIMA","37538921","32617647.51"
"2025","13","GOBIERNOS LOCALES","0101030101","MUNICIPALIDADES","1372","MUNICIPALIDAD DISTRITAL DE NUEVO IMPERIAL","15","LIMA","40920084","29271031.65"
"2025","13","GOBIERNOS LOCALES","0101030101","MUNICIPALIDADES","1373","MUNICIPALIDAD DISTRITAL DE PACARAN","15","LIMA","4034857","3406226.35"
"2025","13","GOBIERNOS LOCALES","0101030101","MUNICIPALIDADES","1374","MUNICIPALIDAD DISTRITAL DE QUILMANA","15","LIMA","15109717","13374892.72"
"2025","13","GOBIERNOS LOCALES","0101030101","MUNICIPALIDADES","1375","MUNICIPALIDAD DISTRITAL DE SAN ANTONIO","15","LIMA","21771715","17388086.9"
"2025","13","GOBIERNOS LOCALES","0101030101","MUNICIPALIDADES","1376","MUNICIPALIDAD DISTRITAL DE SAN LUIS","15","LIMA","9504610","8159516.23"
"2025","13","GOBIERNOS LOCALES","0101030101","MUNICIPALIDADES","1377","MUNICIPALIDAD DISTRITAL DE SANTA CRUZ DE FLORES","15","LIMA","8568186","8142487.06"
"2025","13","GOBIERNOS LOCALES","0101030101","MUNICIPALIDADES","1378","MUNICIPALIDAD DISTRITAL DE ZUÑIGA","15","LIMA","5294125","3295816.73"
"2025","13","GOBIERNOS LOCALES","0101030101","MUNICIPALIDADES","1379","MUNICIPALIDAD PROVINCIAL DE HUACHO","15","LIMA","105352928","80421302.29"
"2025","13","GOBIERNOS LOCALES","0101030101","MUNICIPALIDADES","1380","MUNICIPALIDAD DISTRITAL DE AMBAR","15","LIMA","5713302","5211544.17"
"2025","13","GOBIERNOS LOCALES","0101030101","MUNICIPALIDADES","1381","MUNICIPALIDAD DISTRITAL DE CALETA DE CARQUIN","15","LIMA","9629155","6069439.8"
"2025","13","GOBIERNOS LOCALES","0101030101","MUNICIPALIDADES","1382","MUNICIPALIDAD DISTRITAL DE CHECRAS","15","LIMA","2570302","2373472.48"
"2025","13","GOBIERNOS LOCALES","0101030101","MUNICIPALIDADES","1383","MUNICIPALIDAD DISTRITAL DE HUALMAY","15","LIMA","16179073","13778739.48"
"2025","13","GOBIERNOS LOCALES","0101030101","MUNICIPALIDADES","1384","MUNICIPALIDAD DISTRITAL DE HUAURA","15","LIMA","26096232","23629444.77"
"2025","13","GOBIERNOS LOCALES","0101030101","MUNICIPALIDADES","1385","MUNICIPALIDAD DISTRITAL DE LEONCIO PRADO","15","LIMA","2973892","2046405.96"
"2025","13","GOBIERNOS LOCALES","0101030101","MUNICIPALIDADES","1386","MUNICIPALIDAD DISTRITAL DE PACCHO","15","LIMA","3708691","3106968.11"
"2025","13","GOBIERNOS LOCALES","0101030101","MUNICIPALIDADES","1387","MUNICIPALIDAD DISTRITAL DE SANTA MARIA","15","LIMA","23732694","20953621.13"
"2025","13","GOBIERNOS LOCALES","0101030101","MUNICIPALIDADES","1388","MUNICIPALIDAD DISTRITAL DE SAYAN","15","LIMA","22785954","19813414.55"
"2025","13","GOBIERNOS LOCALES","0101030101","MUNICIPALIDADES","1389","MUNICIPALIDAD DISTRITAL DE VEGUETA","15","LIMA","22639766","18218240.99"
"2025","13","GOBIERNOS LOCALES","0101030101","MUNICIPALIDADES","1390","MUNICIPALIDAD DISTRITAL DE SANTA LEONOR","15","LIMA","4851992","3929011.69"
"2025","13","GOBIERNOS LOCALES","0101030101","MUNICIPALIDADES","1391","MUNICIPALIDAD PROVINCIAL DE HUARAL","15","LIMA","125988456","100241191.03"
"2025","13","GOBIERNOS LOCALES","0101030101","MUNICIPALIDADES","1392","MUNICIPALIDAD DISTRITAL DE CHANCAY","15","LIMA","51838992","48739996.27"
"2025","13","GOBIERNOS LOCALES","0101030101","MUNICIPALIDADES","1393","MUNICIPALIDAD DISTRITAL DE AUCALLAMA","15","LIMA","19062066","18220038.91"
"2025","13","GOBIERNOS LOCALES","0101030101","MUNICIPALIDADES","1394","MUNICIPALIDAD DISTRITAL DE IHUARI","15","LIMA","4818667","4003262.27"
"2025","13","GOBIERNOS LOCALES","0101030101","MUNICIPALIDADES","1395","MUNICIPALIDAD DISTRITAL DE LAMPIAN","15","LIMA","2882070","2279183.39"
"2025","13","GOBIERNOS LOCALES","0101030101","MUNICIPALIDADES","1396","MUNICIPALIDAD DISTRITAL DE SAN MIGUEL DE ACOS","15","LIMA","3479192","2951252.71"
"2025","13","GOBIERNOS LOCALES","0101030101","MUNICIPALIDADES","1397","MUNICIPALIDAD DISTRITAL VEINTISIETE DE NOVIEMBRE","15","LIMA","3412748","2770181.31"
"2025","13","GOBIERNOS LOCALES","0101030101","MUNICIPALIDADES","1398","MUNICIPALIDAD DISTRITAL DE PACARAOS","15","LIMA","4236316","3335750.6"
"2025","13","GOBIERNOS LOCALES","0101030101","MUNICIPALIDADES","1399","MUNICIPALIDAD DISTRITAL DE SANTA CRUZ DE ANDAMARCA","15","LIMA","6427371","4479835.32"
"2025","13","GOBIERNOS LOCALES","0101030101","MUNICIPALIDADES","1400","MUNICIPALIDAD DISTRITAL DE ATAVILLOS ALTO","15","LIMA","4298441","3532210.04"
"2025","13","GOBIERNOS LOCALES","0101030101","MUNICIPALIDADES","1401","MUNICIPALIDAD DISTRITAL DE ATAVILLOS BAJO","15","LIMA","6023658","5032100.54"
"2025","13","GOBIERNOS LOCALES","0101030101","MUNICIPALIDADES","1402","MUNICIPALIDAD DISTRITAL DE SUMBILCA","15","LIMA","4572640","2717831.68"
"2025","13","GOBIERNOS LOCALES","0101030101","MUNICIPALIDADES","1403","MUNICIPALIDAD PROVINCIAL DE HUAROCHIRI - MATUCANA","15","LIMA","29841371","28243582.06"
"2025","13","GOBIERNOS LOCALES","0101030101","MUNICIPALIDADES","1404","MUNICIPALIDAD DISTRITAL DE ANTIOQUIA","15","LIMA","4596027","3138760.56"
"2025","13","GOBIERNOS LOCALES","0101030101","MUNICIPALIDADES","1405","MUNICIPALIDAD DISTRITAL DE CALLAHUANCA","15","LIMA","2647730","2378456.07"
"2025","13","GOBIERNOS LOCALES","0101030101","MUNICIPALIDADES","1406","MUNICIPALIDAD DISTRITAL DE CARAMPOMA","15","LIMA","3874478","3727288.63"
"2025","13","GOBIERNOS LOCALES","0101030101","MUNICIPALIDADES","1407","MUNICIPALIDAD DISTRITAL DE CASTA","15","LIMA","2392659","2001485.5"
"2025","13","GOBIERNOS LOCALES","0101030101","MUNICIPALIDADES","1408","MUNICIPALIDAD DISTRITAL DE CUENCA","15","LIMA","2119519","2040011.32"
"2025","13","GOBIERNOS LOCALES","0101030101","MUNICIPALIDADES","1409","MUNICIPALIDAD DISTRITAL DE CHICLA","15","LIMA","11068953","8801646.78"
"2025","13","GOBIERNOS LOCALES","0101030101","MUNICIPALIDADES","1410","MUNICIPALIDAD DISTRITAL DE HUACHUPAMPA","15","LIMA","3567053","3565312.72"
"2025","13","GOBIERNOS LOCALES","0101030101","MUNICIPALIDADES","1411","MUNICIPALIDAD DISTRITAL DE HUANZA","15","LIMA","5178600","4445988.09"
"2025","13","GOBIERNOS LOCALES","0101030101","MUNICIPALIDADES","1412","MUNICIPALIDAD DISTRITAL DE HUAROCHIRI","15","LIMA","3343163","3247375.22"
"2025","13","GOBIERNOS LOCALES","0101030101","MUNICIPALIDADES","1413","MUNICIPALIDAD DISTRITAL DE LAHUAYTAMBO","15","LIMA","2300770","2185858.41"
"2025","13","GOBIERNOS LOCALES","0101030101","MUNICIPALIDADES","1414","MUNICIPALIDAD DISTRITAL DE LANGA","15","LIMA","2128587","1994569.32"
"2025","13","GOBIERNOS LOCALES","0101030101","MUNICIPALIDADES","1415","MUNICIPALIDAD DISTRITAL DE SAN PEDRO DE LARAOS","15","LIMA","2165853","2090967.53"
"2025","13","GOBIERNOS LOCALES","0101030101","MUNICIPALIDADES","1416","MUNICIPALIDAD DISTRITAL DE MARIATANA","15","LIMA","2603122","2561791.09"
"2025","13","GOBIERNOS LOCALES","0101030101","MUNICIPALIDADES","1417","MUNICIPALIDAD DISTRITAL DE RICARDO PALMA","15","LIMA","6628649","6143798.93"
"2025","13","GOBIERNOS LOCALES","0101030101","MUNICIPALIDADES","1418","MUNICIPALIDAD DISTRITAL DE SAN ANDRES DE TUPICOCHA","15","LIMA","2161743","1701105.84"
"2025","13","GOBIERNOS LOCALES","0101030101","MUNICIPALIDADES","1419","MUNICIPALIDAD DISTRITAL DE SAN ANTONIO","15","LIMA","46724313","42695125.85"
"2025","13","GOBIERNOS LOCALES","0101030101","MUNICIPALIDADES","1420","MUNICIPALIDAD DISTRITAL DE SAN BARTOLOME","15","LIMA","2056947","1947503.1"
"2025","13","GOBIERNOS LOCALES","0101030101","MUNICIPALIDADES","1421","MUNICIPALIDAD DISTRITAL DE SAN DAMIAN","15","LIMA","3263858","2247965.99"
"2025","13","GOBIERNOS LOCALES","0101030101","MUNICIPALIDADES","1422","MUNICIPALIDAD DISTRITAL DE SAN JUAN DE IRIS","15","LIMA","2464848","2175835.75"
"2025","13","GOBIERNOS LOCALES","0101030101","MUNICIPALIDADES","1423","MUNICIPALIDAD DISTRITAL DE SAN JUAN DE TANTARANCHE","15","LIMA","1891798","1799298.75"
"2025","13","GOBIERNOS LOCALES","0101030101","MUNICIPALIDADES","1424","MUNICIPALIDAD DISTRITAL DE SAN LORENZO DE QUINTI","15","LIMA","5039717","4498552.94"
"2025","13","GOBIERNOS LOCALES","0101030101","MUNICIPALIDADES","1425","MUNICIPALIDAD DISTRITAL DE SAN MATEO","15","LIMA","8545899","5293364.66"
"2025","13","GOBIERNOS LOCALES","0101030101","MUNICIPALIDADES","1426","MUNICIPALIDAD DISTRITAL DE SAN MATEO DE OTAO","15","LIMA","3163015","2813415.9"
"2025","13","GOBIERNOS LOCALES","0101030101","MUNICIPALIDADES","1427","MUNICIPALIDAD DISTRITAL DE SAN PEDRO DE HUANCAYRE","15","LIMA","1996517","1980036.92"
"2025","13","GOBIERNOS LOCALES","0101030101","MUNICIPALIDADES","1428","MUNICIPALIDAD DISTRITAL DE SANGALLAYA","15","LIMA","1874116","1796742.38"
"2025","13","GOBIERNOS LOCALES","0101030101","MUNICIPALIDADES","1429","MUNICIPALIDAD DISTRITAL DE SANTA CRUZ DE COCACHACRA","15","LIMA","3390004","2908535.3"
"2025","13","GOBIERNOS LOCALES","0101030101","MUNICIPALIDADES","1430","MUNICIPALIDAD DISTRITAL DE SANTA EULALIA","15","LIMA","15166477","13841774.2"
"2025","13","GOBIERNOS LOCALES","0101030101","MUNICIPALIDADES","1431","MUNICIPALIDAD DISTRITAL DE SANTIAGO DE ANCHUCAYA","15","LIMA","2065864","2001223.94"
"2025","13","GOBIERNOS LOCALES","0101030101","MUNICIPALIDADES","1432","MUNICIPALIDAD DISTRITAL DE SANTIAGO DE TUNA","15","LIMA","1997552","1918217.18"
"2025","13","GOBIERNOS LOCALES","0101030101","MUNICIPALIDADES","1433","MUNICIPALIDAD DISTRITAL DE SANTO DOMINGO DE LOS OLLEROS","15","LIMA","7593095","6899498.54"
"2025","13","GOBIERNOS LOCALES","0101030101","MUNICIPALIDADES","1434","MUNICIPALIDAD DISTRITAL DE SURCO","15","LIMA","2885692","2873453.13"
"2025","13","GOBIERNOS LOCALES","0101030101","MUNICIPALIDADES","1435","MUNICIPALIDAD PROVINCIAL DE YAUYOS","15","LIMA","19044614","9414296.86"
"2025","13","GOBIERNOS LOCALES","0101030101","MUNICIPALIDADES","1436","MUNICIPALIDAD DISTRITAL DE ALIS","15","LIMA","6471113","5940093.59"
"2025","13","GOBIERNOS LOCALES","0101030101","MUNICIPALIDADES","1437","MUNICIPALIDAD DISTRITAL DE AYAUCA","15","LIMA","2566054","2385189.61"
"2025","13","GOBIERNOS LOCALES","0101030101","MUNICIPALIDADES","1438","MUNICIPALIDAD DISTRITAL DE AYAVIRI","15","LIMA","2267592","1937215.98"
"2025","13","GOBIERNOS LOCALES","0101030101","MUNICIPALIDADES","1439","MUNICIPALIDAD DISTRITAL DE AZANGARO","15","LIMA","5648068","3380104.86"
"2025","13","GOBIERNOS LOCALES","0101030101","MUNICIPALIDADES","1440","MUNICIPALIDAD DISTRITAL DE CACRA","15","LIMA","3068506","1063737.13"
"2025","13","GOBIERNOS LOCALES","0101030101","MUNICIPALIDADES","1441","MUNICIPALIDAD DISTRITAL DE CARANIA","15","LIMA","2542186","2125243.9"
"2025","13","GOBIERNOS LOCALES","0101030101","MUNICIPALIDADES","1442","MUNICIPALIDAD DISTRITAL DE COCHAS","15","LIMA","1704017","1646033.48"
"2025","13","GOBIERNOS LOCALES","0101030101","MUNICIPALIDADES","1443","MUNICIPALIDAD DISTRITAL DE COLONIA","15","LIMA","15947935","3482974.8"
"2025","13","GOBIERNOS LOCALES","0101030101","MUNICIPALIDADES","1444","MUNICIPALIDAD DISTRITAL DE CHOCOS","15","LIMA","3950596","3228253.72"
"2025","13","GOBIERNOS LOCALES","0101030101","MUNICIPALIDADES","1445","MUNICIPALIDAD DISTRITAL DE HONGOS","15","LIMA","1887852","1450281.49"
"2025","13","GOBIERNOS LOCALES","0101030101","MUNICIPALIDADES","1446","MUNICIPALIDAD DISTRITAL DE HUAMPARA","15","LIMA","1632369","1553457.72"
"2025","13","GOBIERNOS LOCALES","0101030101","MUNICIPALIDADES","1447","MUNICIPALIDAD DISTRITAL DE HUANCAYA","15","LIMA","1871458","1592231.71"
"2025","13","GOBIERNOS LOCALES","0101030101","MUNICIPALIDADES","1448","MUNICIPALIDAD DISTRITAL DE HUANGASCAR","15","LIMA","1961177","1870457.19"
"2025","13","GOBIERNOS LOCALES","0101030101","MUNICIPALIDADES","1449","MUNICIPALIDAD DISTRITAL DE HUANTAN","15","LIMA","7667288","6979468.15"
"2025","13","GOBIERNOS LOCALES","0101030101","MUNICIPALIDADES","1450","MUNICIPALIDAD DISTRITAL DE HUAÑEC","15","LIMA","2258847","1950577.03"
"2025","13","GOBIERNOS LOCALES","0101030101","MUNICIPALIDADES","1451","MUNICIPALIDAD DISTRITAL DE LARAOS","15","LIMA","18573504","11504191.56"
"2025","13","GOBIERNOS LOCALES","0101030101","MUNICIPALIDADES","1452","MUNICIPALIDAD DISTRITAL DE LINCHA","15","LIMA","2188145","1241419.22"
"2025","13","GOBIERNOS LOCALES","0101030101","MUNICIPALIDADES","1453","MUNICIPALIDAD DISTRITAL DE MADEAN","15","LIMA","2976395","1756032.74"
"2025","13","GOBIERNOS LOCALES","0101030101","MUNICIPALIDADES","1454","MUNICIPALIDAD DISTRITAL DE MIRAFLORES","15","LIMA","2677463","2125273.64"
"2025","13","GOBIERNOS LOCALES","0101030101","MUNICIPALIDADES","1455","MUNICIPALIDAD DISTRITAL DE OMAS","15","LIMA","1779492","1684478.57"
"2025","13","GOBIERNOS LOCALES","0101030101","MUNICIPALIDADES","1456","MUNICIPALIDAD DISTRITAL DE PUTINZA","15","LIMA","4218378","1921275.57"
"2025","13","GOBIERNOS LOCALES","0101030101","MUNICIPALIDADES","1457","MUNICIPALIDAD DISTRITAL DE QUINCHES","15","LIMA","2277967","2149170.14"
"2025","13","GOBIERNOS LOCALES","0101030101","MUNICIPALIDADES","1458","MUNICIPALIDAD DISTRITAL DE QUINOCAY","15","LIMA","1728910","1131947.83"
"2025","13","GOBIERNOS LOCALES","0101030101","MUNICIPALIDADES","1459","MUNICIPALIDAD DISTRITAL DE SAN JOAQUIN","15","LIMA","1974486","1928947.78"
"2025","13","GOBIERNOS LOCALES","0101030101","MUNICIPALIDADES","1460","MUNICIPALIDAD DISTRITAL DE SAN PEDRO DE PILAS","15","LIMA","1756911","1728031.84"
"2025","13","GOBIERNOS LOCALES","0101030101","MUNICIPALIDADES","1461","MUNICIPALIDAD DISTRITAL DE TANTA","15","LIMA","1988287","1548031.22"
"2025","13","GOBIERNOS LOCALES","0101030101","MUNICIPALIDADES","1462","MUNICIPALIDAD DISTRITAL DE TAURIPAMPA","15","LIMA","2212324","1922353.76"
"2025","13","GOBIERNOS LOCALES","0101030101","MUNICIPALIDADES","1463","MUNICIPALIDAD DISTRITAL DE TOMAS","15","LIMA","4128051","3294617.96"
"2025","13","GOBIERNOS LOCALES","0101030101","MUNICIPALIDADES","1464","MUNICIPALIDAD DISTRITAL DE TUPE","15","LIMA","2131418","1940770.22"
"2025","13","GOBIERNOS LOCALES","0101030101","MUNICIPALIDADES","1465","MUNICIPALIDAD DISTRITAL DE VIÑAC","15","LIMA","3151261","1701666.04"
"2025","13","GOBIERNOS LOCALES","0101030101","MUNICIPALIDADES","1466","MUNICIPALIDAD DISTRITAL DE VITIS","15","LIMA","2272408","1541702.18"
"2025","13","GOBIERNOS LOCALES","0101030101","MUNICIPALIDADES","1467","MUNICIPALIDAD DISTRITAL DE CATAHUASI","15","LIMA","2307567","2088261.19"
"2025","13","GOBIERNOS LOCALES","0101030101","MUNICIPALIDADES","1468","MUNICIPALIDAD PROVINCIAL DE BARRANCA","15","LIMA","59128195","53724797.34"
"2025","13","GOBIERNOS LOCALES","0101030101","MUNICIPALIDADES","1469","MUNICIPALIDAD DISTRITAL DE PARAMONGA","15","LIMA","15308131","13819718.98"
"2025","13","GOBIERNOS LOCALES","0101030101","MUNICIPALIDADES","1470","MUNICIPALIDAD DISTRITAL DE PATIVILCA","15","LIMA","10974186","9942937.99"
"2025","13","GOBIERNOS LOCALES","0101030101","MUNICIPALIDADES","1471","MUNICIPALIDAD DISTRITAL DE SUPE PUEBLO","15","LIMA","23280238","18439667.73"
"2025","13","GOBIERNOS LOCALES","0101030101","MUNICIPALIDADES","1472","MUNICIPALIDAD DISTRITAL DE SUPE PUERTO","15","LIMA","9216201","6783252.42"
"2025","13","GOBIERNOS LOCALES","0101030101","MUNICIPALIDADES","1473","MUNICIPALIDAD PROVINCIAL DE OYON","15","LIMA","39955652","26283095.57"
"2025","13","GOBIERNOS LOCALES","0101030101","MUNICIPALIDADES","1474","MUNICIPALIDAD DISTRITAL DE ANDAJES","15","LIMA","5061108","3869192.27"
"2025","13","GOBIERNOS LOCALES","0101030101","MUNICIPALIDADES","1475","MUNICIPALIDAD DISTRITAL DE CAUJUL","15","LIMA","2700078","2119339.46"
"2025","13","GOBIERNOS LOCALES","0101030101","MUNICIPALIDADES","1476","MUNICIPALIDAD DISTRITAL DE COCHAMARCA","15","LIMA","2362439","2094149.43"
"2025","13","GOBIERNOS LOCALES","0101030101","MUNICIPALIDADES","1477","MUNICIPALIDAD DISTRITAL DE NAVAN","15","LIMA","2572755","2355165.59"
"2025","13","GOBIERNOS LOCALES","0101030101","MUNICIPALIDADES","1478","MUNICIPALIDAD DISTRITAL DE PACHANGARA","15","LIMA","9212169","5619678.86"
"2025","13","GOBIERNOS LOCALES","0101030101","MUNICIPALIDADES","1479","MUNICIPALIDAD PROVINCIAL DE MAYNAS - IQUITOS","16","LORETO","153568146","147307585.31"
"2025","13","GOBIERNOS LOCALES","0101030101","MUNICIPALIDADES","1480","MUNICIPALIDAD DISTRITAL DE ALTO NANAY","16","LORETO","33234690","13188113.29"
"2025","13","GOBIERNOS LOCALES","0101030101","MUNICIPALIDADES","1481","MUNICIPALIDAD DISTRITAL DE FERNANDO LORES","16","LORETO","12274071","10125817.93"
"2025","13","GOBIERNOS LOCALES","0101030101","MUNICIPALIDADES","1482","MUNICIPALIDAD DISTRITAL DE INDIANA","16","LORETO","11671804","9585062.65"
"2025","13","GOBIERNOS LOCALES","0101030101","MUNICIPALIDADES","1483","MUNICIPALIDAD DISTRITAL DE LAS AMAZONAS","16","LORETO","8860777","7939630.03"
"2025","13","GOBIERNOS LOCALES","0101030101","MUNICIPALIDADES","1484","MUNICIPALIDAD DISTRITAL DE MAZAN","16","LORETO","26383363","20355166.63"
"2025","13","GOBIERNOS LOCALES","0101030101","MUNICIPALIDADES","1485","MUNICIPALIDAD DISTRITAL DE NAPO","16","LORETO","30076050","26157837.93"
"2025","13","GOBIERNOS LOCALES","0101030101","MUNICIPALIDADES","1487","MUNICIPALIDAD DISTRITAL DE TORRES CAUSANA","16","LORETO","19164301","12463249.98"
"2025","13","GOBIERNOS LOCALES","0101030101","MUNICIPALIDADES","1488","MUNICIPALIDAD DISTRITAL DE PUNCHANA","16","LORETO","40950195","38017888.81"
"2025","13","GOBIERNOS LOCALES","0101030101","MUNICIPALIDADES","1489","MUNICIPALIDAD DISTRITAL DE YAQUERANA","16","LORETO","5834911","4652590.76"
"2025","13","GOBIERNOS LOCALES","0101030101","MUNICIPALIDADES","1490","MUNICIPALIDAD PROVINCIAL DEL ALTO AMAZONAS - YURIMAGUAS","16","LORETO","208443126","155531400.18"
"2025","13","GOBIERNOS LOCALES","0101030101","MUNICIPALIDADES","1491","MUNICIPALIDAD DISTRITAL DE BALSAPUERTO","16","LORETO","20338167","16213241.95"
"2025","13","GOBIERNOS LOCALES","0101030101","MUNICIPALIDADES","1492","MUNICIPALIDAD PROVINCIAL DATEM DEL MARAÑON","16","LORETO","59669941","43558149.58"
"2025","13","GOBIERNOS LOCALES","0101030101","MUNICIPALIDADES","1493","MUNICIPALIDAD DISTRITAL DE CAHUAPANAS","16","LORETO","22388145","17583833.99"
"2025","13","GOBIERNOS LOCALES","0101030101","MUNICIPALIDADES","1494","MUNICIPALIDAD DISTRITAL DE JEBEROS","16","LORETO","20346384","11945774.77"
"2025","13","GOBIERNOS LOCALES","0101030101","MUNICIPALIDADES","1495","MUNICIPALIDAD DISTRITAL LAGUNAS","16","LORETO","24823643","19270355.48"
"2025","13","GOBIERNOS LOCALES","0101030101","MUNICIPALIDADES","1496","MUNICIPALIDAD DISTRITAL DE MANSERICHE","16","LORETO","21380356","19113433.42"
"2025","13","GOBIERNOS LOCALES","0101030101","MUNICIPALIDADES","1497","MUNICIPALIDAD DISTRITAL DE MORONA","16","LORETO","26650554","20810001.65"
"2025","13","GOBIERNOS LOCALES","0101030101","MUNICIPALIDADES","1498","MUNICIPALIDAD DISTRITAL DE PASTAZA","16","LORETO","19042714","16451931.96"
"2025","13","GOBIERNOS LOCALES","0101030101","MUNICIPALIDADES","1499","MUNICIPALIDAD DISTRITAL DE SANTA CRUZ","16","LORETO","8595687","8369720.03"
"2025","13","GOBIERNOS LOCALES","0101030101","MUNICIPALIDADES","1500","MUNICIPALIDAD DISTRITAL DE TENIENTE CESAR LOPEZ ROJAS","16","LORETO","8498541","7006093.98"
"2025","13","GOBIERNOS LOCALES","0101030101","MUNICIPALIDADES","1501","MUNICIPALIDAD PROVINCIAL DE MARISCAL RAMON CASTILLA","16","LORETO","35132220","32897585.1"
"2025","13","GOBIERNOS LOCALES","0101030101","MUNICIPALIDADES","1502","MUNICIPALIDAD DISTRITAL PEVAS","16","LORETO","12125728","10134342.77"
"2025","13","GOBIERNOS LOCALES","0101030101","MUNICIPALIDADES","1503","MUNICIPALIDAD DISTRITAL DE YAVARI","16","LORETO","12233060","11032635.4"
"2025","13","GOBIERNOS LOCALES","0101030101","MUNICIPALIDADES","1504","MUNICIPALIDAD DISTRITAL DE SAN PABLO","16","LORETO","12323744","11902528.49"
"2025","13","GOBIERNOS LOCALES","0101030101","MUNICIPALIDADES","1505","MUNICIPALIDAD PROVINCIAL DE LORETO - NAUTA","16","LORETO","81336872","65404469.52"
"2025","13","GOBIERNOS LOCALES","0101030101","MUNICIPALIDADES","1506","MUNICIPALIDAD DISTRITAL DE PARINARI","16","LORETO","28013761","16084758.92"
"2025","13","GOBIERNOS LOCALES","0101030101","MUNICIPALIDADES","1507","MUNICIPALIDAD DISTRITAL DE TIGRE","16","LORETO","33905909","30303544.4"
"2025","13","GOBIERNOS LOCALES","0101030101","MUNICIPALIDADES","1508","MUNICIPALIDAD DISTRITAL DE URARINAS","16","LORETO","35625187","26062179.02"
"2025","13","GOBIERNOS LOCALES","0101030101","MUNICIPALIDADES","1509","MUNICIPALIDAD DISTRITAL DE TROMPETEROS","16","LORETO","27366669","22173018.42"
"2025","13","GOBIERNOS LOCALES","0101030101","MUNICIPALIDADES","1510","MUNICIPALIDAD PROVINCIAL DE REQUENA","16","LORETO","169534454","154515771.36"
"2025","13","GOBIERNOS LOCALES","0101030101","MUNICIPALIDADES","1511","MUNICIPALIDAD DISTRITAL DE ALTO TAPICHE","16","LORETO","11825876","10035058.26"
"2025","13","GOBIERNOS LOCALES","0101030101","MUNICIPALIDADES","1512","MUNICIPALIDAD DISTRITAL DE CAPELO","16","LORETO","9753077","8715487.84"
"2025","13","GOBIERNOS LOCALES","0101030101","MUNICIPALIDADES","1513","MUNICIPALIDAD DISTRITAL DE EMILIO SAN MARTIN","16","LORETO","29050838","19353409.91"
"2025","13","GOBIERNOS LOCALES","0101030101","MUNICIPALIDADES","1514","MUNICIPALIDAD DISTRITAL DE MAQUIA","16","LORETO","31271770","26927813.48"
"2025","13","GOBIERNOS LOCALES","0101030101","MUNICIPALIDADES","1515","MUNICIPALIDAD DISTRITAL DE PUINAHUA","16","LORETO","52693215","40478672.26"
"2025","13","GOBIERNOS LOCALES","0101030101","MUNICIPALIDADES","1516","MUNICIPALIDAD DISTRITAL DE SAPUENA","16","LORETO","7929817","4425988"
"2025","13","GOBIERNOS LOCALES","0101030101","MUNICIPALIDADES","1517","MUNICIPALIDAD DISTRITAL DE SOPLIN","16","LORETO","6101633","5128220.93"
"2025","13","GOBIERNOS LOCALES","0101030101","MUNICIPALIDADES","1518","MUNICIPALIDAD DISTRITAL DE TAPICHE","16","LORETO","7421299","6409033.31"
"2025","13","GOBIERNOS LOCALES","0101030101","MUNICIPALIDADES","1519","MUNICIPALIDAD DISTRITAL DE JENARO HERRERA","16","LORETO","11234099","6152174.32"
"2025","13","GOBIERNOS LOCALES","0101030101","MUNICIPALIDADES","1520","MUNICIPALIDAD PROVINCIAL DE UCAYALI - CONTAMANA","16","LORETO","47006509","40713308.44"
"2025","13","GOBIERNOS LOCALES","0101030101","MUNICIPALIDADES","1521","MUNICIPALIDAD DISTRITAL DE INAHUAYA","16","LORETO","8628229","8435067.86"
"2025","13","GOBIERNOS LOCALES","0101030101","MUNICIPALIDADES","1522","MUNICIPALIDAD DISTRITAL DE PADRE MARQUEZ","16","LORETO","6426262","5471622.23"
"2025","13","GOBIERNOS LOCALES","0101030101","MUNICIPALIDADES","1523","MUNICIPALIDAD DISTRITAL DE PAMPA HERMOZA","16","LORETO","7851625","7637766.11"
"2025","13","GOBIERNOS LOCALES","0101030101","MUNICIPALIDADES","1524","MUNICIPALIDAD DISTRITAL DE SARAYACU","16","LORETO","20852389","16668232.92"
"2025","13","GOBIERNOS LOCALES","0101030101","MUNICIPALIDADES","1525","MUNICIPALIDAD DISTRITAL DE VARGAS GUERRA","16","LORETO","21924020","17947124.63"
"2025","13","GOBIERNOS LOCALES","0101030101","MUNICIPALIDADES","1526","MUNICIPALIDAD PROVINCIAL DE TAMBOPATA","17","MADRE DE DIOS","79953567","63361516.02"
"2025","13","GOBIERNOS LOCALES","0101030101","MUNICIPALIDADES","1527","MUNICIPALIDAD DISTRITAL DE INAMBARI","17","MADRE DE DIOS","17171138","13878092.59"
"2025","13","GOBIERNOS LOCALES","0101030101","MUNICIPALIDADES","1528","MUNICIPALIDAD DISTRITAL DE LAS PIEDRAS","17","MADRE DE DIOS","20954702","15430438.07"
"2025","13","GOBIERNOS LOCALES","0101030101","MUNICIPALIDADES","1529","MUNICIPALIDAD DISTRITAL DE LABERINTO","17","MADRE DE DIOS","11849710","5964133.66"
"2025","13","GOBIERNOS LOCALES","0101030101","MUNICIPALIDADES","1530","MUNICIPALIDAD PROVINCIAL DE MANU","17","MADRE DE DIOS","12396743","11241304.41"
"2025","13","GOBIERNOS LOCALES","0101030101","MUNICIPALIDADES","1531","MUNICIPALIDAD DISTRITAL DE FITZCARRALD","17","MADRE DE DIOS","2851425","2624705.37"
"2025","13","GOBIERNOS LOCALES","0101030101","MUNICIPALIDADES","1532","MUNICIPALIDAD DISTRITAL DE MADRE DE DIOS","17","MADRE DE DIOS","7753212","7110539.69"
"2025","13","GOBIERNOS LOCALES","0101030101","MUNICIPALIDADES","1533","MUNICIPALIDAD PROVINCIAL DE TAHUAMANU - IÑAPARI","17","MADRE DE DIOS","23634788","9217899.49"
"2025","13","GOBIERNOS LOCALES","0101030101","MUNICIPALIDADES","1534","MUNICIPALIDAD DISTRITAL DE IBERIA","17","MADRE DE DIOS","5429358","4924294.32"
"2025","13","GOBIERNOS LOCALES","0101030101","MUNICIPALIDADES","1535","MUNICIPALIDAD DISTRITAL DE TAHUAMANU","17","MADRE DE DIOS","6583276","3317920.78"
"2025","13","GOBIERNOS LOCALES","0101030101","MUNICIPALIDADES","1536","MUNICIPALIDAD PROVINCIAL DE MARISCAL NIETO - MOQUEGUA","18","MOQUEGUA","247719810","204151969.44"
"2025","13","GOBIERNOS LOCALES","0101030101","MUNICIPALIDADES","1537","MUNICIPALIDAD DISTRITAL DE CARUMAS","18","MOQUEGUA","32008301","22129624.42"
"2025","13","GOBIERNOS LOCALES","0101030101","MUNICIPALIDADES","1538","MUNICIPALIDAD DISTRITAL DE CUCHUMBAYA","18","MOQUEGUA","13908348","11454468.04"
"2025","13","GOBIERNOS LOCALES","0101030101","MUNICIPALIDADES","1539","MUNICIPALIDAD DISTRITAL DE SAN CRISTOBAL","18","MOQUEGUA","10197416","9575692.77"
"2025","13","GOBIERNOS LOCALES","0101030101","MUNICIPALIDADES","1540","MUNICIPALIDAD DISTRITAL DE TORATA","18","MOQUEGUA","234646599","207399527.51"
"2025","13","GOBIERNOS LOCALES","0101030101","MUNICIPALIDADES","1541","MUNICIPALIDAD DISTRITAL DE SAMEGUA","18","MOQUEGUA","61062525","55376616.44"
"2025","13","GOBIERNOS LOCALES","0101030101","MUNICIPALIDADES","1542","MUNICIPALIDAD PROVINCIAL DE SANCHEZ CERRO - OMATE","18","MOQUEGUA","19582427","18840433.58"
"2025","13","GOBIERNOS LOCALES","0101030101","MUNICIPALIDADES","1543","MUNICIPALIDAD DISTRITAL DE COALAQUE","18","MOQUEGUA","3563993","2592892"
"2025","13","GOBIERNOS LOCALES","0101030101","MUNICIPALIDADES","1544","MUNICIPALIDAD DISTRITAL DE CHOJATA","18","MOQUEGUA","9083769","8650097.93"
"2025","13","GOBIERNOS LOCALES","0101030101","MUNICIPALIDADES","1545","MUNICIPALIDAD DISTRITAL DE ICHUÑA","18","MOQUEGUA","15364974","12537728.7"
"2025","13","GOBIERNOS LOCALES","0101030101","MUNICIPALIDADES","1546","MUNICIPALIDAD DISTRITAL DE LA CAPILLA","18","MOQUEGUA","4638689","4450216.03"
"2025","13","GOBIERNOS LOCALES","0101030101","MUNICIPALIDADES","1547","MUNICIPALIDAD DISTRITAL DE LLOQUE","18","MOQUEGUA","5158641","4251628.72"
"2025","13","GOBIERNOS LOCALES","0101030101","MUNICIPALIDADES","1548","MUNICIPALIDAD DISTRITAL DE MATALAQUE","18","MOQUEGUA","3098378","2804392.85"
"2025","13","GOBIERNOS LOCALES","0101030101","MUNICIPALIDADES","1549","MUNICIPALIDAD DISTRITAL DE PUQUINA","18","MOQUEGUA","7869701","4311604.09"
"2025","13","GOBIERNOS LOCALES","0101030101","MUNICIPALIDADES","1550","MUNICIPALIDAD DISTRITAL DE QUINISTAQUILLAS","18","MOQUEGUA","5917271","5052621.02"
"2025","13","GOBIERNOS LOCALES","0101030101","MUNICIPALIDADES","1551","MUNICIPALIDAD DISTRITAL DE UBINAS","18","MOQUEGUA","5628885","3698667.31"
"2025","13","GOBIERNOS LOCALES","0101030101","MUNICIPALIDADES","1552","MUNICIPALIDAD DISTRITAL DE YUNGA","18","MOQUEGUA","4299895","2838525.83"
"2025","13","GOBIERNOS LOCALES","0101030101","MUNICIPALIDADES","1553","MUNICIPALIDAD PROVINCIAL DE ILO","18","MOQUEGUA","226805605","158256622.93"
"2025","13","GOBIERNOS LOCALES","0101030101","MUNICIPALIDADES","1554","MUNICIPALIDAD DISTRITAL DE PACOCHA","18","MOQUEGUA","15803633","13914530.16"
"2025","13","GOBIERNOS LOCALES","0101030101","MUNICIPALIDADES","1555","MUNICIPALIDAD DISTRITAL DE EL ALGARROBAL","18","MOQUEGUA","94739754","81376011.34"
"2025","13","GOBIERNOS LOCALES","0101030101","MUNICIPALIDADES","1556","MUNICIPALIDAD PROVINCIAL DE PASCO - CHAPIMARCA","19","PASCO","48675094","44472541.16"
"2025","13","GOBIERNOS LOCALES","0101030101","MUNICIPALIDADES","1557","MUNICIPALIDAD DISTRITAL DE HUACHON","19","PASCO","8752978","5706131.57"
"2025","13","GOBIERNOS LOCALES","0101030101","MUNICIPALIDADES","1558","MUNICIPALIDAD DISTRITAL DE HUARIACA","19","PASCO","10153902","6231804.42"
"2025","13","GOBIERNOS LOCALES","0101030101","MUNICIPALIDADES","1559","MUNICIPALIDAD DISTRITAL DE HUAYLLAY","19","PASCO","32120289","23735740.13"
"2025","13","GOBIERNOS LOCALES","0101030101","MUNICIPALIDADES","1560","MUNICIPALIDAD DISTRITAL DE NINACACA","19","PASCO","13053395","7529707.38"
"2025","13","GOBIERNOS LOCALES","0101030101","MUNICIPALIDADES","1561","MUNICIPALIDAD DISTRITAL DE PALLANCHACRA","19","PASCO","5108307","4029500.72"
"2025","13","GOBIERNOS LOCALES","0101030101","MUNICIPALIDADES","1562","MUNICIPALIDAD DISTRITAL DE PAUCARTAMBO","19","PASCO","18451482","12435044.92"
"2025","13","GOBIERNOS LOCALES","0101030101","MUNICIPALIDADES","1563","MUNICIPALIDAD DISTRITAL DE SAN FRANCISCO DE ASIS DE YARUSYACAN","19","PASCO","12996943","11834163.8"
"2025","13","GOBIERNOS LOCALES","0101030101","MUNICIPALIDADES","1564","MUNICIPALIDAD DISTRITAL DE SIMON BOLIVAR","19","PASCO","13363489","11789187.63"
"2025","13","GOBIERNOS LOCALES","0101030101","MUNICIPALIDADES","1565","MUNICIPALIDAD DISTRITAL DE TICLACAYAN","19","PASCO","28208661","23444014.86"
"2025","13","GOBIERNOS LOCALES","0101030101","MUNICIPALIDADES","1566","MUNICIPALIDAD DISTRITAL DE TINYAHUARCO","19","PASCO","8238182","7344643.5"
"2025","13","GOBIERNOS LOCALES","0101030101","MUNICIPALIDADES","1567","MUNICIPALIDAD DISTRITAL DE VICCO","19","PASCO","12615887","11390259.62"
"2025","13","GOBIERNOS LOCALES","0101030101","MUNICIPALIDADES","1568","MUNICIPALIDAD DISTRITAL DE YANACANCHA","19","PASCO","47522840","34303735.15"
"2025","13","GOBIERNOS LOCALES","0101030101","MUNICIPALIDADES","1569","MUNICIPALIDAD PROVINCIAL DE DANIEL CARRION - YANAHUANCA","19","PASCO","31865440","22393245.71"
"2025","13","GOBIERNOS LOCALES","0101030101","MUNICIPALIDADES","1570","MUNICIPALIDAD DISTRITAL DE CHACAYAN","19","PASCO","4706237","3836030.08"
"2025","13","GOBIERNOS LOCALES","0101030101","MUNICIPALIDADES","1571","MUNICIPALIDAD DISTRITAL DE GOYLLARISQUIZGA","19","PASCO","2913042","2609145.34"
"2025","13","GOBIERNOS LOCALES","0101030101","MUNICIPALIDADES","1572","MUNICIPALIDAD DISTRITAL DE PAUCAR","19","PASCO","2740261","2209947.16"
"2025","13","GOBIERNOS LOCALES","0101030101","MUNICIPALIDADES","1573","MUNICIPALIDAD DISTRITAL DE SAN PEDRO DE PILLAO","19","PASCO","2353506","1845865.92"
"2025","13","GOBIERNOS LOCALES","0101030101","MUNICIPALIDADES","1574","MUNICIPALIDAD DISTRITAL DE SANTA ANA DE TUSI","19","PASCO","30231297","20245655.47"
"2025","13","GOBIERNOS LOCALES","0101030101","MUNICIPALIDADES","1575","MUNICIPALIDAD DISTRITAL DE TAPUC","19","PASCO","4097656","2842320.37"
"2025","13","GOBIERNOS LOCALES","0101030101","MUNICIPALIDADES","1576","MUNICIPALIDAD DISTRITAL DE VILCABAMBA","19","PASCO","15015748","12860325.23"
"2025","13","GOBIERNOS LOCALES","0101030101","MUNICIPALIDADES","1577","MUNICIPALIDAD PROVINCIAL DE OXAPAMPA","19","PASCO","122362205","56559306.58"
"2025","13","GOBIERNOS LOCALES","0101030101","MUNICIPALIDADES","1578","MUNICIPALIDAD DISTRITAL DE CHONTABAMBA","19","PASCO","8494970","7428910.26"
"2025","13","GOBIERNOS LOCALES","0101030101","MUNICIPALIDADES","1579","MUNICIPALIDAD DISTRITAL DE HUANCABAMBA","19","PASCO","24532759","14135539.44"
"2025","13","GOBIERNOS LOCALES","0101030101","MUNICIPALIDADES","1580","MUNICIPALIDAD DISTRITAL DE PUERTO BERMUDEZ","19","PASCO","32967813","25149832.98"
"2025","13","GOBIERNOS LOCALES","0101030101","MUNICIPALIDADES","1581","MUNICIPALIDAD DISTRITAL DE POZUZO","19","PASCO","8681772","6357270.59"
"2025","13","GOBIERNOS LOCALES","0101030101","MUNICIPALIDADES","1582","MUNICIPALIDAD DISTRITAL DE VILLA RICA","19","PASCO","26448664","25159179.96"
"2025","13","GOBIERNOS LOCALES","0101030101","MUNICIPALIDADES","1583","MUNICIPALIDAD DISTRITAL DE PALCAZU","19","PASCO","14982386","12303369.25"
"2025","13","GOBIERNOS LOCALES","0101030101","MUNICIPALIDADES","1584","MUNICIPALIDAD PROVINCIAL DE PIURA","20","PIURA","360144737","315416837.29"
"2025","13","GOBIERNOS LOCALES","0101030101","MUNICIPALIDADES","1585","MUNICIPALIDAD DISTRITAL DE CASTILLA","20","PIURA","134587791","114575642.99"
"2025","13","GOBIERNOS LOCALES","0101030101","MUNICIPALIDADES","1586","MUNICIPALIDAD DISTRITAL DE CATACAOS","20","PIURA","62845582","54661113.13"
"2025","13","GOBIERNOS LOCALES","0101030101","MUNICIPALIDADES","1587","MUNICIPALIDAD DISTRITAL DE CURA MORI","20","PIURA","12197512","10045491.98"
"2025","13","GOBIERNOS LOCALES","0101030101","MUNICIPALIDADES","1588","MUNICIPALIDAD DISTRITAL DE EL TALLAN","20","PIURA","12055536","11191422.64"
"2025","13","GOBIERNOS LOCALES","0101030101","MUNICIPALIDADES","1589","MUNICIPALIDAD DISTRITAL DE LA ARENA","20","PIURA","24358075","19294787.34"
"2025","13","GOBIERNOS LOCALES","0101030101","MUNICIPALIDADES","1590","MUNICIPALIDAD DISTRITAL DE LA UNION","20","PIURA","35362272","29702774.53"
"2025","13","GOBIERNOS LOCALES","0101030101","MUNICIPALIDADES","1591","MUNICIPALIDAD DISTRITAL DE LAS LOMAS","20","PIURA","43022239","31533002.62"
"2025","13","GOBIERNOS LOCALES","0101030101","MUNICIPALIDADES","1592","MUNICIPALIDAD DISTRITAL DE TAMBO GRANDE","20","PIURA","121992655","102938188.95"
"2025","13","GOBIERNOS LOCALES","0101030101","MUNICIPALIDADES","1593","MUNICIPALIDAD PROVINCIAL DE AYABACA","20","PIURA","109633791","87163162.33"
"2025","13","GOBIERNOS LOCALES","0101030101","MUNICIPALIDADES","1594","MUNICIPALIDAD DISTRITAL DE FRIAS","20","PIURA","37114908","29231296.34"
"2025","13","GOBIERNOS LOCALES","0101030101","MUNICIPALIDADES","1595","MUNICIPALIDAD DISTRITAL DE JILILI","20","PIURA","5206232","4192159.25"
"2025","13","GOBIERNOS LOCALES","0101030101","MUNICIPALIDADES","1596","MUNICIPALIDAD DISTRITAL DE LAGUNAS","20","PIURA","6882994","6334607.53"
"2025","13","GOBIERNOS LOCALES","0101030101","MUNICIPALIDADES","1597","MUNICIPALIDAD DISTRITAL DE MONTERO","20","PIURA","9923368","7947530.59"
"2025","13","GOBIERNOS LOCALES","0101030101","MUNICIPALIDADES","1598","MUNICIPALIDAD DISTRITAL DE PACAIPAMPA","20","PIURA","48749625","38328957.47"
"2025","13","GOBIERNOS LOCALES","0101030101","MUNICIPALIDADES","1599","MUNICIPALIDAD DISTRITAL DE PAIMAS","20","PIURA","35160278","30371491.69"
"2025","13","GOBIERNOS LOCALES","0101030101","MUNICIPALIDADES","1600","MUNICIPALIDAD DISTRITAL DE SAPILLICA","20","PIURA","16098974","13228648.74"
"2025","13","GOBIERNOS LOCALES","0101030101","MUNICIPALIDADES","1601","MUNICIPALIDAD DISTRITAL DE SICCHEZ","20","PIURA","5498968","5119820.84"
"2025","13","GOBIERNOS LOCALES","0101030101","MUNICIPALIDADES","1602","MUNICIPALIDAD DISTRITAL DE SUYO","20","PIURA","35857754","17424252.31"
"2025","13","GOBIERNOS LOCALES","0101030101","MUNICIPALIDADES","1603","MUNICIPALIDAD PROVINCIAL DE HUANCABAMBA","20","PIURA","59823677","51044879.66"
"2025","13","GOBIERNOS LOCALES","0101030101","MUNICIPALIDADES","1604","MUNICIPALIDAD DISTRITAL DE CANCHAQUE","20","PIURA","29375119","21346794.98"
"2025","13","GOBIERNOS LOCALES","0101030101","MUNICIPALIDADES","1605","MUNICIPALIDAD DISTRITAL DE LALAQUIZ","20","PIURA","5648645","4704645.28"
"2025","13","GOBIERNOS LOCALES","0101030101","MUNICIPALIDADES","1606","MUNICIPALIDAD DISTRITAL DE EL CARMEN DE LA FRONTERA","20","PIURA","26119627","23349976.14"
"2025","13","GOBIERNOS LOCALES","0101030101","MUNICIPALIDADES","1607","MUNICIPALIDAD DISTRITAL DE HUARMACA","20","PIURA","53393270","42261365.63"
"2025","13","GOBIERNOS LOCALES","0101030101","MUNICIPALIDADES","1608","MUNICIPALIDAD DISTRITAL DE SAN MIGUEL DE EL FAIQUE","20","PIURA","14664688","10931289.38"
"2025","13","GOBIERNOS LOCALES","0101030101","MUNICIPALIDADES","1609","MUNICIPALIDAD DISTRITAL DE SONDOR","20","PIURA","27478661","18604667.9"
"2025","13","GOBIERNOS LOCALES","0101030101","MUNICIPALIDADES","1610","MUNICIPALIDAD DISTRITAL DE SONDORILLO","20","PIURA","21026081","13662560.67"
"2025","13","GOBIERNOS LOCALES","0101030101","MUNICIPALIDADES","1611","MUNICIPALIDAD PROVINCIAL DE MORROPON - CHULUCANAS","20","PIURA","115207782","96393156.2"
"2025","13","GOBIERNOS LOCALES","0101030101","MUNICIPALIDADES","1612","MUNICIPALIDAD DISTRITAL DE BUENOS AIRES","20","PIURA","28502959","20375941.28"
"2025","13","GOBIERNOS LOCALES","0101030101","MUNICIPALIDADES","1613","MUNICIPALIDAD DISTRITAL DE CHALACO","20","PIURA","33147987","28178389.33"
"2025","13","GOBIERNOS LOCALES","0101030101","MUNICIPALIDADES","1614","MUNICIPALIDAD DISTRITAL DE LA MATANZA","20","PIURA","19472000","15584953.51"
"2025","13","GOBIERNOS LOCALES","0101030101","MUNICIPALIDADES","1615","MUNICIPALIDAD DISTRITAL DE MORROPON","20","PIURA","20234237","14255616.17"
"2025","13","GOBIERNOS LOCALES","0101030101","MUNICIPALIDADES","1616","MUNICIPALIDAD DISTRITAL DE SALITRAL","20","PIURA","9306050","7472210.69"
"2025","13","GOBIERNOS LOCALES","0101030101","MUNICIPALIDADES","1617","MUNICIPALIDAD DISTRITAL DE SANTA CATALINA DE MOSSA","20","PIURA","27528726","26369520.96"
"2025","13","GOBIERNOS LOCALES","0101030101","MUNICIPALIDADES","1618","MUNICIPALIDAD DISTRITAL DE SANTO DOMINGO","20","PIURA","10850859","10321598.92"
"2025","13","GOBIERNOS LOCALES","0101030101","MUNICIPALIDADES","1619","MUNICIPALIDAD DISTRITAL DE YAMANGO","20","PIURA","44514050","43334141.12"
"2025","13","GOBIERNOS LOCALES","0101030101","MUNICIPALIDADES","1620","MUNICIPALIDAD DISTRITAL DE SAN JUAN DE BIGOTE","20","PIURA","13912862","11627255.88"
"2025","13","GOBIERNOS LOCALES","0101030101","MUNICIPALIDADES","1621","MUNICIPALIDAD PROVINCIAL DE PAITA","20","PIURA","155689765","137409855.61"
"2025","13","GOBIERNOS LOCALES","0101030101","MUNICIPALIDADES","1622","MUNICIPALIDAD DISTRITAL DE AMOTAPE","20","PIURA","8726595","6077946.73"
"2025","13","GOBIERNOS LOCALES","0101030101","MUNICIPALIDADES","1623","MUNICIPALIDAD DISTRITAL DE ARENAL","20","PIURA","4187998","3765485.04"
"2025","13","GOBIERNOS LOCALES","0101030101","MUNICIPALIDADES","1624","MUNICIPALIDAD DISTRITAL DE COLAN","20","PIURA","36207630","30908577.77"
"2025","13","GOBIERNOS LOCALES","0101030101","MUNICIPALIDADES","1625","MUNICIPALIDAD DISTRITAL DE LA HUACA","20","PIURA","16940489","14220338.66"
"2025","13","GOBIERNOS LOCALES","0101030101","MUNICIPALIDADES","1626","MUNICIPALIDAD DISTRITAL DE TAMARINDO","20","PIURA","7475694","6522629.78"
"2025","13","GOBIERNOS LOCALES","0101030101","MUNICIPALIDADES","1627","MUNICIPALIDAD DISTRITAL DE VICHAYAL","20","PIURA","13876737","11636153.81"
"2025","13","GOBIERNOS LOCALES","0101030101","MUNICIPALIDADES","1628","MUNICIPALIDAD PROVINCIAL DE SULLANA","20","PIURA","154076830","131192660.88"
"2025","13","GOBIERNOS LOCALES","0101030101","MUNICIPALIDADES","1629","MUNICIPALIDAD DISTRITAL DE BELLAVISTA","20","PIURA","26892920","21990006.21"
"2025","13","GOBIERNOS LOCALES","0101030101","MUNICIPALIDADES","1630","MUNICIPALIDAD DISTRITAL DE IGNACIO ESCUDERO","20","PIURA","19873388","14693595.56"
"2025","13","GOBIERNOS LOCALES","0101030101","MUNICIPALIDADES","1631","MUNICIPALIDAD DISTRITAL DE LANCONES","20","PIURA","17171582","14133938.39"
"2025","13","GOBIERNOS LOCALES","0101030101","MUNICIPALIDADES","1632","MUNICIPALIDAD DISTRITAL DE MARCAVELICA","20","PIURA","19769076","18566150.75"
"2025","13","GOBIERNOS LOCALES","0101030101","MUNICIPALIDADES","1633","MUNICIPALIDAD DISTRITAL DE MIGUEL CHECA","20","PIURA","12200728","11080045.19"
"2025","13","GOBIERNOS LOCALES","0101030101","MUNICIPALIDADES","1634","MUNICIPALIDAD DISTRITAL DE QUERECOTILLO","20","PIURA","17717916","16783906.32"
"2025","13","GOBIERNOS LOCALES","0101030101","MUNICIPALIDADES","1635","MUNICIPALIDAD DISTRITAL DE SALITRAL","20","PIURA","9772380","8900624.07"
"2025","13","GOBIERNOS LOCALES","0101030101","MUNICIPALIDADES","1636","MUNICIPALIDAD PROVINCIAL DE TALARA - PARIÑAS","20","PIURA","152894462","121648793.31"
"2025","13","GOBIERNOS LOCALES","0101030101","MUNICIPALIDADES","1637","MUNICIPALIDAD DISTRITAL DE EL ALTO","20","PIURA","40210478","24425184.01"
"2025","13","GOBIERNOS LOCALES","0101030101","MUNICIPALIDADES","1638","MUNICIPALIDAD DISTRITAL DE LA BREA","20","PIURA","20962630","15757148.43"
"2025","13","GOBIERNOS LOCALES","0101030101","MUNICIPALIDADES","1639","MUNICIPALIDAD DISTRITAL DE LOBITOS","20","PIURA","21540433","13145828.48"
"2025","13","GOBIERNOS LOCALES","0101030101","MUNICIPALIDADES","1640","MUNICIPALIDAD DISTRITAL DE LOS ORGANOS","20","PIURA","34875399","13958246.22"
"2025","13","GOBIERNOS LOCALES","0101030101","MUNICIPALIDADES","1641","MUNICIPALIDAD DISTRITAL DE MANCORA","20","PIURA","28490718","19608660"
"2025","13","GOBIERNOS LOCALES","0101030101","MUNICIPALIDADES","1642","MUNICIPALIDAD PROVINCIAL DE SECHURA","20","PIURA","152550088","125324252.36"
"2025","13","GOBIERNOS LOCALES","0101030101","MUNICIPALIDADES","1643","MUNICIPALIDAD DISTRITAL DE BELLAVISTA DE LA UNION","20","PIURA","17404210","13877543.54"
"2025","13","GOBIERNOS LOCALES","0101030101","MUNICIPALIDADES","1644","MUNICIPALIDAD DISTRITAL DE BERNAL","20","PIURA","82262716","22472339.5"
"2025","13","GOBIERNOS LOCALES","0101030101","MUNICIPALIDADES","1645","MUNICIPALIDAD DISTRITAL DE CRISTO NOS VALGA","20","PIURA","16792821","8242947.47"
"2025","13","GOBIERNOS LOCALES","0101030101","MUNICIPALIDADES","1646","MUNICIPALIDAD DISTRITAL DE VICE","20","PIURA","27857555","20797670.72"
"2025","13","GOBIERNOS LOCALES","0101030101","MUNICIPALIDADES","1647","MUNICIPALIDAD DISTRITAL DE RINCONADA LLICUAR","20","PIURA","7293604","5983297.91"
"2025","13","GOBIERNOS LOCALES","0101030101","MUNICIPALIDADES","1648","MUNICIPALIDAD PROVINCIAL DE PUNO","21","PUNO","121242837","104065306.43"
"2025","13","GOBIERNOS LOCALES","0101030101","MUNICIPALIDADES","1649","MUNICIPALIDAD DISTRITAL DE ACORA","21","PUNO","38997280","28580727.01"
"2025","13","GOBIERNOS LOCALES","0101030101","MUNICIPALIDADES","1650","MUNICIPALIDAD DISTRITAL DE AMANTANI","21","PUNO","4023175","3413339.66"
"2025","13","GOBIERNOS LOCALES","0101030101","MUNICIPALIDADES","1651","MUNICIPALIDAD DISTRITAL DE ATUNCOLLA","21","PUNO","11141632","5912145.53"
"2025","13","GOBIERNOS LOCALES","0101030101","MUNICIPALIDADES","1652","MUNICIPALIDAD DISTRITAL DE CAPACHICA","21","PUNO","10545934","7239856.21"
"2025","13","GOBIERNOS LOCALES","0101030101","MUNICIPALIDADES","1653","MUNICIPALIDAD DISTRITAL DE COATA","21","PUNO","4651562","3810392.33"
"2025","13","GOBIERNOS LOCALES","0101030101","MUNICIPALIDADES","1654","MUNICIPALIDAD DISTRITAL DE CHUCUITO","21","PUNO","6465525","4835949.77"
"2025","13","GOBIERNOS LOCALES","0101030101","MUNICIPALIDADES","1655","MUNICIPALIDAD DISTRITAL DE HUATA","21","PUNO","6462435","4311752.49"
"2025","13","GOBIERNOS LOCALES","0101030101","MUNICIPALIDADES","1656","MUNICIPALIDAD DISTRITAL DE MAÑAZO","21","PUNO","6230595","5310118.97"
"2025","13","GOBIERNOS LOCALES","0101030101","MUNICIPALIDADES","1657","MUNICIPALIDAD DISTRITAL DE PAUCARCOLLA","21","PUNO","6615800","6488117.32"
"2025","13","GOBIERNOS LOCALES","0101030101","MUNICIPALIDADES","1658","MUNICIPALIDAD DISTRITAL DE PICHACANI","21","PUNO","6788039","5987583.15"
"2025","13","GOBIERNOS LOCALES","0101030101","MUNICIPALIDADES","1659","MUNICIPALIDAD DISTRITAL DE PLATERIA","21","PUNO","8874680","7824731.81"
"2025","13","GOBIERNOS LOCALES","0101030101","MUNICIPALIDADES","1660","MUNICIPALIDAD DISTRITAL DE SAN ANTONIO","21","PUNO","6527357","4390113.86"
"2025","13","GOBIERNOS LOCALES","0101030101","MUNICIPALIDADES","1661","MUNICIPALIDAD DISTRITAL DE TIQUILLACA","21","PUNO","4614725","4052230.76"
"2025","13","GOBIERNOS LOCALES","0101030101","MUNICIPALIDADES","1662","MUNICIPALIDAD DISTRITAL DE VILQUE","21","PUNO","6172687","3395888.71"
"2025","13","GOBIERNOS LOCALES","0101030101","MUNICIPALIDADES","1663","MUNICIPALIDAD PROVINCIAL DE AZANGARO","21","PUNO","80929923","65382154.59"
"2025","13","GOBIERNOS LOCALES","0101030101","MUNICIPALIDADES","1664","MUNICIPALIDAD DISTRITAL DE ACHAYA","21","PUNO","6824103","5255927.64"
"2025","13","GOBIERNOS LOCALES","0101030101","MUNICIPALIDADES","1665","MUNICIPALIDAD DISTRITAL DE ARAPA","21","PUNO","7885269","6724504.71"
"2025","13","GOBIERNOS LOCALES","0101030101","MUNICIPALIDADES","1666","MUNICIPALIDAD DISTRITAL DE ASILLO","21","PUNO","16439894","15158206.52"
"2025","13","GOBIERNOS LOCALES","0101030101","MUNICIPALIDADES","1667","MUNICIPALIDAD DISTRITAL DE CAMINACA","21","PUNO","5359390","5189599.1"
"2025","13","GOBIERNOS LOCALES","0101030101","MUNICIPALIDADES","1668","MUNICIPALIDAD DISTRITAL DE CHUPA","21","PUNO","6897883","6137381.05"
"2025","13","GOBIERNOS LOCALES","0101030101","MUNICIPALIDADES","1669","MUNICIPALIDAD DISTRITAL DE JOSE DOMINGO CHOQUEHUANCA","21","PUNO","5174443","4895359.37"
"2025","13","GOBIERNOS LOCALES","0101030101","MUNICIPALIDADES","1670","MUNICIPALIDAD DISTRITAL DE MUÑANI","21","PUNO","10051966","8935165.68"
"2025","13","GOBIERNOS LOCALES","0101030101","MUNICIPALIDADES","1671","MUNICIPALIDAD DISTRITAL DE POTONI","21","PUNO","12155858","10440719.64"
"2025","13","GOBIERNOS LOCALES","0101030101","MUNICIPALIDADES","1672","MUNICIPALIDAD DISTRITAL DE SAMAN","21","PUNO","7651462","6649360.96"
"2025","13","GOBIERNOS LOCALES","0101030101","MUNICIPALIDADES","1673","MUNICIPALIDAD DISTRITAL DE SAN ANTON","21","PUNO","16818295","13543483.23"
"2025","13","GOBIERNOS LOCALES","0101030101","MUNICIPALIDADES","1674","MUNICIPALIDAD DISTRITAL DE SAN JOSE","21","PUNO","7500415","5396850.41"
"2025","13","GOBIERNOS LOCALES","0101030101","MUNICIPALIDADES","1675","MUNICIPALIDAD DISTRITAL DE SAN JUAN DE SALINAS","21","PUNO","3789112","3646275.82"
"2025","13","GOBIERNOS LOCALES","0101030101","MUNICIPALIDADES","1676","MUNICIPALIDAD DISTRITAL DE SANTIAGO DE PUPUJA","21","PUNO","8491215","6559467.31"
"2025","13","GOBIERNOS LOCALES","0101030101","MUNICIPALIDADES","1677","MUNICIPALIDAD DISTRITAL DE TIRAPATA","21","PUNO","4156936","4009978.31"
"2025","13","GOBIERNOS LOCALES","0101030101","MUNICIPALIDADES","1678","MUNICIPALIDAD PROVINCIAL DE CARABAYA - MACUSANI","21","PUNO","85257184","66418379.42"
"2025","13","GOBIERNOS LOCALES","0101030101","MUNICIPALIDADES","1679","MUNICIPALIDAD DISTRITAL DE AJOYANI","21","PUNO","11635890","10998730.6"
"2025","13","GOBIERNOS LOCALES","0101030101","MUNICIPALIDADES","1680","MUNICIPALIDAD DISTRITAL DE AYAPATA","21","PUNO","19641946","12985469.82"
"2025","13","GOBIERNOS LOCALES","0101030101","MUNICIPALIDADES","1681","MUNICIPALIDAD DISTRITAL DE COASA","21","PUNO","9854103","9224647.92"
"2025","13","GOBIERNOS LOCALES","0101030101","MUNICIPALIDADES","1682","MUNICIPALIDAD DISTRITAL DE CORANI","21","PUNO","12411880","9008963.75"
"2025","13","GOBIERNOS LOCALES","0101030101","MUNICIPALIDADES","1683","MUNICIPALIDAD DISTRITAL DE CRUCERO","21","PUNO","19639003","12204578.69"
"2025","13","GOBIERNOS LOCALES","0101030101","MUNICIPALIDADES","1684","MUNICIPALIDAD DISTRITAL DE ITUATA","21","PUNO","19156533","18470200.65"
"2025","13","GOBIERNOS LOCALES","0101030101","MUNICIPALIDADES","1685","MUNICIPALIDAD DISTRITAL DE OLLACHEA","21","PUNO","12921801","11159746.36"
"2025","13","GOBIERNOS LOCALES","0101030101","MUNICIPALIDADES","1686","MUNICIPALIDAD DISTRITAL DE SAN GABAN","21","PUNO","20266258","17310160.88"
"2025","13","GOBIERNOS LOCALES","0101030101","MUNICIPALIDADES","1687","MUNICIPALIDAD DISTRITAL DE USICAYOS","21","PUNO","13586299","11721262.11"
"2025","13","GOBIERNOS LOCALES","0101030101","MUNICIPALIDADES","1688","MUNICIPALIDAD PROVINCIAL DE CHUCUITO - JULI","21","PUNO","40774832","36271504.19"
"2025","13","GOBIERNOS LOCALES","0101030101","MUNICIPALIDADES","1689","MUNICIPALIDAD DISTRITAL DE DESAGUADERO","21","PUNO","16914662","14658796.46"
"2025","13","GOBIERNOS LOCALES","0101030101","MUNICIPALIDADES","1690","MUNICIPALIDAD DISTRITAL DE HUACULLANI","21","PUNO","10810012","10233538.49"
"2025","13","GOBIERNOS LOCALES","0101030101","MUNICIPALIDADES","1691","MUNICIPALIDAD DISTRITAL DE PISACOMA","21","PUNO","13035509","11911571.58"
"2025","13","GOBIERNOS LOCALES","0101030101","MUNICIPALIDADES","1692","MUNICIPALIDAD DISTRITAL DE POMATA","21","PUNO","18252927","15593412.55"
"2025","13","GOBIERNOS LOCALES","0101030101","MUNICIPALIDADES","1693","MUNICIPALIDAD DISTRITAL DE ZEPITA","21","PUNO","17917109","16371938.27"
"2025","13","GOBIERNOS LOCALES","0101030101","MUNICIPALIDADES","1694","MUNICIPALIDAD DISTRITAL DE KELLUYO","21","PUNO","10223956","8818853.82"
"2025","13","GOBIERNOS LOCALES","0101030101","MUNICIPALIDADES","1695","MUNICIPALIDAD PROVINCIAL DE HUANCANE","21","PUNO","39403398","24875656.63"
"2025","13","GOBIERNOS LOCALES","0101030101","MUNICIPALIDADES","1696","MUNICIPALIDAD DISTRITAL DE COJATA","21","PUNO","8082434","4791625.08"
"2025","13","GOBIERNOS LOCALES","0101030101","MUNICIPALIDADES","1697","MUNICIPALIDAD DISTRITAL DE INCHUPALLA","21","PUNO","3697972","2726358.33"
"2025","13","GOBIERNOS LOCALES","0101030101","MUNICIPALIDADES","1698","MUNICIPALIDAD DISTRITAL DE PUSI","21","PUNO","5034805","4397434.29"
"2025","13","GOBIERNOS LOCALES","0101030101","MUNICIPALIDADES","1699","MUNICIPALIDAD DISTRITAL DE ROSASPATA","21","PUNO","5566807","4248011.68"
"2025","13","GOBIERNOS LOCALES","0101030101","MUNICIPALIDADES","1700","MUNICIPALIDAD DISTRITAL DE TARACO","21","PUNO","9692164","8381405.02"
"2025","13","GOBIERNOS LOCALES","0101030101","MUNICIPALIDADES","1701","MUNICIPALIDAD DISTRITAL DE VILQUE CHICO","21","PUNO","7914310","6575518.82"
"2025","13","GOBIERNOS LOCALES","0101030101","MUNICIPALIDADES","1702","MUNICIPALIDAD DISTRITAL DE HUATASANI","21","PUNO","4953347","3556937.36"
"2025","13","GOBIERNOS LOCALES","0101030101","MUNICIPALIDADES","1703","MUNICIPALIDAD PROVINCIAL DE LAMPA","21","PUNO","22056000","20933042.2"
"2025","13","GOBIERNOS LOCALES","0101030101","MUNICIPALIDADES","1704","MUNICIPALIDAD DISTRITAL DE CABANILLA","21","PUNO","6506976","5692907.74"
"2025","13","GOBIERNOS LOCALES","0101030101","MUNICIPALIDADES","1705","MUNICIPALIDAD DISTRITAL DE CALAPUJA","21","PUNO","2947584","2735869.48"
"2025","13","GOBIERNOS LOCALES","0101030101","MUNICIPALIDADES","1706","MUNICIPALIDAD DISTRITAL DE NICASIO","21","PUNO","2564552","2425213.55"
"2025","13","GOBIERNOS LOCALES","0101030101","MUNICIPALIDADES","1707","MUNICIPALIDAD DISTRITAL DE OCUVIRI","21","PUNO","5056449","4420291.88"
"2025","13","GOBIERNOS LOCALES","0101030101","MUNICIPALIDADES","1708","MUNICIPALIDAD DISTRITAL DE PALCA","21","PUNO","3663232","2835047.65"
"2025","13","GOBIERNOS LOCALES","0101030101","MUNICIPALIDADES","1709","MUNICIPALIDAD DISTRITAL DE PARATIA","21","PUNO","5039198","4646318.82"
"2025","13","GOBIERNOS LOCALES","0101030101","MUNICIPALIDADES","1710","MUNICIPALIDAD DISTRITAL DE PUCARA","21","PUNO","11724477","9061460.06"
"2025","13","GOBIERNOS LOCALES","0101030101","MUNICIPALIDADES","1711","MUNICIPALIDAD DISTRITAL DE SANTA LUCIA","21","PUNO","23038345","13086084.84"
"2025","13","GOBIERNOS LOCALES","0101030101","MUNICIPALIDADES","1712","MUNICIPALIDAD DISTRITAL DE VILAVILA","21","PUNO","3212471","2699120.54"
"2025","13","GOBIERNOS LOCALES","0101030101","MUNICIPALIDADES","1713","MUNICIPALIDAD PROVINCIAL DE MELGAR - AYAVIRI","21","PUNO","59640455","45903364.55"
"2025","13","GOBIERNOS LOCALES","0101030101","MUNICIPALIDADES","1714","MUNICIPALIDAD DISTRITAL DE ANTAUTA","21","PUNO","24156938","22828030.49"
"2025","13","GOBIERNOS LOCALES","0101030101","MUNICIPALIDADES","1715","MUNICIPALIDAD DISTRITAL DE CUPI","21","PUNO","6366724","4794908.35"
"2025","13","GOBIERNOS LOCALES","0101030101","MUNICIPALIDADES","1716","MUNICIPALIDAD DISTRITAL DE LLALLI","21","PUNO","5890023","5098621.89"
"2025","13","GOBIERNOS LOCALES","0101030101","MUNICIPALIDADES","1717","MUNICIPALIDAD DISTRITAL DE MACARI","21","PUNO","14828261","10351906.82"
"2025","13","GOBIERNOS LOCALES","0101030101","MUNICIPALIDADES","1718","MUNICIPALIDAD DISTRITAL DE NUÑOA","21","PUNO","12049304","10398348.2"
"2025","13","GOBIERNOS LOCALES","0101030101","MUNICIPALIDADES","1719","MUNICIPALIDAD DISTRITAL DE ORURILLO","21","PUNO","17277395","13145720.49"
"2025","13","GOBIERNOS LOCALES","0101030101","MUNICIPALIDADES","1720","MUNICIPALIDAD DISTRITAL DE SANTA ROSA","21","PUNO","22113640","18598853.16"
"2025","13","GOBIERNOS LOCALES","0101030101","MUNICIPALIDADES","1721","MUNICIPALIDAD DISTRITAL DE UMACHIRI","21","PUNO","8044607","7431242.38"
"2025","13","GOBIERNOS LOCALES","0101030101","MUNICIPALIDADES","1722","MUNICIPALIDAD PROVINCIAL DE SANDIA","21","PUNO","31961797","24732169.61"
"2025","13","GOBIERNOS LOCALES","0101030101","MUNICIPALIDADES","1723","MUNICIPALIDAD DISTRITAL DE CUYOCUYO","21","PUNO","7156434","6405094.48"
"2025","13","GOBIERNOS LOCALES","0101030101","MUNICIPALIDADES","1724","MUNICIPALIDAD DISTRITAL DE LIMBANI","21","PUNO","9398353","5808808.09"
"2025","13","GOBIERNOS LOCALES","0101030101","MUNICIPALIDADES","1725","MUNICIPALIDAD DISTRITAL DE PATAMBUCO","21","PUNO","5577784","4283876.57"
"2025","13","GOBIERNOS LOCALES","0101030101","MUNICIPALIDADES","1726","MUNICIPALIDAD DISTRITAL DE PHARA","21","PUNO","10321865","9354041.84"
"2025","13","GOBIERNOS LOCALES","0101030101","MUNICIPALIDADES","1727","MUNICIPALIDAD DISTRITAL DE QUIACA","21","PUNO","7037207","5978606.27"
"2025","13","GOBIERNOS LOCALES","0101030101","MUNICIPALIDADES","1728","MUNICIPALIDAD DISTRITAL DE SAN JUAN DEL ORO","21","PUNO","6796926","5086105.12"
"2025","13","GOBIERNOS LOCALES","0101030101","MUNICIPALIDADES","1729","MUNICIPALIDAD DISTRITAL DE YANAHUAYA","21","PUNO","6520733","5054022.88"
"2025","13","GOBIERNOS LOCALES","0101030101","MUNICIPALIDADES","1730","MUNICIPALIDAD DISTRITAL DE ALTO INAMBARI","21","PUNO","11878575","10242266.97"
"2025","13","GOBIERNOS LOCALES","0101030101","MUNICIPALIDADES","1731","MUNICIPALIDAD PROVINCIAL DE SAN ROMAN - JULIACA","21","PUNO","180932914","147646319"
"2025","13","GOBIERNOS LOCALES","0101030101","MUNICIPALIDADES","1732","MUNICIPALIDAD DISTRITAL DE CABANA","21","PUNO","14548831","12696212.15"
"2025","13","GOBIERNOS LOCALES","0101030101","MUNICIPALIDADES","1733","MUNICIPALIDAD DISTRITAL DE CABANILLAS","21","PUNO","11003529","7786829.06"
"2025","13","GOBIERNOS LOCALES","0101030101","MUNICIPALIDADES","1734","MUNICIPALIDAD DISTRITAL DE CARACOTO","21","PUNO","10159898","9117644.12"
"2025","13","GOBIERNOS LOCALES","0101030101","MUNICIPALIDADES","1735","MUNICIPALIDAD PROVINCIAL DE YUNGUYO","21","PUNO","38194109","31517144.01"
"2025","13","GOBIERNOS LOCALES","0101030101","MUNICIPALIDADES","1736","MUNICIPALIDAD DISTRITAL DE ANAPIA","21","PUNO","2840634","2326170.68"
"2025","13","GOBIERNOS LOCALES","0101030101","MUNICIPALIDADES","1737","MUNICIPALIDAD DISTRITAL DE COPANI","21","PUNO","6246606","4846647.08"
"2025","13","GOBIERNOS LOCALES","0101030101","MUNICIPALIDADES","1738","MUNICIPALIDAD DISTRITAL DE CUTURAPI","21","PUNO","1911684","1639436.98"
"2025","13","GOBIERNOS LOCALES","0101030101","MUNICIPALIDADES","1739","MUNICIPALIDAD DISTRITAL DE OLLARAYA","21","PUNO","4037676","3101044.2"
"2025","13","GOBIERNOS LOCALES","0101030101","MUNICIPALIDADES","1740","MUNICIPALIDAD DISTRITAL DE UNICACHI","21","PUNO","3131035","3056056.86"
"2025","13","GOBIERNOS LOCALES","0101030101","MUNICIPALIDADES","1741","MUNICIPALIDAD DISTRITAL DE TINICACHI","21","PUNO","2146391","1979240.93"
"2025","13","GOBIERNOS LOCALES","0101030101","MUNICIPALIDADES","1742","MUNICIPALIDAD PROVINCIAL DE SAN ANTONIO DE PUTINA","21","PUNO","25170409","22166391.69"
"2025","13","GOBIERNOS LOCALES","0101030101","MUNICIPALIDADES","1743","MUNICIPALIDAD DISTRITAL DE PEDRO VILCA APAZA","21","PUNO","4516489","3632543.17"
"2025","13","GOBIERNOS LOCALES","0101030101","MUNICIPALIDADES","1744","MUNICIPALIDAD DISTRITAL DE QUILCAPUNCU","21","PUNO","8914665","6583441.02"
"2025","13","GOBIERNOS LOCALES","0101030101","MUNICIPALIDADES","1745","MUNICIPALIDAD DISTRITAL DE ANANEA","21","PUNO","17948751","15771293.99"
"2025","13","GOBIERNOS LOCALES","0101030101","MUNICIPALIDADES","1746","MUNICIPALIDAD DISTRITAL DE SINA","21","PUNO","4561687","3884163.72"
"2025","13","GOBIERNOS LOCALES","0101030101","MUNICIPALIDADES","1747","MUNICIPALIDAD PROVINCIAL EL COLLAO","21","PUNO","59830456","45129685.07"
"2025","13","GOBIERNOS LOCALES","0101030101","MUNICIPALIDADES","1748","MUNICIPALIDAD DISTRITAL DE CAPASO","21","PUNO","5502265","4766516.91"
"2025","13","GOBIERNOS LOCALES","0101030101","MUNICIPALIDADES","1749","MUNICIPALIDAD DISTRITAL DE PILCUYO","21","PUNO","8819619","8531020.66"
"2025","13","GOBIERNOS LOCALES","0101030101","MUNICIPALIDADES","1750","MUNICIPALIDAD DISTRITAL DE SANTA ROSA","21","PUNO","6530126","6100853.29"
"2025","13","GOBIERNOS LOCALES","0101030101","MUNICIPALIDADES","1751","MUNICIPALIDAD DISTRITAL DE CONDURIRI","21","PUNO","5754636","4744243.7"
"2025","13","GOBIERNOS LOCALES","0101030101","MUNICIPALIDADES","1752","MUNICIPALIDAD PROVINCIAL DE MOHO","21","PUNO","14996623","13817728.56"
"2025","13","GOBIERNOS LOCALES","0101030101","MUNICIPALIDADES","1753","MUNICIPALIDAD DISTRITAL DE CONIMA","21","PUNO","6481425","4662528.82"
"2025","13","GOBIERNOS LOCALES","0101030101","MUNICIPALIDADES","1754","MUNICIPALIDAD DISTRITAL DE HUAYRAPATA","21","PUNO","2913958","2852462.62"
"2025","13","GOBIERNOS LOCALES","0101030101","MUNICIPALIDADES","1755","MUNICIPALIDAD DISTRITAL DE TILALI","21","PUNO","2470821","2221552.72"
"2025","13","GOBIERNOS LOCALES","0101030101","MUNICIPALIDADES","1756","MUNICIPALIDAD PROVINCIAL DE MOYOBAMBA","22","SAN MARTIN","74609670","63174679.32"
"2025","13","GOBIERNOS LOCALES","0101030101","MUNICIPALIDADES","1757","MUNICIPALIDAD DISTRITAL DE CALZADA","22","SAN MARTIN","6510563","6081737.05"
"2025","13","GOBIERNOS LOCALES","0101030101","MUNICIPALIDADES","1758","MUNICIPALIDAD DISTRITAL DE HABANA","22","SAN MARTIN","2934232","2641334.68"
"2025","13","GOBIERNOS LOCALES","0101030101","MUNICIPALIDADES","1759","MUNICIPALIDAD DISTRITAL DE JEPELACIO","22","SAN MARTIN","14124740","11884113.15"
"2025","13","GOBIERNOS LOCALES","0101030101","MUNICIPALIDADES","1760","MUNICIPALIDAD DISTRITAL DE SORITOR","22","SAN MARTIN","42880097","38404317.33"
"2025","13","GOBIERNOS LOCALES","0101030101","MUNICIPALIDADES","1761","MUNICIPALIDAD DISTRITAL DE YANTALO","22","SAN MARTIN","3636473","2590081.72"
"2025","13","GOBIERNOS LOCALES","0101030101","MUNICIPALIDADES","1762","MUNICIPALIDAD PROVINCIAL DE HUALLAGA - SAPOSOA","22","SAN MARTIN","16681742","15245788.62"
"2025","13","GOBIERNOS LOCALES","0101030101","MUNICIPALIDADES","1763","MUNICIPALIDAD DISTRITAL DE ALTO SAPOSOA","22","SAN MARTIN","4529660","4401842.97"
"2025","13","GOBIERNOS LOCALES","0101030101","MUNICIPALIDADES","1764","MUNICIPALIDAD DISTRITAL DE EL ESLABON","22","SAN MARTIN","11819856","11450018.95"
"2025","13","GOBIERNOS LOCALES","0101030101","MUNICIPALIDADES","1765","MUNICIPALIDAD DISTRITAL DE PISCOYACU","22","SAN MARTIN","4474468","4235459.43"
"2025","13","GOBIERNOS LOCALES","0101030101","MUNICIPALIDADES","1766","MUNICIPALIDAD DISTRITAL DE SACANCHE","22","SAN MARTIN","2889616","2613442.5"
"2025","13","GOBIERNOS LOCALES","0101030101","MUNICIPALIDADES","1767","MUNICIPALIDAD DISTRITAL DE TINGO DE SAPOSOA","22","SAN MARTIN","4223707","3946809.54"
"2025","13","GOBIERNOS LOCALES","0101030101","MUNICIPALIDADES","1768","MUNICIPALIDAD PROVINCIAL DE LAMAS","22","SAN MARTIN","50757726","35893626.56"
"2025","13","GOBIERNOS LOCALES","0101030101","MUNICIPALIDADES","1769","MUNICIPALIDAD DISTRITAL DE ALONSO DE ALVARADO","22","SAN MARTIN","11093723","9946849.72"
"2025","13","GOBIERNOS LOCALES","0101030101","MUNICIPALIDADES","1770","MUNICIPALIDAD DISTRITAL DE BARRANQUITA","22","SAN MARTIN","5475802","5379325.71"
"2025","13","GOBIERNOS LOCALES","0101030101","MUNICIPALIDADES","1771","MUNICIPALIDAD DISTRITAL DE CAYNARACHI","22","SAN MARTIN","7664981","6425501.11"
"2025","13","GOBIERNOS LOCALES","0101030101","MUNICIPALIDADES","1772","MUNICIPALIDAD DISTRITAL DE CUÑUMBUQUI","22","SAN MARTIN","6207514","5266608.13"
"2025","13","GOBIERNOS LOCALES","0101030101","MUNICIPALIDADES","1773","MUNICIPALIDAD DISTRITAL DE PINTO RECODO","22","SAN MARTIN","9934358","9090986.32"
"2025","13","GOBIERNOS LOCALES","0101030101","MUNICIPALIDADES","1774","MUNICIPALIDAD DISTRITAL DE RUMISAPA","22","SAN MARTIN","6462778","5791516.86"
"2025","13","GOBIERNOS LOCALES","0101030101","MUNICIPALIDADES","1775","MUNICIPALIDAD DISTRITAL DE SAN ROQUE DE CUMBAZA","22","SAN MARTIN","5632116","5444441.66"
"2025","13","GOBIERNOS LOCALES","0101030101","MUNICIPALIDADES","1776","MUNICIPALIDAD DISTRITAL DE SHANAO","22","SAN MARTIN","4255290","3567165.07"
"2025","13","GOBIERNOS LOCALES","0101030101","MUNICIPALIDADES","1777","MUNICIPALIDAD DISTRITAL DE TABALOSOS","22","SAN MARTIN","17365548","14746389.17"
"2025","13","GOBIERNOS LOCALES","0101030101","MUNICIPALIDADES","1778","MUNICIPALIDAD DISTRITAL DE ZAPATERO","22","SAN MARTIN","12771510","9849573.06"
"2025","13","GOBIERNOS LOCALES","0101030101","MUNICIPALIDADES","1779","MUNICIPALIDAD PROVINCIAL DE MARISCAL CACERES - JUANJUI","22","SAN MARTIN","32735277","29401904.82"
"2025","13","GOBIERNOS LOCALES","0101030101","MUNICIPALIDADES","1780","MUNICIPALIDAD DISTRITAL DE CAMPANILLA","22","SAN MARTIN","12885845","11610485.88"
"2025","13","GOBIERNOS LOCALES","0101030101","MUNICIPALIDADES","1781","MUNICIPALIDAD DISTRITAL DE HUICUNGO","22","SAN MARTIN","6742238","6575700.17"
"2025","13","GOBIERNOS LOCALES","0101030101","MUNICIPALIDADES","1782","MUNICIPALIDAD DISTRITAL DE PACHIZA","22","SAN MARTIN","8920007","8102399.6"
"2025","13","GOBIERNOS LOCALES","0101030101","MUNICIPALIDADES","1783","MUNICIPALIDAD DISTRITAL DE PAJARILLO","22","SAN MARTIN","4756755","4584505.2"
"2025","13","GOBIERNOS LOCALES","0101030101","MUNICIPALIDADES","1784","MUNICIPALIDAD PROVINCIAL DE RIOJA","22","SAN MARTIN","53057853","40029457.08"
"2025","13","GOBIERNOS LOCALES","0101030101","MUNICIPALIDADES","1785","MUNICIPALIDAD DISTRITAL DE AWAJUN","22","SAN MARTIN","26375774","25302415.76"
"2025","13","GOBIERNOS LOCALES","0101030101","MUNICIPALIDADES","1786","MUNICIPALIDAD DISTRITAL DE ELIAS SOPLIN VARGAS","22","SAN MARTIN","16256767","14901250.54"
"2025","13","GOBIERNOS LOCALES","0101030101","MUNICIPALIDADES","1787","MUNICIPALIDAD DISTRITAL DE NUEVA CAJAMARCA","22","SAN MARTIN","50053110","37618838.07"
"2025","13","GOBIERNOS LOCALES","0101030101","MUNICIPALIDADES","1788","MUNICIPALIDAD DISTRITAL DE PARDO MIGUEL","22","SAN MARTIN","49806238","34524798.08"
"2025","13","GOBIERNOS LOCALES","0101030101","MUNICIPALIDADES","1789","MUNICIPALIDAD DISTRITAL DE POSIC","22","SAN MARTIN","2815711","2157942.17"
"2025","13","GOBIERNOS LOCALES","0101030101","MUNICIPALIDADES","1790","MUNICIPALIDAD DISTRITAL DE SAN FERNANDO","22","SAN MARTIN","24847578","20298037.47"
"2025","13","GOBIERNOS LOCALES","0101030101","MUNICIPALIDADES","1791","MUNICIPALIDAD DISTRITAL DE YORONGOS","22","SAN MARTIN","5869521","4860331.29"
"2025","13","GOBIERNOS LOCALES","0101030101","MUNICIPALIDADES","1792","MUNICIPALIDAD DISTRITAL DE YURACYACU","22","SAN MARTIN","4204444","3987877.66"
"2025","13","GOBIERNOS LOCALES","0101030101","MUNICIPALIDADES","1793","MUNICIPALIDAD PROVINCIAL DE SAN MARTIN - TARAPOTO","22","SAN MARTIN","60649827","55304669.24"
"2025","13","GOBIERNOS LOCALES","0101030101","MUNICIPALIDADES","1794","MUNICIPALIDAD DISTRITAL DE ALBERTO LEVEAU","22","SAN MARTIN","9808836","9671312.01"
"2025","13","GOBIERNOS LOCALES","0101030101","MUNICIPALIDADES","1795","MUNICIPALIDAD DISTRITAL DE CACATACHI","22","SAN MARTIN","4342909","4042982.15"
"2025","13","GOBIERNOS LOCALES","0101030101","MUNICIPALIDADES","1796","MUNICIPALIDAD DISTRITAL DE CHAZUTA","22","SAN MARTIN","7699211","7353525.8"
"2025","13","GOBIERNOS LOCALES","0101030101","MUNICIPALIDADES","1797","MUNICIPALIDAD DISTRITAL DE CHIPURANA","22","SAN MARTIN","2401328","2243356.41"
"2025","13","GOBIERNOS LOCALES","0101030101","MUNICIPALIDADES","1798","MUNICIPALIDAD DISTRITAL DE EL PORVENIR","22","SAN MARTIN","5747291","4897966.16"
"2025","13","GOBIERNOS LOCALES","0101030101","MUNICIPALIDADES","1799","MUNICIPALIDAD DISTRITAL DE HUIMBAYOC","22","SAN MARTIN","3975477","3843191.88"
"2025","13","GOBIERNOS LOCALES","0101030101","MUNICIPALIDADES","1800","MUNICIPALIDAD DISTRITAL DE JUAN GUERRA","22","SAN MARTIN","7034276","6678151.06"
"2025","13","GOBIERNOS LOCALES","0101030101","MUNICIPALIDADES","1801","MUNICIPALIDAD DISTRITAL DE LA BANDA DE SHILCAYO","22","SAN MARTIN","64251930","33885578.06"
"2025","13","GOBIERNOS LOCALES","0101030101","MUNICIPALIDADES","1802","MUNICIPALIDAD DISTRITAL DE PAPAPLAYA","22","SAN MARTIN","2521252","2233589.7"
"2025","13","GOBIERNOS LOCALES","0101030101","MUNICIPALIDADES","1803","MUNICIPALIDAD DISTRITAL DE MORALES","22","SAN MARTIN","35060377","29083800.32"
"2025","13","GOBIERNOS LOCALES","0101030101","MUNICIPALIDADES","1804","MUNICIPALIDAD DISTRITAL DE SAN ANTONIO","22","SAN MARTIN","10770478","10492435.53"
"2025","13","GOBIERNOS LOCALES","0101030101","MUNICIPALIDADES","1805","MUNICIPALIDAD DISTRITAL DE SAUCE","22","SAN MARTIN","6618696","5444142.42"
"2025","13","GOBIERNOS LOCALES","0101030101","MUNICIPALIDADES","1806","MUNICIPALIDAD DISTRITAL DE SHAPAJA","22","SAN MARTIN","2005569","1950140.52"
"2025","13","GOBIERNOS LOCALES","0101030101","MUNICIPALIDADES","1807","MUNICIPALIDAD PROVINCIAL DE BELLAVISTA","22","SAN MARTIN","24270303","23103020.41"
"2025","13","GOBIERNOS LOCALES","0101030101","MUNICIPALIDADES","1808","MUNICIPALIDAD DISTRITAL DE ALTO BIAVO","22","SAN MARTIN","9390067","7658823.56"
"2025","13","GOBIERNOS LOCALES","0101030101","MUNICIPALIDADES","1809","MUNICIPALIDAD DISTRITAL DE BAJO BIAVO","22","SAN MARTIN","48256189","38817148.97"
"2025","13","GOBIERNOS LOCALES","0101030101","MUNICIPALIDADES","1810","MUNICIPALIDAD DISTRITAL DE HUALLAGA","22","SAN MARTIN","4287446","3592089.98"
"2025","13","GOBIERNOS LOCALES","0101030101","MUNICIPALIDADES","1811","MUNICIPALIDAD DISTRITAL DE SAN PABLO","22","SAN MARTIN","6601547","5905366.34"
"2025","13","GOBIERNOS LOCALES","0101030101","MUNICIPALIDADES","1812","MUNICIPALIDAD DISTRITAL DE SAN RAFAEL","22","SAN MARTIN","5864430","5779726.23"
"2025","13","GOBIERNOS LOCALES","0101030101","MUNICIPALIDADES","1813","MUNICIPALIDAD PROVINCIAL DE PICOTA","22","SAN MARTIN","20505282","16352258.84"
"2025","13","GOBIERNOS LOCALES","0101030101","MUNICIPALIDADES","1814","MUNICIPALIDAD DISTRITAL DE BUENOS AIRES","22","SAN MARTIN","4203557","3925877.08"
"2025","13","GOBIERNOS LOCALES","0101030101","MUNICIPALIDADES","1815","MUNICIPALIDAD DISTRITAL DE CASPISAPA","22","SAN MARTIN","2220728","1836854.95"
"2025","13","GOBIERNOS LOCALES","0101030101","MUNICIPALIDADES","1816","MUNICIPALIDAD DISTRITAL DE PILLUANA","22","SAN MARTIN","2035213","1863693.57"
"2025","13","GOBIERNOS LOCALES","0101030101","MUNICIPALIDADES","1817","MUNICIPALIDAD DISTRITAL DE PUCACACA","22","SAN MARTIN","4540196","4423157.54"
"2025","13","GOBIERNOS LOCALES","0101030101","MUNICIPALIDADES","1818","MUNICIPALIDAD DISTRITAL DE SAN CRISTOBAL","22","SAN MARTIN","1862786","1738646.16"
"2025","13","GOBIERNOS LOCALES","0101030101","MUNICIPALIDADES","1819","MUNICIPALIDAD DISTRITAL DE SAN HILARION","22","SAN MARTIN","8344918","7127934.58"
"2025","13","GOBIERNOS LOCALES","0101030101","MUNICIPALIDADES","1820","MUNICIPALIDAD DISTRITAL DE SHAMBOYACU","22","SAN MARTIN","19695760","10773073.17"
"2025","13","GOBIERNOS LOCALES","0101030101","MUNICIPALIDADES","1821","MUNICIPALIDAD DISTRITAL DE TINGO DE PONASA","22","SAN MARTIN","4603519","3277463.58"
"2025","13","GOBIERNOS LOCALES","0101030101","MUNICIPALIDADES","1822","MUNICIPALIDAD DISTRITAL DE TRES UNIDOS","22","SAN MARTIN","14692426","11498732.17"
"2025","13","GOBIERNOS LOCALES","0101030101","MUNICIPALIDADES","1823","MUNICIPALIDAD PROVINCIAL DE TOCACHE","22","SAN MARTIN","41296542","30714649.69"
"2025","13","GOBIERNOS LOCALES","0101030101","MUNICIPALIDADES","1824","MUNICIPALIDAD DISTRITAL DE NUEVO PROGRESO","22","SAN MARTIN","11317483","9694420.68"
"2025","13","GOBIERNOS LOCALES","0101030101","MUNICIPALIDADES","1825","MUNICIPALIDAD DISTRITAL DE POLVORA","22","SAN MARTIN","21516638","16314699.04"
"2025","13","GOBIERNOS LOCALES","0101030101","MUNICIPALIDADES","1826","MUNICIPALIDAD DISTRITAL DE SHUNTE","22","SAN MARTIN","8559990","8023847.14"
"2025","13","GOBIERNOS LOCALES","0101030101","MUNICIPALIDADES","1827","MUNICIPALIDAD DISTRITAL DE UCHIZA","22","SAN MARTIN","16164298","12101819.65"
"2025","13","GOBIERNOS LOCALES","0101030101","MUNICIPALIDADES","1828","MUNICIPALIDAD PROVINCIAL EL DORADO","22","SAN MARTIN","28327766","25922038.88"
"2025","13","GOBIERNOS LOCALES","0101030101","MUNICIPALIDADES","1829","MUNICIPALIDAD DISTRITAL DE AGUA BLANCA","22","SAN MARTIN","4925230","3183715.95"
"2025","13","GOBIERNOS LOCALES","0101030101","MUNICIPALIDADES","1830","MUNICIPALIDAD DISTRITAL DE SANTA ROSA","22","SAN MARTIN","8656776","6677195.59"
"2025","13","GOBIERNOS LOCALES","0101030101","MUNICIPALIDADES","1831","MUNICIPALIDAD DISTRITAL DE SHATOJA","22","SAN MARTIN","3888383","3603565.78"
"2025","13","GOBIERNOS LOCALES","0101030101","MUNICIPALIDADES","1832","MUNICIPALIDAD DISTRITAL DE SAN MARTIN","22","SAN MARTIN","10778765","8263310.28"
"2025","13","GOBIERNOS LOCALES","0101030101","MUNICIPALIDADES","1833","MUNICIPALIDAD PROVINCIAL DE TACNA","23","TACNA","207108745","196813698.89"
"2025","13","GOBIERNOS LOCALES","0101030101","MUNICIPALIDADES","1834","MUNICIPALIDAD DISTRITAL DE ALTO DE LA ALIANZA","23","TACNA","60363429","39735291.92"
"2025","13","GOBIERNOS LOCALES","0101030101","MUNICIPALIDADES","1835","MUNICIPALIDAD DISTRITAL DE CALANA","23","TACNA","8642063","8285057.97"
"2025","13","GOBIERNOS LOCALES","0101030101","MUNICIPALIDADES","1836","MUNICIPALIDAD DISTRITAL DE INCLAN","23","TACNA","13418553","11420121.51"
"2025","13","GOBIERNOS LOCALES","0101030101","MUNICIPALIDADES","1837","MUNICIPALIDAD DISTRITAL DE PACHIA","23","TACNA","9581150","8398319.54"
"2025","13","GOBIERNOS LOCALES","0101030101","MUNICIPALIDADES","1838","MUNICIPALIDAD DISTRITAL DE PALCA","23","TACNA","22993522","22769186.63"
"2025","13","GOBIERNOS LOCALES","0101030101","MUNICIPALIDADES","1839","MUNICIPALIDAD DISTRITAL DE POCOLLAY","23","TACNA","30658015","29797623.28"
"2025","13","GOBIERNOS LOCALES","0101030101","MUNICIPALIDADES","1840","MUNICIPALIDAD DISTRITAL DE SAMA","23","TACNA","26750863","21994962.47"
"2025","13","GOBIERNOS LOCALES","0101030101","MUNICIPALIDADES","1841","MUNICIPALIDAD DISTRITAL DE CIUDAD NUEVA","23","TACNA","56411083","51149040.54"
"2025","13","GOBIERNOS LOCALES","0101030101","MUNICIPALIDADES","1842","MUNICIPALIDAD PROVINCIAL DE TARATA","23","TACNA","15418090","13903416.64"
"2025","13","GOBIERNOS LOCALES","0101030101","MUNICIPALIDADES","1843","MUNICIPALIDAD DISTRITAL DE HEROES ALBARRACIN-CHUCATAMANI","23","TACNA","3683072","3072919.63"
"2025","13","GOBIERNOS LOCALES","0101030101","MUNICIPALIDADES","1844","MUNICIPALIDAD DISTRITAL DE ESTIQUE PUEBLO","23","TACNA","2270640","1697309.75"
"2025","13","GOBIERNOS LOCALES","0101030101","MUNICIPALIDADES","1845","MUNICIPALIDAD DISTRITAL DE ESTIQUE PAMPA","23","TACNA","2867830","2637432.84"
"2025","13","GOBIERNOS LOCALES","0101030101","MUNICIPALIDADES","1846","MUNICIPALIDAD DISTRITAL DE SITAJARA","23","TACNA","2762793","2679388.6"
"2025","13","GOBIERNOS LOCALES","0101030101","MUNICIPALIDADES","1847","MUNICIPALIDAD DISTRITAL DE SUSAPAYA","23","TACNA","2882282","2066113.13"
"2025","13","GOBIERNOS LOCALES","0101030101","MUNICIPALIDADES","1848","MUNICIPALIDAD DISTRITAL DE TARUCACHI","23","TACNA","3772827","3654744.65"
"2025","13","GOBIERNOS LOCALES","0101030101","MUNICIPALIDADES","1849","MUNICIPALIDAD DISTRITAL DE TICACO","23","TACNA","3187536","3133108.71"
"2025","13","GOBIERNOS LOCALES","0101030101","MUNICIPALIDADES","1850","MUNICIPALIDAD PROVINCIAL DE JORGE BASADRE - LOCUMBA","23","TACNA","111410153","91538578.2"
"2025","13","GOBIERNOS LOCALES","0101030101","MUNICIPALIDADES","1851","MUNICIPALIDAD DISTRITAL DE ITE","23","TACNA","100355633","97558185.36"
"2025","13","GOBIERNOS LOCALES","0101030101","MUNICIPALIDADES","1852","MUNICIPALIDAD DISTRITAL DE ILABAYA","23","TACNA","255406689","253811094.71"
"2025","13","GOBIERNOS LOCALES","0101030101","MUNICIPALIDADES","1853","MUNICIPALIDAD PROVINCIAL DE CANDARAVE","23","TACNA","18081691","17116060.23"
"2025","13","GOBIERNOS LOCALES","0101030101","MUNICIPALIDADES","1854","MUNICIPALIDAD DISTRITAL DE CAIRANI","23","TACNA","2855729","2523468.88"
"2025","13","GOBIERNOS LOCALES","0101030101","MUNICIPALIDADES","1855","MUNICIPALIDAD DISTRITAL DE CURIBAYA","23","TACNA","5500701","3872492.64"
"2025","13","GOBIERNOS LOCALES","0101030101","MUNICIPALIDADES","1856","MUNICIPALIDAD DISTRITAL DE HUANAHUARA","23","TACNA","8013415","2334883.25"
"2025","13","GOBIERNOS LOCALES","0101030101","MUNICIPALIDADES","1857","MUNICIPALIDAD DISTRITAL DE QUILAHUANI","23","TACNA","3517761","2938182.64"
"2025","13","GOBIERNOS LOCALES","0101030101","MUNICIPALIDADES","1858","MUNICIPALIDAD DISTRITAL DE CAMILACA","23","TACNA","11890915","11192966.08"
"2025","13","GOBIERNOS LOCALES","0101030101","MUNICIPALIDADES","1859","MUNICIPALIDAD PROVINCIAL DE TUMBES","24","TUMBES","121896725","90876368.07"
"2025","13","GOBIERNOS LOCALES","0101030101","MUNICIPALIDADES","1860","MUNICIPALIDAD DISTRITAL DE CORRALES","24","TUMBES","12985610","10737892.73"
"2025","13","GOBIERNOS LOCALES","0101030101","MUNICIPALIDADES","1861","MUNICIPALIDAD DISTRITAL DE LA CRUZ","24","TUMBES","5910726","4778911.45"
"2025","13","GOBIERNOS LOCALES","0101030101","MUNICIPALIDADES","1862","MUNICIPALIDAD DISTRITAL DE PAMPAS DE HOSPITAL","24","TUMBES","6829321","4871833.46"
"2025","13","GOBIERNOS LOCALES","0101030101","MUNICIPALIDADES","1863","MUNICIPALIDAD DISTRITAL DE SAN JACINTO","24","TUMBES","6034537","5104433.05"
"2025","13","GOBIERNOS LOCALES","0101030101","MUNICIPALIDADES","1864","MUNICIPALIDAD DISTRITAL SAN JUAN DE LA VIRGEN","24","TUMBES","4106874","3216455.5"
"2025","13","GOBIERNOS LOCALES","0101030101","MUNICIPALIDADES","1865","MUNICIPALIDAD PROVINCIAL DE CONTRALMIRANTE VILLAR","24","TUMBES","36421019","23336829.87"
"2025","13","GOBIERNOS LOCALES","0101030101","MUNICIPALIDADES","1866","MUNICIPALIDAD DISTRITAL DE CASITAS","24","TUMBES","16372382","12870340.47"
"2025","13","GOBIERNOS LOCALES","0101030101","MUNICIPALIDADES","1867","MUNICIPALIDAD PROVINCIAL DE ZARUMILLA","24","TUMBES","57499861","48711299"
"2025","13","GOBIERNOS LOCALES","0101030101","MUNICIPALIDADES","1868","MUNICIPALIDAD DISTRITAL DE AGUAS VERDES","24","TUMBES","35500646","31723580.8"
"2025","13","GOBIERNOS LOCALES","0101030101","MUNICIPALIDADES","1869","MUNICIPALIDAD DISTRITAL DE MATAPALO","24","TUMBES","5392247","4998701.31"
"2025","13","GOBIERNOS LOCALES","0101030101","MUNICIPALIDADES","1870","MUNICIPALIDAD DISTRITAL DE PAPAYAL","24","TUMBES","10474555","7905481.31"
"2025","13","GOBIERNOS LOCALES","0101030101","MUNICIPALIDADES","1871","MUNICIPALIDAD PROVINCIAL DE CORONEL PORTILLO","25","UCAYALI","199428105","156371199.2"
"2025","13","GOBIERNOS LOCALES","0101030101","MUNICIPALIDADES","1872","MUNICIPALIDAD DISTRITAL DE IPARIA","25","UCAYALI","16998642","15187203.54"
"2025","13","GOBIERNOS LOCALES","0101030101","MUNICIPALIDADES","1873","MUNICIPALIDAD DISTRITAL DE MASISEA","25","UCAYALI","26230753","22348753.53"
"2025","13","GOBIERNOS LOCALES","0101030101","MUNICIPALIDADES","1874","MUNICIPALIDAD DISTRITAL DE YARINACOCHA","25","UCAYALI","62591402","49747143.36"
"2025","13","GOBIERNOS LOCALES","0101030101","MUNICIPALIDADES","1875","MUNICIPALIDAD DISTRITAL DE CAMPOVERDE","25","UCAYALI","32178275","27644878.79"
"2025","13","GOBIERNOS LOCALES","0101030101","MUNICIPALIDADES","1876","MUNICIPALIDAD DISTRITAL DE NUEVA REQUENA","25","UCAYALI","10596020","8571824.67"
"2025","13","GOBIERNOS LOCALES","0101030101","MUNICIPALIDADES","1877","MUNICIPALIDAD PROVINCIAL DE ATALAYA - RAYMONDI","25","UCAYALI","146537141","105337644.21"
"2025","13","GOBIERNOS LOCALES","0101030101","MUNICIPALIDADES","1878","MUNICIPALIDAD DISTRITAL DE SEPAHUA","25","UCAYALI","19477233","15744820.37"
"2025","13","GOBIERNOS LOCALES","0101030101","MUNICIPALIDADES","1879","MUNICIPALIDAD DISTRITAL DE TAHUANIA","25","UCAYALI","24113351","20926991.94"
"2025","13","GOBIERNOS LOCALES","0101030101","MUNICIPALIDADES","1880","MUNICIPALIDAD DISTRITAL DE YURUA","25","UCAYALI","13462966","12366472.36"
"2025","13","GOBIERNOS LOCALES","0101030101","MUNICIPALIDADES","1881","MUNICIPALIDAD PROVINCIAL DE PADRE ABAD - AGUAITIA","25","UCAYALI","70532645","45763677.3"
"2025","13","GOBIERNOS LOCALES","0101030101","MUNICIPALIDADES","1882","MUNICIPALIDAD DISTRITAL DE IRAZOLA","25","UCAYALI","13273010","9987078.18"
"2025","13","GOBIERNOS LOCALES","0101030101","MUNICIPALIDADES","1883","MUNICIPALIDAD DISTRITAL DE CURIMANA","25","UCAYALI","16892276","12654913.26"
"2025","13","GOBIERNOS LOCALES","0101030101","MUNICIPALIDADES","1884","MUNICIPALIDAD PROVINCIAL DE PURUS","25","UCAYALI","11874534","8963560.04"
"2025","13","GOBIERNOS LOCALES","0101030101","MUNICIPALIDADES","2318","MUNICIPALIDAD DISTRITAL DE CAYALTI","14","LAMBAYEQUE","25891870","18945954.02"
"2025","13","GOBIERNOS LOCALES","0101030101","MUNICIPALIDADES","2319","MUNICIPALIDAD DISTRITAL DE PATAPO","14","LAMBAYEQUE","18992097","14197771.18"
"2025","13","GOBIERNOS LOCALES","0101030101","MUNICIPALIDADES","2320","MUNICIPALIDAD DISTRITAL DE POMALCA","14","LAMBAYEQUE","11292079","10029156.78"
"2025","13","GOBIERNOS LOCALES","0101030101","MUNICIPALIDADES","2321","MUNICIPALIDAD DISTRITAL DE PUCALA","14","LAMBAYEQUE","11297596","7362784.12"
"2025","13","GOBIERNOS LOCALES","0101030101","MUNICIPALIDADES","2322","MUNICIPALIDAD DISTRITAL DE TUMAN","14","LAMBAYEQUE","19316950","14430677.88"
"2025","13","GOBIERNOS LOCALES","0101030101","MUNICIPALIDADES","2324","MUNICIPALIDAD DISTRITAL DE CASA GRANDE","13","LA LIBERTAD","22894865","21046199.47"
"2025","13","GOBIERNOS LOCALES","0101030101","MUNICIPALIDADES","2602","MUNICIPALIDAD DISTRITAL DE BELEN","16","LORETO","41053754","34810180.59"
"2025","13","GOBIERNOS LOCALES","0101030101","MUNICIPALIDADES","2603","MUNICIPALIDAD DISTRITAL DE SAN JUAN BAUTISTA","16","LORETO","96466674","87334848.67"
"2025","13","GOBIERNOS LOCALES","0101030101","MUNICIPALIDADES","2606","MUNICIPALIDAD DISTRITAL DE MAJES","04","AREQUIPA","108651762","106881738.91"
"2025","13","GOBIERNOS LOCALES","0101030101","MUNICIPALIDADES","2622","MUNICIPALIDAD DISTRITAL DE LLOCHEGUA","05","AYACUCHO","24303952","15635395.77"
"2025","13","GOBIERNOS LOCALES","0101030101","MUNICIPALIDADES","2623","MUNICIPALIDAD DISTRITAL DE ASCENSION","09","HUANCAVELICA","14032223","10185968.65"
"2025","13","GOBIERNOS LOCALES","0101030101","MUNICIPALIDADES","2624","MUNICIPALIDAD DISTRITAL DE JESUS DE NAZARENO","05","AYACUCHO","23828881","11001413.38"
"2025","13","GOBIERNOS LOCALES","0101030101","MUNICIPALIDADES","2625","MUNICIPALIDAD DISTRITAL DE PILLCO MARCA","10","HUANUCO","29294856","26856899.38"
"2025","13","GOBIERNOS LOCALES","0101030101","MUNICIPALIDADES","2638","MUNICIPALIDAD DISTRITAL DE CHORAS","10","HUANUCO","6825619","5142500.19"
"2025","13","GOBIERNOS LOCALES","0101030101","MUNICIPALIDADES","2639","MUNICIPALIDAD DISTRITAL DE HUEPETUHE","17","MADRE DE DIOS","9450947","7325893.34"
"2025","13","GOBIERNOS LOCALES","0101030101","MUNICIPALIDADES","2640","MUNICIPALIDAD DISTRITAL DE CORONEL GREGORIO ALBARRACIN LANCHIPA","23","TACNA","326587842","312111979.43"
"2025","13","GOBIERNOS LOCALES","0101030101","MUNICIPALIDADES","2709","MUNICIPALIDAD DISTRITAL DE ANDOAS","16","LORETO","53600899","47200152.58"
"2025","13","GOBIERNOS LOCALES","0101030101","MUNICIPALIDADES","2712","MUNICIPALIDAD DISTRITAL DE SAN PEDRO DE PUTINA PUNCO","21","PUNO","11464550","10687587.15"
"2025","13","GOBIERNOS LOCALES","0101030101","MUNICIPALIDADES","2724","MUNICIPALIDAD DISTRITAL DE CANOAS DE PUNTA SAL","24","TUMBES","20689744","13884875.45"
"2025","13","GOBIERNOS LOCALES","0101030101","MUNICIPALIDADES","2725","MUNICIPALIDAD DISTRITAL DE MANANTAY","25","UCAYALI","63231265","53692418.32"
"2025","13","GOBIERNOS LOCALES","0101030101","MUNICIPALIDADES","2810","MUNICIPALIDAD DISTRITAL DE YACUS","10","HUANUCO","4811380","4627424.18"
"2025","13","GOBIERNOS LOCALES","0101030101","MUNICIPALIDADES","2811","MUNICIPALIDAD DISTRITAL DE COSME","09","HUANCAVELICA","4799656","4654086.89"
"2025","13","GOBIERNOS LOCALES","0101030101","MUNICIPALIDADES","2812","MUNICIPALIDAD DISTRITAL SAMUGARI","05","AYACUCHO","21974269","19962965.29"
"2025","13","GOBIERNOS LOCALES","0101030101","MUNICIPALIDADES","2813","MUNICIPALIDAD DISTRITAL CONSTITUCION","19","PASCO","25716814","18910434.48"
"2025","13","GOBIERNOS LOCALES","0101030101","MUNICIPALIDADES","2899","MUNICIPALIDAD DISTRITAL DE VEINTISEIS DE OCTUBRE","20","PIURA","167688598","153545709.22"
"2025","13","GOBIERNOS LOCALES","0101030101","MUNICIPALIDADES","2903","MUNICIPALIDAD DISTRITAL ANDRES AVELINO CACERES DORREGARAY","05","AYACUCHO","17236289","15680376.94"
"2025","13","GOBIERNOS LOCALES","0101030101","MUNICIPALIDADES","2904","MUNICIPALIDAD DISTRITAL DE CANAYRE","05","AYACUCHO","8669230","7048676.21"
"2025","13","GOBIERNOS LOCALES","0101030101","MUNICIPALIDADES","2905","MUNICIPALIDAD DISTRITAL DE ANCHIHUAY","05","AYACUCHO","20029285","8903549.02"
"2025","13","GOBIERNOS LOCALES","0101030101","MUNICIPALIDADES","2916","MUNICIPALIDAD DISTRITAL DE MI PERU","07","PROV CONSTIT DEL CALLAO","54891907","47173654.26"
"2025","13","GOBIERNOS LOCALES","0101030101","MUNICIPALIDADES","2917","MUNICIPALIDAD PROVINCIAL DE PUTUMAYO","16","LORETO","21397507","20133765.66"
"2025","13","GOBIERNOS LOCALES","0101030101","MUNICIPALIDADES","2918","MUNICIPALIDAD DISTRITAL DE ROSA PANDURO","16","LORETO","4449207","4422535.12"
"2025","13","GOBIERNOS LOCALES","0101030101","MUNICIPALIDADES","2919","MUNICIPALIDAD DISTRITAL DE TENIENTE MANUEL CLAVERO","16","LORETO","6325380","4725491.19"
"2025","13","GOBIERNOS LOCALES","0101030101","MUNICIPALIDADES","2920","MUNICIPALIDAD DISTRITAL DE YAGUAS","16","LORETO","2813679","2625753.46"
"2025","13","GOBIERNOS LOCALES","0101030101","MUNICIPALIDADES","2929","MUNICIPALIDAD DISTRITAL DE ANDAYMARCA","09","HUANCAVELICA","19474939","13931048.92"
"2025","13","GOBIERNOS LOCALES","0101030101","MUNICIPALIDADES","2930","MUNICIPALIDAD DISTRITAL DE QUICHUAS","09","HUANCAVELICA","14764583","12646570.9"
"2025","13","GOBIERNOS LOCALES","0101030101","MUNICIPALIDADES","2931","MUNICIPALIDAD DISTRITAL DE INKAWASI","08","CUSCO","33223835","28098179.32"
"2025","13","GOBIERNOS LOCALES","0101030101","MUNICIPALIDADES","2932","MUNICIPALIDAD DISTRITAL DE VILLA VIRGEN","08","CUSCO","33031809","16654719.99"
"2025","13","GOBIERNOS LOCALES","0101030101","MUNICIPALIDADES","2933","MUNICIPALIDAD DISTRITAL DE UCHURACCAY","05","AYACUCHO","14258370","12228782.09"
"2025","13","GOBIERNOS LOCALES","0101030101","MUNICIPALIDADES","2934","MUNICIPALIDAD DISTRITAL DE JOSE MARIA ARGUEDAS","03","APURIMAC","6731409","5787597.7"
"2025","13","GOBIERNOS LOCALES","0101030101","MUNICIPALIDADES","2935","MUNICIPALIDAD DISTRITAL DE NESHUYA","25","UCAYALI","18026623","13235589.13"
"2025","13","GOBIERNOS LOCALES","0101030101","MUNICIPALIDADES","2936","MUNICIPALIDAD DISTRITAL ALEXANDER VON HUMBOLDT","25","UCAYALI","16100223","10689835.35"
"2025","13","GOBIERNOS LOCALES","0101030101","MUNICIPALIDADES","2944","MUNICIPALIDAD DISTRITAL DE LA YARADA LOS PALOS","23","TACNA","43987953","39701069.99"
"2025","13","GOBIERNOS LOCALES","0101030101","MUNICIPALIDADES","2946","MUNICIPALIDAD DISTRITAL DE PUCACOLPA","05","AYACUCHO","7700878","4916334.24"
"2025","13","GOBIERNOS LOCALES","0101030101","MUNICIPALIDADES","2948","MUNICIPALIDAD DISTRITAL DE VILLA KINTIARINA","08","CUSCO","37282699","33299771.7"
"2025","13","GOBIERNOS LOCALES","0101030101","MUNICIPALIDADES","2949","MUNICIPALIDAD DISTRITAL DE ROCCHACC","03","APURIMAC","7009427","5603921.86"
"2025","13","GOBIERNOS LOCALES","0101030101","MUNICIPALIDADES","2950","MUNICIPALIDAD DISTRITAL DE EL PORVENIR","03","APURIMAC","6042866","5252191.13"
"2025","13","GOBIERNOS LOCALES","0101030101","MUNICIPALIDADES","2951","MUNICIPALIDAD DISTRITAL DE VIZCATAN DEL ENE","12","JUNIN","18293829","13293397.56"
"2025","13","GOBIERNOS LOCALES","0101030101","MUNICIPALIDADES","2952","MUNICIPALIDAD DISTRITAL DE PICHOS","09","HUANCAVELICA","4956136","4197750.65"
"2025","13","GOBIERNOS LOCALES","0101030101","MUNICIPALIDADES","2953","MUNICIPALIDAD DISTRITAL DE ROBLE","09","HUANCAVELICA","6031281","3937543.66"
"2025","13","GOBIERNOS LOCALES","0101030101","MUNICIPALIDADES","2954","MUNICIPALIDAD DISTRITAL DE SANTA ROSA DE ALTO YANAJANCA","10","HUANUCO","12391378","9463670.75"
"2025","13","GOBIERNOS LOCALES","0101030101","MUNICIPALIDADES","2955","MUNICIPALIDAD DISTRITAL LA MORADA","10","HUANUCO","37898681","32722671.54"
"2025","13","GOBIERNOS LOCALES","0101030101","MUNICIPALIDADES","2956","MUNICIPALIDAD DISTRITAL SAN PABLO DE PILLAO","10","HUANUCO","17565564","14369141.77"
"2025","13","GOBIERNOS LOCALES","0101030101","MUNICIPALIDADES","2958","MUNICIPALIDAD DISTRITAL DE CHACA","05","AYACUCHO","5763509","4434868.18"
"2025","13","GOBIERNOS LOCALES","0101030101","MUNICIPALIDADES","2962","MUNICIPALIDAD DISTRITAL DE LOS CHANKAS","03","APURIMAC","5287312","4521584.53"
"2025","13","GOBIERNOS LOCALES","0101030101","MUNICIPALIDADES","2966","MUNICIPALIDAD DISTRITAL DE ORONCCOY","05","AYACUCHO","12444958","6852051.89"
"2025","13","GOBIERNOS LOCALES","0101030101","MUNICIPALIDADES","2968","MUNICIPALIDAD DISTRITAL DE SANTIAGO DE TUCUMA","09","HUANCAVELICA","7409628","3482213.42"
"2025","13","GOBIERNOS LOCALES","0101030101","MUNICIPALIDADES","2969","MUNICIPALIDAD DISTRITAL DE CASTILLO GRANDE","10","HUANUCO","8918026","8137297.23"
"2025","13","GOBIERNOS LOCALES","0101030101","MUNICIPALIDADES","2970","MUNICIPALIDAD DISTRITAL DE PUCAYACU","10","HUANUCO","6411652","5731499.8"
"2025","13","GOBIERNOS LOCALES","0101030101","MUNICIPALIDADES","2971","MUNICIPALIDAD DISTRITAL DE PUEBLO NUEVO","10","HUANUCO","6807491","5527506.31"
"2025","13","GOBIERNOS LOCALES","0101030101","MUNICIPALIDADES","2977","MUNICIPALIDAD DISTRITAL DE MEGANTONI","08","CUSCO","391829477","339614582.54"
"2025","13","GOBIERNOS LOCALES","0101030101","MUNICIPALIDADES","2980","MUNICIPALIDAD DSITRITAL DE SANTO DOMINGO DE ANDA","10","HUANUCO","3931522","2424222.25"
"2025","13","GOBIERNOS LOCALES","0101030101","MUNICIPALIDADES","2985","MUNICIPALIDAD DISTRITAL DE SAN MIGUEL","21","PUNO","36125959","30965810.25"
"2025","13","GOBIERNOS LOCALES","0101030101","MUNICIPALIDADES","3008","MUNICIPALIDAD DISTRITAL DE CIELO PUNCO","08","CUSCO","21230578","19114318.39"
"2025","13","GOBIERNOS LOCALES","0101030101","MUNICIPALIDADES","3009","MUNICIPALIDAD DISTRITAL DE SANTA LUCIA","22","SAN MARTIN","7451950","5364245.31"
"2025","13","GOBIERNOS LOCALES","0101030101","MUNICIPALIDADES","3010","MUNICIPALIDAD DISTRITAL DE KUMPIRUSHIATO","08","CUSCO","58317305","49404614.22"
"2025","13","GOBIERNOS LOCALES","0101030101","MUNICIPALIDADES","3011","MUNICIPALIDAD DISTRITAL DE MANITEA","08","CUSCO","36493136","31230339.35"
"2025","13","GOBIERNOS LOCALES","0101030101","MUNICIPALIDADES","3012","MUNICIPALIDAD DISTRITAL DE LAMBRAS","09","HUANCAVELICA","7466482","5967920.84"
"2025","13","GOBIERNOS LOCALES","0101030101","MUNICIPALIDADES","3013","MUNICIPALIDAD DISTRITAL DE COCHABAMBA","09","HUANCAVELICA","7774718","5584636.87"
"2025","13","GOBIERNOS LOCALES","0101030101","MUNICIPALIDADES","3014","MUNICIPALIDAD DISTRITAL DE PUTIS","05","AYACUCHO","3035952","2345214.27"
"2025","13","GOBIERNOS LOCALES","0101030101","MUNICIPALIDADES","3017","MUNICIPALIDAD DISTRITAL DE UNION PROGRESO","05","AYACUCHO","5859398","4484833.7"
"2025","13","GOBIERNOS LOCALES","0101030101","MUNICIPALIDADES","3018","MUNICIPALIDAD DISTRITAL DE RIO MAGDALENA","05","AYACUCHO","3093074","2743432.43"
"2025","13","GOBIERNOS LOCALES","0101030101","MUNICIPALIDADES","3019","MUNICIPALIDAD DISTRITAL DE BOQUERON","25","UCAYALI","7169422","3536661.45"
"2025","13","GOBIERNOS LOCALES","0101030101","MUNICIPALIDADES","3022","MUNICIPALIDAD DISTRITAL DE HUIPOCA","25","UCAYALI","17755103","12992407.68"
"2025","13","GOBIERNOS LOCALES","0101030101","MUNICIPALIDADES","3023","MUNICIPALIDAD DISTRITAL DE AHUAYRO","03","APURIMAC","9530239","6614104.22"
"2025","13","GOBIERNOS LOCALES","0101030101","MUNICIPALIDADES","3024","MUNICIPALIDAD DISTRITAL DE UNION ASHANINKA","08","CUSCO","71364012","65337666.57"
"2025","13","GOBIERNOS LOCALES","0101030101","MUNICIPALIDADES","3026","MUNICIPALIDAD DISTRITAL DE NINABAMBA","05","AYACUCHO","3274917","3145020.79"
"2025","13","GOBIERNOS LOCALES","0101030101","MUNICIPALIDADES","3027","MUNICIPALIDAD DISTRITAL DE PATIBAMBA","05","AYACUCHO","5168942","4920786"
"2025","13","GOBIERNOS LOCALES","0101030101","MUNICIPALIDADES","3028","MUNICIPALIDAD DISTRITAL DE SAN ANTONIO","18","MOQUEGUA","246656143","206708208.47"
"2025","13","GOBIERNOS LOCALES","0101030101","MUNICIPALIDADES","3031","MUNICIPALIDAD DISTRITAL DE ALTO TRUJILLO","13","LA LIBERTAD","23934245","18498732.08"
"2025","13","GOBIERNOS LOCALES","0101030101","MUNICIPALIDADES","3047","MUNICIPALIDAD DISTRITAL DE SANTA ROSA DE LORETO","16","LORETO","776999","402358.7"
"2025","13","GOBIERNOS LOCALES","0101030102","CENTROS POBLADOS","0626","COMPLEJO TURISTICO  BAÑOS DEL INCA","06","CAJAMARCA","11091397","5800936.01"
"2025","13","GOBIERNOS LOCALES","0101030102","CENTROS POBLADOS","1202","CENTRO POBLADO MENOR DE VILLA DEL MAR","13","LA LIBERTAD","505520","461943.36"
"2025","13","GOBIERNOS LOCALES","0101030102","CENTROS POBLADOS","1350","CENTRO POBLADO MENOR DE SANTA MARIA DE HUACHIPA","15","LIMA","13483572","11032956.14"
"2025","13","GOBIERNOS LOCALES","0101030102","CENTROS POBLADOS","2605","CENTRO POBLADO MENOR DE MURUHUAY","12","JUNIN","435808","371457.31"
"2025","13","GOBIERNOS LOCALES","0101030102","CENTROS POBLADOS","2666","CENTRO POBLADO MENOR DE SAN JUAN DE LA LIBERTAD","12","JUNIN","83865","79739"
"2025","13","GOBIERNOS LOCALES","0101030201","ORGANISMOS PUBLICOS DESCENTRALIZADOS DEL GOBIERNO LOCAL","1986","PATRONATO DEL PARQUE DE LAS LEYENDAS","15","LIMA","67059651","52828253.7"
"2025","13","GOBIERNOS LOCALES","0101030201","ORGANISMOS PUBLICOS DESCENTRALIZADOS DEL GOBIERNO LOCAL","2002","FONDO METROPOLITANO DE INVERSIONES","15","LIMA","369873483","86422839.18"
"2025","13","GOBIERNOS LOCALES","0101030201","ORGANISMOS PUBLICOS DESCENTRALIZADOS DEL GOBIERNO LOCAL","2003","INSTITUTO CATASTRAL DE LIMA","15","LIMA","16084600","7638457.95"
"2025","13","GOBIERNOS LOCALES","0101030201","ORGANISMOS PUBLICOS DESCENTRALIZADOS DEL GOBIERNO LOCAL","2004","INSTITUTO METROPOLITANO DE PLANIFICACION","15","LIMA","10165632","7955541.83"
"2025","13","GOBIERNOS LOCALES","0101030201","ORGANISMOS PUBLICOS DESCENTRALIZADOS DEL GOBIERNO LOCAL","2005","SERVICIO DE ADMINISTRACION TRIBUTARIA","15","LIMA","119305123","95549744.97"
"2025","13","GOBIERNOS LOCALES","0101030201","ORGANISMOS PUBLICOS DESCENTRALIZADOS DEL GOBIERNO LOCAL","2006","SERVICIO DE PARQUES DE LIMA","15","LIMA","70553444","69689081.35"
"2025","13","GOBIERNOS LOCALES","0101030201","ORGANISMOS PUBLICOS DESCENTRALIZADOS DEL GOBIERNO LOCAL","2601","SERVICIO DE ADMINISTRACION TRIBUTARIA TRUJILLO","13","LA LIBERTAD","14130434","11412238.57"
"2025","13","GOBIERNOS LOCALES","0101030201","ORGANISMOS PUBLICOS DESCENTRALIZADOS DEL GOBIERNO LOCAL","2607","SERVICIO DE ADMINISTRACION TRIBUTARIA DE PIURA","20","PIURA","8221218","7627548.02"
"2025","13","GOBIERNOS LOCALES","0101030201","ORGANISMOS PUBLICOS DESCENTRALIZADOS DEL GOBIERNO LOCAL","2668","SERVICIO DE ADMINISTRACION TRIBUTARIA DE ICA","11","ICA","10096815","3579025.7"
"2025","13","GOBIERNOS LOCALES","0101030201","ORGANISMOS PUBLICOS DESCENTRALIZADOS DEL GOBIERNO LOCAL","2696","SERVICIO DE ADMINISTRACION TRIBUTARIA DE CAJAMARCA","06","CAJAMARCA","8234231","7872419.53"
"2025","13","GOBIERNOS LOCALES","0101030201","ORGANISMOS PUBLICOS DESCENTRALIZADOS DEL GOBIERNO LOCAL","2697","SERVICIO DE ADMINISTRACION TRIBUTARIA DE HUANCAYO","12","JUNIN","9077527","7307724.18"
"2025","13","GOBIERNOS LOCALES","0101030201","ORGANISMOS PUBLICOS DESCENTRALIZADOS DEL GOBIERNO LOCAL","2699","SISTEMA METROPOLITANO DE LA SOLIDARIDAD","08","CUSCO","12287028","11329425.17"
"2025","13","GOBIERNOS LOCALES","0101030201","ORGANISMOS PUBLICOS DESCENTRALIZADOS DEL GOBIERNO LOCAL","2699","SISTEMA METROPOLITANO DE LA SOLIDARIDAD","11","ICA","4463621","3957060.7"
"2025","13","GOBIERNOS LOCALES","0101030201","ORGANISMOS PUBLICOS DESCENTRALIZADOS DEL GOBIERNO LOCAL","2699","SISTEMA METROPOLITANO DE LA SOLIDARIDAD","15","LIMA","269273529","244216801.56"
"2025","13","GOBIERNOS LOCALES","0101030201","ORGANISMOS PUBLICOS DESCENTRALIZADOS DEL GOBIERNO LOCAL","2699","SISTEMA METROPOLITANO DE LA SOLIDARIDAD","20","PIURA","4594167","4203066.58"
"2025","13","GOBIERNOS LOCALES","0101030201","ORGANISMOS PUBLICOS DESCENTRALIZADOS DEL GOBIERNO LOCAL","2699","SISTEMA METROPOLITANO DE LA SOLIDARIDAD","22","SAN MARTIN","3374316","3074312.59"
"2025","13","GOBIERNOS LOCALES","0101030201","ORGANISMOS PUBLICOS DESCENTRALIZADOS DEL GOBIERNO LOCAL","2699","SISTEMA METROPOLITANO DE LA SOLIDARIDAD","23","TACNA","8146173","7799929.54"
"2025","13","GOBIERNOS LOCALES","0101030201","ORGANISMOS PUBLICOS DESCENTRALIZADOS DEL GOBIERNO LOCAL","2699","SISTEMA METROPOLITANO DE LA SOLIDARIDAD","24","TUMBES","2335794","2119524.06"
"2025","13","GOBIERNOS LOCALES","0101030201","ORGANISMOS PUBLICOS DESCENTRALIZADOS DEL GOBIERNO LOCAL","2702","SERVICIO DE ADMINISTRACIÓN TRIBUTARIA DE CHICLAYO .","14","LAMBAYEQUE","10282412","8129851.19"
"2025","13","GOBIERNOS LOCALES","0101030201","ORGANISMOS PUBLICOS DESCENTRALIZADOS DEL GOBIERNO LOCAL","2704","AUTORIDAD MUNICIPAL DE PROTECCION DE LOS HUMEDALES PANTANOS DE VILLA","15","LIMA","2770000","2496628.95"
"2025","13","GOBIERNOS LOCALES","0101030201","ORGANISMOS PUBLICOS DESCENTRALIZADOS DEL GOBIERNO LOCAL","2710","AUTORIDAD DEL PROYECTO DE COSTA VERDE","15","LIMA","6140424","1588004.43"
"2025","13","GOBIERNOS LOCALES","0101030201","ORGANISMOS PUBLICOS DESCENTRALIZADOS DEL GOBIERNO LOCAL","2726","SERVICIO DE ADMINISTRACION DE INMUEBLES MUNICIPALES DE TRUJILLO","13","LA LIBERTAD","2502016","2265871.04"
"2025","13","GOBIERNOS LOCALES","0101030201","ORGANISMOS PUBLICOS DESCENTRALIZADOS DEL GOBIERNO LOCAL","2742","HOSPITAL MUNICIPAL LOS OLIVOS","15","LIMA","30700000","22803883.15"
"2025","13","GOBIERNOS LOCALES","0101030201","ORGANISMOS PUBLICOS DESCENTRALIZADOS DEL GOBIERNO LOCAL","2743","SERVICIO DE GESTION AMBIENTAL DE TRUJILLO","13","LA LIBERTAD","53739284","46972928.64"
"2025","13","GOBIERNOS LOCALES","0101030201","ORGANISMOS PUBLICOS DESCENTRALIZADOS DEL GOBIERNO LOCAL","2747","SERVICIO DE ADMINISTRACION TRIBUTARIA DE TARAPOTO","22","SAN MARTIN","3321192","2948818.19"
"2025","13","GOBIERNOS LOCALES","0101030201","ORGANISMOS PUBLICOS DESCENTRALIZADOS DEL GOBIERNO LOCAL","2761","SERVICIO DE ADMINISTRACION TRIBUTARIA DE HUAMANGA","05","AYACUCHO","3263629","2722001.88"
"2025","13","GOBIERNOS LOCALES","0101030201","ORGANISMOS PUBLICOS DESCENTRALIZADOS DEL GOBIERNO LOCAL","2823","TRANSPORTES METROPOLITANOS DE TRUJILLO","13","LA LIBERTAD","1778879","1165914.83"
"2025","13","GOBIERNOS LOCALES","0101030201","ORGANISMOS PUBLICOS DESCENTRALIZADOS DEL GOBIERNO LOCAL","2942","TERRAPUERTO MUNICIPAL LIBERTADORES DE AMERICA","05","AYACUCHO","2811921","2418401.29"
"2025","13","GOBIERNOS LOCALES","0101030201","ORGANISMOS PUBLICOS DESCENTRALIZADOS DEL GOBIERNO LOCAL","2963","INSTITUTO MINICIPAL DE PLANEAMIENTO","04","AREQUIPA","5592406","3620479.66"
"2025","13","GOBIERNOS LOCALES","0101030201","ORGANISMOS PUBLICOS DESCENTRALIZADOS DEL GOBIERNO LOCAL","2965","SERVICIO MUNICIPAL DE ADMINISTRACION DEL MATADERO METROPOLITANO DE RIO SECO","04","AREQUIPA","5152171","5099990.18"
"2025","13","GOBIERNOS LOCALES","0101030201","ORGANISMOS PUBLICOS DESCENTRALIZADOS DEL GOBIERNO LOCAL","2995","SERVICIO DE ADMINISTRACION TRIBUTARIA DE JOSE LEONARDO ORTIZ","14","LAMBAYEQUE","4281399","4219108.79"
"2025","13","GOBIERNOS LOCALES","0101030201","ORGANISMOS PUBLICOS DESCENTRALIZADOS DEL GOBIERNO LOCAL","3001","ESTABLECIMIENTO DE SALUD MUNICIPAL","04","AREQUIPA","17298641","11988841.15"
"2025","13","GOBIERNOS LOCALES","0101030201","ORGANISMOS PUBLICOS DESCENTRALIZADOS DEL GOBIERNO LOCAL","3041","SERVICIO DE ADMINISTRACION TRIBUTARIA DE SULLANA","20","PIURA","5723806","3739763.01"
"2025","13","GOBIERNOS LOCALES","0101030202","INSTITUTOS VIALES PROVINCIALES","2728","INSTITUTO VIAL PROVINCIAL DE YUNGAY","02","ANCASH","3288945","2709278.9"
"2025","13","GOBIERNOS LOCALES","0101030202","INSTITUTOS VIALES PROVINCIALES","2729","INSTITUTO VIAL PROVINCIAL DE HUANCAYO","12","JUNIN","8290329","1480810.7"
"2025","13","GOBIERNOS LOCALES","0101030202","INSTITUTOS VIALES PROVINCIALES","2730","INSTITUTO VIAL PROVINCIAL DE LEONCIO PRADO","10","HUANUCO","3334186","2367825.76"
"2025","13","GOBIERNOS LOCALES","0101030202","INSTITUTOS VIALES PROVINCIALES","2731","INSTITUTO VIAL PROVINCIAL DE OXAPAMPA","19","PASCO","4396194","3070398.87"
"2025","13","GOBIERNOS LOCALES","0101030202","INSTITUTOS VIALES PROVINCIALES","2732","INSTITUTO VIAL PROVINCIAL DE CHACHAPOYAS","01","AMAZONAS","4302833","3349419.23"
"2025","13","GOBIERNOS LOCALES","0101030202","INSTITUTOS VIALES PROVINCIALES","2733","INSTITUTO VIAL PROVINCIAL DE SAN MARTIN - TARAPOTO","22","SAN MARTIN","1490372","1367682.26"
"2025","13","GOBIERNOS LOCALES","0101030202","INSTITUTOS VIALES PROVINCIALES","2734","INSTITUTO VIAL PROVINCIAL DE AREQUIPA","04","AREQUIPA","3882526","3382890.19"
"2025","13","GOBIERNOS LOCALES","0101030202","INSTITUTOS VIALES PROVINCIALES","2735","INSTITUTO VIAL PROVINCIAL DE CHANCHAMAYO","12","JUNIN","905991","461757.3"
"2025","13","GOBIERNOS LOCALES","0101030202","INSTITUTOS VIALES PROVINCIALES","2739","INSTITUTO VIAL PROVINCIAL DE TAYACAJA","09","HUANCAVELICA","3530502","3013136.4"
"2025","13","GOBIERNOS LOCALES","0101030202","INSTITUTOS VIALES PROVINCIALES","2741","INSTITUTO VIAL PROVINCIAL DE LUCANAS","05","AYACUCHO","1813171","1401662.51"
"2025","13","GOBIERNOS LOCALES","0101030202","INSTITUTOS VIALES PROVINCIALES","2748","INSTITUTO VIAL PROVINCIAL DE RIOJA","22","SAN MARTIN","1387554","1223445.84"
"2025","13","GOBIERNOS LOCALES","0101030202","INSTITUTOS VIALES PROVINCIALES","2751","INSTITUTO VIAL PROVINCIAL DE MOYOBAMBA","22","SAN MARTIN","3281558","2529644.48"
"2025","13","GOBIERNOS LOCALES","0101030202","INSTITUTOS VIALES PROVINCIALES","2752","INSTITUTO VIAL PROVINCIAL DE HUANCABAMBA","20","PIURA","1070943","647609.78"
"2025","13","GOBIERNOS LOCALES","0101030202","INSTITUTOS VIALES PROVINCIALES","2755","INSTITUTO VIAL PROVINCIAL DE AMBO","10","HUANUCO","2669959","1205999.93"
"2025","13","GOBIERNOS LOCALES","0101030202","INSTITUTOS VIALES PROVINCIALES","2757","INSTITUTO VIAL PROVINCIAL DE PASCO","19","PASCO","5179307","4836755.03"
"2025","13","GOBIERNOS LOCALES","0101030202","INSTITUTOS VIALES PROVINCIALES","2760","INSTITUTO VIAL PROVINCIAL DE HUAMANGA","05","AYACUCHO","9372969","3355094.17"
"2025","13","GOBIERNOS LOCALES","0101030202","INSTITUTOS VIALES PROVINCIALES","2762","INSTITUTO VIAL PROVINCIAL DE PACHITEA","10","HUANUCO","3025476","2616498.84"
"2025","13","GOBIERNOS LOCALES","0101030202","INSTITUTOS VIALES PROVINCIALES","2763","INSTITUTO VIAL PROVINCIAL DE HUARI","02","ANCASH","2253871","653719.45"
"2025","13","GOBIERNOS LOCALES","0101030202","INSTITUTOS VIALES PROVINCIALES","2764","INSTITUTO VIAL PROVINCIAL DE CONCEPCION","12","JUNIN","5282334","3229688.76"
"2025","13","GOBIERNOS LOCALES","0101030202","INSTITUTOS VIALES PROVINCIALES","2766","INSTITUTO VIAL PROVINCIAL DE CAYLLOMA","04","AREQUIPA","725434","681287.03"
"2025","13","GOBIERNOS LOCALES","0101030202","INSTITUTOS VIALES PROVINCIALES","2767","INSTITUTO VIAL PROVINCIAL DE ABANCAY","03","APURIMAC","2303217","2098623.99"
"2025","13","GOBIERNOS LOCALES","0101030202","INSTITUTOS VIALES PROVINCIALES","2768","INSTITUTO VIAL PROVINCIAL DE LAMAS","22","SAN MARTIN","7861297","3383520.15"
"2025","13","GOBIERNOS LOCALES","0101030202","INSTITUTOS VIALES PROVINCIALES","2772","INSTITUTO VIAL PROVINCIAL DE SATIPO","12","JUNIN","12814852","11721283.29"
"2025","13","GOBIERNOS LOCALES","0101030202","INSTITUTOS VIALES PROVINCIALES","2775","INSTITUTO VIAL PROVINCIAL DE CAJABAMBA","06","CAJAMARCA","2442064","2134909.77"
"2025","13","GOBIERNOS LOCALES","0101030202","INSTITUTOS VIALES PROVINCIALES","2777","INSTITUTO VIAL PROVINCIAL DE EL DORADO","22","SAN MARTIN","1270830","1055283.74"
"2025","13","GOBIERNOS LOCALES","0101030202","INSTITUTOS VIALES PROVINCIALES","2778","INSTITUTO VIAL PROVINCIAL DE GRAU","03","APURIMAC","2323447","1970164.14"
"2025","13","GOBIERNOS LOCALES","0101030202","INSTITUTOS VIALES PROVINCIALES","2779","INSTITUTO VIAL PROVINCIAL DE LA UNION","04","AREQUIPA","269098","225983.73"
"2025","13","GOBIERNOS LOCALES","0101030202","INSTITUTOS VIALES PROVINCIALES","2780","INSTITUTO VIAL PROVINCIAL DE TOCACHE","22","SAN MARTIN","2483010","2346477.18"
"2025","13","GOBIERNOS LOCALES","0101030202","INSTITUTOS VIALES PROVINCIALES","2782","INSTITUTO VIAL PROVINCIAL DE CHOTA","06","CAJAMARCA","8689292","8367669.35"
"2025","13","GOBIERNOS LOCALES","0101030202","INSTITUTOS VIALES PROVINCIALES","2783","INSTITUTO VIAL PROVINCIAL DE HUARMEY","02","ANCASH","1172621","1021530.97"
"2025","13","GOBIERNOS LOCALES","0101030202","INSTITUTOS VIALES PROVINCIALES","2784","INSTITUTO VIAL PROVINCIAL DE JAEN","06","CAJAMARCA","783364","613499.62"
"2025","13","GOBIERNOS LOCALES","0101030202","INSTITUTOS VIALES PROVINCIALES","2786","INSTITUTO VIAL PROVINCIAL DE HUAYLAS","02","ANCASH","1829322","1020485.67"
"2025","13","GOBIERNOS LOCALES","0101030202","INSTITUTOS VIALES PROVINCIALES","2787","INSTITUTO VIAL PROVINCIAL DE RECUAY","02","ANCASH","2668773","2089629.1"
"2025","13","GOBIERNOS LOCALES","0101030202","INSTITUTOS VIALES PROVINCIALES","2789","INSTITUTO VIAL PROVINCIAL DE HUARAZ","02","ANCASH","2279674","1055351.26"
"2025","13","GOBIERNOS LOCALES","0101030202","INSTITUTOS VIALES PROVINCIALES","2790","INSTITUTO VIAL PROVINCIAL DE CORONGO","02","ANCASH","1613239","716547.31"
"2025","13","GOBIERNOS LOCALES","0101030202","INSTITUTOS VIALES PROVINCIALES","2791","INSTITUTO VIAL PROVINCIAL DE CANGALLO","05","AYACUCHO","2434804","2115503.32"
"2025","13","GOBIERNOS LOCALES","0101030202","INSTITUTOS VIALES PROVINCIALES","2792","INSTITUTO VIAL PROVINCIAL DE JAUJA","12","JUNIN","4179759","3868869.02"
"2025","13","GOBIERNOS LOCALES","0101030202","INSTITUTOS VIALES PROVINCIALES","2793","INSTITUTO VIAL PROVINCIAL DE ACOBAMBA","09","HUANCAVELICA","1579475","1490696.62"
"2025","13","GOBIERNOS LOCALES","0101030202","INSTITUTOS VIALES PROVINCIALES","2794","INSTITUTO VIAL PROVINCIAL DE SAN MARCOS","06","CAJAMARCA","1555330","1368553.48"
"2025","13","GOBIERNOS LOCALES","0101030202","INSTITUTOS VIALES PROVINCIALES","2799","INSTITUTO VIAL PROVINCIAL DE CONTRALMIRANTE VILLAR","24","TUMBES","1500000","1021129.8"
"2025","13","GOBIERNOS LOCALES","0101030202","INSTITUTOS VIALES PROVINCIALES","2801","INSTITUTO VIAL PROVINCIAL DE TUMBES","24","TUMBES","1335605","967568.57"
"2025","13","GOBIERNOS LOCALES","0101030202","INSTITUTOS VIALES PROVINCIALES","2803","INSTITUTO VIAL PROVINCIAL DE PICOTA","22","SAN MARTIN","1660691","961318.55"
"2025","13","GOBIERNOS LOCALES","0101030202","INSTITUTOS VIALES PROVINCIALES","2814","INSTITUTO VIAL PROVINCIAL DE CARHUAZ","02","ANCASH","1807863","620434.13"
"2025","13","GOBIERNOS LOCALES","0101030202","INSTITUTOS VIALES PROVINCIALES","2815","INSTITUTO VIAL PROVINCIAL DE AYABACA","20","PIURA","7838498","7441054.69"
"2025","13","GOBIERNOS LOCALES","0101030202","INSTITUTOS VIALES PROVINCIALES","2816","INSTITUTO VIAL PROVINCIAL DE LAMBAYEQUE","14","LAMBAYEQUE","2269641","332760.6"
"2025","13","GOBIERNOS LOCALES","0101030202","INSTITUTOS VIALES PROVINCIALES","2817","INSTITUTO VIAL PROVINCIAL DE CHURCAMPA","09","HUANCAVELICA","2029769","1425595.91"
"2025","13","GOBIERNOS LOCALES","0101030202","INSTITUTOS VIALES PROVINCIALES","2818","INSTITUTO VIAL PROVINCIAL DE MARISCAL LUZURIAGA","02","ANCASH","685908","638755.5"
"2025","13","GOBIERNOS LOCALES","0101030202","INSTITUTOS VIALES PROVINCIALES","2820","INSTITUTO  VIAL PROVINCIAL DE ANGARAES","09","HUANCAVELICA","2281200","1684817.83"
"2025","13","GOBIERNOS LOCALES","0101030202","INSTITUTOS VIALES PROVINCIALES","2826","INSTITUTO VIAL PROVINCIAL DE MARISCAL CACERES","22","SAN MARTIN","2672042","428439.91"
"2025","13","GOBIERNOS LOCALES","0101030202","INSTITUTOS VIALES PROVINCIALES","2827","INSTITUTO VIAL PROVINCIAL DE PUERTO INCA","10","HUANUCO","2018825","1195367.98"
"2025","13","GOBIERNOS LOCALES","0101030202","INSTITUTOS VIALES PROVINCIALES","2828","INSTITUTO VIAL PROVINCIAL DE HUANUCO","10","HUANUCO","4382081","2972645.53"
"2025","13","GOBIERNOS LOCALES","0101030202","INSTITUTOS VIALES PROVINCIALES","2829","INSTITUTO VIAL PROVINCIAL DE CASTROVIRREYNA","09","HUANCAVELICA","2205718","1873877.53"
"2025","13","GOBIERNOS LOCALES","0101030202","INSTITUTOS VIALES PROVINCIALES","2830","INSTITUTO VIAL PROVINCIAL DE CAMANA","04","AREQUIPA","1716906","1436078.1"
"2025","13","GOBIERNOS LOCALES","0101030202","INSTITUTOS VIALES PROVINCIALES","2831","INSTITUTO VIAL PROVINCIAL DE CHUPACA","12","JUNIN","1728684","988804.69"
"2025","13","GOBIERNOS LOCALES","0101030202","INSTITUTOS VIALES PROVINCIALES","2832","INSTITUTO VIAL PROVINCIAL DE CASTILLA","04","AREQUIPA","1468438","1135721.02"
"2025","13","GOBIERNOS LOCALES","0101030202","INSTITUTOS VIALES PROVINCIALES","2835","INSTITUTO VIAL PROVINCIAL DE UTCUBAMBA","01","AMAZONAS","2327734","1765589"
"2025","13","GOBIERNOS LOCALES","0101030202","INSTITUTOS VIALES PROVINCIALES","2847","INSTITUTO VIAL PROVINCIAL  DE AYMARAES","03","APURIMAC","2315308","1625322.39"
"2025","13","GOBIERNOS LOCALES","0101030202","INSTITUTOS VIALES PROVINCIALES","2848","INSTITUTO  VIAL PROVINCIAL DE SANTA","02","ANCASH","1307798","1177816.61"
"2025","13","GOBIERNOS LOCALES","0101030202","INSTITUTOS VIALES PROVINCIALES","2853","INSTITUTO VIAL PROVINCIAL DE POMABAMBA","02","ANCASH","1247206","1136939.41"
"2025","13","GOBIERNOS LOCALES","0101030202","INSTITUTOS VIALES PROVINCIALES","2861","INSTITUTO VIAL PROVINCIAL DE HUANCAVELICA","09","HUANCAVELICA","3990372","2624185.33"
"2025","13","GOBIERNOS LOCALES","0101030202","INSTITUTOS VIALES PROVINCIALES","2865","INSTITUTO VIAL PROVINCIAL DE MARISCAL NIETO","18","MOQUEGUA","4919533","670819.7"
"2025","13","GOBIERNOS LOCALES","0101030202","INSTITUTOS VIALES PROVINCIALES","2866","INSTITUTO VIAL PROVINCIAL DE SAN MIGUEL","06","CAJAMARCA","2812625","2481106.78"
"2025","13","GOBIERNOS LOCALES","0101030202","INSTITUTOS VIALES PROVINCIALES","2871","INSTITUTO VIAL PROVINCIAL DE CARAVELI","04","AREQUIPA","210","0"
"2025","13","GOBIERNOS LOCALES","0101030202","INSTITUTOS VIALES PROVINCIALES","2872","INSTITUTO VIAL PROVINCIAL DE CASMA","02","ANCASH","742515","312624.23"
"2025","13","GOBIERNOS LOCALES","0101030202","INSTITUTOS VIALES PROVINCIALES","2877","INSTITUTO VIAL PROVINCIAL DE TARMA - JUNIN","12","JUNIN","1689030","771474"
"2025","13","GOBIERNOS LOCALES","0101030202","INSTITUTOS VIALES PROVINCIALES","2879","INSTITUTO VIAL PROVINCIAL DE HUAYTARA","09","HUANCAVELICA","2449608","1869760.99"
"2025","13","GOBIERNOS LOCALES","0101030202","INSTITUTOS VIALES PROVINCIALES","2882","INSTITUTO VIAL PROVINCIAL DE MOHO","21","PUNO","61393","0"
"2025","13","GOBIERNOS LOCALES","0101030202","INSTITUTOS VIALES PROVINCIALES","2883","INSTITUTO VIAL PROVINCIAL DE HUAMALIES","10","HUANUCO","1415448","1295273.49"
"2025","13","GOBIERNOS LOCALES","0101030202","INSTITUTOS VIALES PROVINCIALES","2886","INSTITUTO VIAL PROVINCIAL DE CORONEL PORTILLO","25","UCAYALI","983557","760264.76"
"2025","13","GOBIERNOS LOCALES","0101030202","INSTITUTOS VIALES PROVINCIALES","2887","INSTITUTO VIAL PROVINCIAL DE AIJA","02","ANCASH","802469","783848.77"
"2025","13","GOBIERNOS LOCALES","0101030202","INSTITUTOS VIALES PROVINCIALES","2889","INSTITUTO VIAL PROVINCIAL DE ATALAYA","25","UCAYALI","1449594","1360248.02"
"2025","13","GOBIERNOS LOCALES","0101030202","INSTITUTOS VIALES PROVINCIALES","2890","INSTITUTO VIAL PROVINCIAL DE DANIEL CARRION","19","PASCO","2957083","1618009.89"
"2025","13","GOBIERNOS LOCALES","0101030202","INSTITUTOS VIALES PROVINCIALES","2893","INSTITUTO VIAL PROVINCIAL DE ALTO AMAZONAS","16","LORETO","1219433","1093535.71"
"2025","13","GOBIERNOS LOCALES","0101030202","INSTITUTOS VIALES PROVINCIALES","2894","INSTITUTO VIAL PROVINCIAL DE ISLAY","04","AREQUIPA","5320","0"
"2025","13","GOBIERNOS LOCALES","0101030202","INSTITUTOS VIALES PROVINCIALES","2898","INSTITUTO VIAL PROVINCIAL DE JORGE BASADRE","23","TACNA","809804","724901.7"
"2025","13","GOBIERNOS LOCALES","0101030202","INSTITUTOS VIALES PROVINCIALES","2902","INSTITUTO VIAL PROVINCIAL DE JUNIN","12","JUNIN","4163812","2736352.18"
"2025","13","GOBIERNOS LOCALES","0101030202","INSTITUTOS VIALES PROVINCIALES","2909","INSTITUTO VIAL PROVINCIAL DE LAURICOCHA","10","HUANUCO","1080569","1053018.32"
"2025","13","GOBIERNOS LOCALES","0101030202","INSTITUTOS VIALES PROVINCIALES","2914","INSTITUTO VIAL PROVINCIAL DE DOS DE MAYO","10","HUANUCO","1460798","1303396.8"
"2025","13","GOBIERNOS LOCALES","0101030202","INSTITUTOS VIALES PROVINCIALES","2922","INSTITUTO VIAL PROVINCIAL DE HUANTA","05","AYACUCHO","2693185","2491591.13"
"2025","13","GOBIERNOS LOCALES","0101030202","INSTITUTOS VIALES PROVINCIALES","2926","INSTITUTO VIAL PROVINCAL DE CELENDIN","06","CAJAMARCA","2402671","1927225.06"
"2025","13","GOBIERNOS LOCALES","0101030202","INSTITUTOS VIALES PROVINCIALES","2927","INSTITUTO VIAL PROVINCIAL DE YAROWILCA","10","HUANUCO","1745949","1534824.06"
"2025","13","GOBIERNOS LOCALES","0101030202","INSTITUTOS VIALES PROVINCIALES","2937","INSTITUTO VIAL PROVINCIAL DE YAULI - LA OROYA","12","JUNIN","436119","374606.63"
"2025","13","GOBIERNOS LOCALES","0101030202","INSTITUTOS VIALES PROVINCIALES","2941","INSTITUTO VIAL PROVINCIAL DE LA MAR","05","AYACUCHO","4303931","3723721.4"
"2025","13","GOBIERNOS LOCALES","0101030202","INSTITUTOS VIALES PROVINCIALES","2945","INSTITUTO VIAL PROVINCIAL DE SAN PABLO","06","CAJAMARCA","1327280","1165503.09"
"2025","13","GOBIERNOS LOCALES","0101030202","INSTITUTOS VIALES PROVINCIALES","2959","INSTITUTO VIAL PROVINCIAL DE AZANGARO","21","PUNO","400287","400286.6"
"2025","13","GOBIERNOS LOCALES","0101030202","INSTITUTOS VIALES PROVINCIALES","2961","INSTITUTO VIAL PROVINCIAL DE VILCAS HUAMAN","05","AYACUCHO","255544","182152.2"
"2025","13","GOBIERNOS LOCALES","0101030202","INSTITUTOS VIALES PROVINCIALES","2975","INSTITUTO VIAL PROVINCIAL DE CONDESUYOS","04","AREQUIPA","122569","105256.29"
"2025","13","GOBIERNOS LOCALES","0101030202","INSTITUTOS VIALES PROVINCIALES","2989","INSTITUTO VIAL PROVINCIAL DE HUALGAYOC","06","CAJAMARCA","1396468","1357450"
"2025","13","GOBIERNOS LOCALES","0101030202","INSTITUTOS VIALES PROVINCIALES","3003","INSTITUTO VIAL PROVINCIAL DE TACNA","23","TACNA","866418","849791.77"
"2025","13","GOBIERNOS LOCALES","0101030202","INSTITUTOS VIALES PROVINCIALES","3036","INSTITUTO VIAL PROVINCIAL DE CHINCHEROS","03","APURIMAC","6726446","5798668.09"
"2025","13","GOBIERNOS LOCALES","0101030301","MANCOMUNIDADES MUNICIPALES","2824","MANCOMUNIDAD MUNICIPAL DE USCOVILCA","09","HUANCAVELICA","10390","0"
"2025","13","GOBIERNOS LOCALES","0101030301","MANCOMUNIDADES MUNICIPALES","2834","MANCOMUNIDAD MUNICIPAL DEL VALLE DE LA LECHE","14","LAMBAYEQUE","31088","20905.01"
"2025","13","GOBIERNOS LOCALES","0101030301","MANCOMUNIDADES MUNICIPALES","2838","MANCOMUNIDAD MUNICIPAL LOS ANDES SUR AYACUCHO AREQUIPA - MANDESUR","04","AREQUIPA","972","0"
"2025","13","GOBIERNOS LOCALES","0101030301","MANCOMUNIDADES MUNICIPALES","2840","MANCOMUNIDAD MUNICIPAL DEL VALLE DE LOS VOLCANES","04","AREQUIPA","37370","0"
"2025","13","GOBIERNOS LOCALES","0101030301","MANCOMUNIDADES MUNICIPALES","2851","MANCOMUNIDAD MUNICIPAL LIMA ESTE","15","LIMA","42000","42000"
"2025","13","GOBIERNOS LOCALES","0101030301","MANCOMUNIDADES MUNICIPALES","2858","MANCOMUNIDAD MUNICIPAL CUENCA MANTARO - MANTARO","05","AYACUCHO","6000","5800"
"2025","13","GOBIERNOS LOCALES","0101030301","MANCOMUNIDADES MUNICIPALES","2867","MANCOMUNIDAD MUNICIPAL HATUN HUAYLAS","02","ANCASH","135471","90054.67"
"2025","13","GOBIERNOS LOCALES","0101030301","MANCOMUNIDADES MUNICIPALES","2884","MANCOMUNIDAD MUNICIPAL CHILLAOS - AMAZONAS","01","AMAZONAS","268670","205380.5"
"2025","13","GOBIERNOS LOCALES","0101030301","MANCOMUNIDADES MUNICIPALES","2885","MANCOMUNIDAD MUNICIPAL DE QHAPAQ QOLLA","21","PUNO","26500","26500"
"2025","13","GOBIERNOS LOCALES","0101030301","MANCOMUNIDADES MUNICIPALES","2939","MANCOMUNIDAD MUNICIPAL DE LAS CABEZADAS DEL SUR DE LUCANAS","05","AYACUCHO","47500","44000"
"2025","13","GOBIERNOS LOCALES","0101030301","MANCOMUNIDADES MUNICIPALES","2957","MANCOMUNIDAD MUNICIPAL CUENCA DEL RIO CUMBAZA","22","SAN MARTIN","21000","21000"
"2025","13","GOBIERNOS LOCALES","0101030301","MANCOMUNIDADES MUNICIPALES","2960","MANCOMUNIDAD MUNICIPAL DE LOS DISTRITOS DE OXAPAMPA","19","PASCO","22320","5000"
"2025","13","GOBIERNOS LOCALES","0101030301","MANCOMUNIDADES MUNICIPALES","2974","MANCOMUNIDAD MUNICIPAL MARGEN DERECHA DE CAYLLOMA","04","AREQUIPA","125","0"
"2025","13","GOBIERNOS LOCALES","0101030301","MANCOMUNIDADES MUNICIPALES","2982","MANCOMUNIDAD MUNICIPAL LIMA SUR","15","LIMA","125851","0"
"2025","13","GOBIERNOS LOCALES","0101030301","MANCOMUNIDADES MUNICIPALES","2983","MANCOMUNIDAD MUNICIPAL VRAEM DEL NORTE","12","JUNIN","385292","272576.8"
"2025","13","GOBIERNOS LOCALES","0101030301","MANCOMUNIDADES MUNICIPALES","2996","MANCOMUNIDAD MUNICIPAL CONO NORTE - HUANCAVELICA","09","HUANCAVELICA","4500","0"
"2025","13","GOBIERNOS LOCALES","0101030301","MANCOMUNIDADES MUNICIPALES","2998","MANCOMUNICIPAL MUNICIPAL VALLE DE LAS CATARATAS","01","AMAZONAS","229997","176113.14"
"2025","13","GOBIERNOS LOCALES","0101030301","MANCOMUNIDADES MUNICIPALES","2999","MANCOMUNIDAD MUNICIPAL DE TILACANCHA","01","AMAZONAS","166018","131679.94"
"2025","13","GOBIERNOS LOCALES","0101030301","MANCOMUNIDADES MUNICIPALES","3000","MANCOMUNIDAD MUNICIPAL ALTO UTCUBAMBA","01","AMAZONAS","228463","205899.65"
"2025","13","GOBIERNOS LOCALES","0101030301","MANCOMUNIDADES MUNICIPALES","3002","MANCOMUNIDAD MUNICIPAL DE LA CUENCA SUR ORIENTAL DE AREQUIPA","04","AREQUIPA","2983418","2945116.49"
"2025","13","GOBIERNOS LOCALES","0101030301","MANCOMUNIDADES MUNICIPALES","3007","MANCUMUNIDAD MUNICIPAL AMUVRAE","05","AYACUCHO","58000","57996.51"
"2025","13","GOBIERNOS LOCALES","0101030301","MANCOMUNIDADES MUNICIPALES","3020","MANCOMUNIDAD MUNICIPAL SIMON RODRIGUEZ","20","PIURA","97000","97000"
"2025","13","GOBIERNOS LOCALES","0101030301","MANCOMUNIDADES MUNICIPALES","3021","MANCOMUNIDAD MUNICIPAL AMAZONICA DE LA PROVINCIA DE LA CONVENCION","08","CUSCO","438881","315038.53"
"2025","13","GOBIERNOS LOCALES","0101030301","MANCOMUNIDADES MUNICIPALES","3029","MANCOMUNIDAD MUNICIPAL CUENCA DEL MOSNA","02","ANCASH","4646207","2222231.32"
"2025","13","GOBIERNOS LOCALES","0101030301","MANCOMUNIDADES MUNICIPALES","3033","MANCOMUNIDAD MUNICIPAL PROVINCIAL DEL CENTRO DE AYACUCHO","05","AYACUCHO","24000","1000"
"2025","13","GOBIERNOS LOCALES","0101030301","MANCOMUNIDADES MUNICIPALES","3055","MANCOMUNIDAD MUNICIPAL INCA YANAHUARA","08","CUSCO","15000","0"
"2025","13","EMPRESAS DEL ESTADO","0102040101","SECTOR FINANCIERO","2325","BANCO DE LA NACION","01","AMAZONAS","2384938","2300165"
"2025","13","EMPRESAS DEL ESTADO","0102040101","SECTOR FINANCIERO","2325","BANCO DE LA NACION","02","ANCASH","4459320","4344326"
"2025","13","EMPRESAS DEL ESTADO","0102040101","SECTOR FINANCIERO","2325","BANCO DE LA NACION","03","APURIMAC","1350084","1261853"
"2025","13","EMPRESAS DEL ESTADO","0102040101","SECTOR FINANCIERO","2325","BANCO DE LA NACION","04","AREQUIPA","4830682","4655898"
"2025","13","EMPRESAS DEL ESTADO","0102040101","SECTOR FINANCIERO","2325","BANCO DE LA NACION","05","AYACUCHO","2232496","2177872"
"2025","13","EMPRESAS DEL ESTADO","0102040101","SECTOR FINANCIERO","2325","BANCO DE LA NACION","06","CAJAMARCA","4313447","4160848"
"2025","13","EMPRESAS DEL ESTADO","0102040101","SECTOR FINANCIERO","2325","BANCO DE LA NACION","07","PROV CONSTIT DEL CALLAO","148128","132976"
"2025","13","EMPRESAS DEL ESTADO","0102040101","SECTOR FINANCIERO","2325","BANCO DE LA NACION","08","CUSCO","4315868","3900483"
"2025","13","EMPRESAS DEL ESTADO","0102040101","SECTOR FINANCIERO","2325","BANCO DE LA NACION","09","HUANCAVELICA","915918","893755"
"2025","13","EMPRESAS DEL ESTADO","0102040101","SECTOR FINANCIERO","2325","BANCO DE LA NACION","10","HUANUCO","2380758","2241165"
"2025","13","EMPRESAS DEL ESTADO","0102040101","SECTOR FINANCIERO","2325","BANCO DE LA NACION","11","ICA","3219710","3002249"
"2025","13","EMPRESAS DEL ESTADO","0102040101","SECTOR FINANCIERO","2325","BANCO DE LA NACION","12","JUNIN","5123415","4891009"
"2025","13","EMPRESAS DEL ESTADO","0102040101","SECTOR FINANCIERO","2325","BANCO DE LA NACION","13","LA LIBERTAD","6226268","5999419"
"2025","13","EMPRESAS DEL ESTADO","0102040101","SECTOR FINANCIERO","2325","BANCO DE LA NACION","14","LAMBAYEQUE","5045512","4877007"
"2025","13","EMPRESAS DEL ESTADO","0102040101","SECTOR FINANCIERO","2325","BANCO DE LA NACION","15","LIMA","3671226617","3634688734"
"2025","13","EMPRESAS DEL ESTADO","0102040101","SECTOR FINANCIERO","2325","BANCO DE LA NACION","16","LORETO","3795664","3696191"
"2025","13","EMPRESAS DEL ESTADO","0102040101","SECTOR FINANCIERO","2325","BANCO DE LA NACION","17","MADRE DE DIOS","832576","800639"
"2025","13","EMPRESAS DEL ESTADO","0102040101","SECTOR FINANCIERO","2325","BANCO DE LA NACION","18","MOQUEGUA","1083395","1050897"
"2025","13","EMPRESAS DEL ESTADO","0102040101","SECTOR FINANCIERO","2325","BANCO DE LA NACION","19","PASCO","964761","933940"
"2025","13","EMPRESAS DEL ESTADO","0102040101","SECTOR FINANCIERO","2325","BANCO DE LA NACION","20","PIURA","6697479","6218728"
"2025","13","EMPRESAS DEL ESTADO","0102040101","SECTOR FINANCIERO","2325","BANCO DE LA NACION","21","PUNO","3514146","3785386"
"2025","13","EMPRESAS DEL ESTADO","0102040101","SECTOR FINANCIERO","2325","BANCO DE LA NACION","22","SAN MARTIN","3243969","3219048"
"2025","13","EMPRESAS DEL ESTADO","0102040101","SECTOR FINANCIERO","2325","BANCO DE LA NACION","23","TACNA","1770769","1719976"
"2025","13","EMPRESAS DEL ESTADO","0102040101","SECTOR FINANCIERO","2325","BANCO DE LA NACION","24","TUMBES","1072020","973024"
"2025","13","EMPRESAS DEL ESTADO","0102040101","SECTOR FINANCIERO","2325","BANCO DE LA NACION","25","UCAYALI","2057275","1792410"
"2025","13","EMPRESAS DEL ESTADO","0102040101","SECTOR FINANCIERO","2326","CAJA MUNICIPAL DE AHORRO Y CREDITO DE  PAITA","01","AMAZONAS","3278664","3083670"
"2025","13","EMPRESAS DEL ESTADO","0102040101","SECTOR FINANCIERO","2326","CAJA MUNICIPAL DE AHORRO Y CREDITO DE  PAITA","13","LA LIBERTAD","2149611","2021765"
"2025","13","EMPRESAS DEL ESTADO","0102040101","SECTOR FINANCIERO","2326","CAJA MUNICIPAL DE AHORRO Y CREDITO DE  PAITA","14","LAMBAYEQUE","3993677","3756157"
"2025","13","EMPRESAS DEL ESTADO","0102040101","SECTOR FINANCIERO","2326","CAJA MUNICIPAL DE AHORRO Y CREDITO DE  PAITA","16","LORETO","2163789","2035101"
"2025","13","EMPRESAS DEL ESTADO","0102040101","SECTOR FINANCIERO","2326","CAJA MUNICIPAL DE AHORRO Y CREDITO DE  PAITA","20","PIURA","21611668","20326339"
"2025","13","EMPRESAS DEL ESTADO","0102040101","SECTOR FINANCIERO","2326","CAJA MUNICIPAL DE AHORRO Y CREDITO DE  PAITA","22","SAN MARTIN","5172911","4865258"
"2025","13","EMPRESAS DEL ESTADO","0102040101","SECTOR FINANCIERO","2326","CAJA MUNICIPAL DE AHORRO Y CREDITO DE  PAITA","24","TUMBES","1145477","1077353"
"2025","13","EMPRESAS DEL ESTADO","0102040101","SECTOR FINANCIERO","2327","CAJA MUNICIPAL DE AHORRO Y CREDITO DE  PIURA","01","AMAZONAS","28819183","27250114"
"2025","13","EMPRESAS DEL ESTADO","0102040101","SECTOR FINANCIERO","2327","CAJA MUNICIPAL DE AHORRO Y CREDITO DE  PIURA","02","ANCASH","16040256","15174155"
"2025","13","EMPRESAS DEL ESTADO","0102040101","SECTOR FINANCIERO","2327","CAJA MUNICIPAL DE AHORRO Y CREDITO DE  PIURA","03","APURIMAC","12307449","11616371"
"2025","13","EMPRESAS DEL ESTADO","0102040101","SECTOR FINANCIERO","2327","CAJA MUNICIPAL DE AHORRO Y CREDITO DE  PIURA","04","AREQUIPA","25482248","24252209"
"2025","13","EMPRESAS DEL ESTADO","0102040101","SECTOR FINANCIERO","2327","CAJA MUNICIPAL DE AHORRO Y CREDITO DE  PIURA","05","AYACUCHO","7636510","7144311"
"2025","13","EMPRESAS DEL ESTADO","0102040101","SECTOR FINANCIERO","2327","CAJA MUNICIPAL DE AHORRO Y CREDITO DE  PIURA","06","CAJAMARCA","80050660","75894105"
"2025","13","EMPRESAS DEL ESTADO","0102040101","SECTOR FINANCIERO","2327","CAJA MUNICIPAL DE AHORRO Y CREDITO DE  PIURA","07","PROV CONSTIT DEL CALLAO","6761144","6335449"
"2025","13","EMPRESAS DEL ESTADO","0102040101","SECTOR FINANCIERO","2327","CAJA MUNICIPAL DE AHORRO Y CREDITO DE  PIURA","08","CUSCO","22924333","21142408"
"2025","13","EMPRESAS DEL ESTADO","0102040101","SECTOR FINANCIERO","2327","CAJA MUNICIPAL DE AHORRO Y CREDITO DE  PIURA","09","HUANCAVELICA","10665465","10123746"
"2025","13","EMPRESAS DEL ESTADO","0102040101","SECTOR FINANCIERO","2327","CAJA MUNICIPAL DE AHORRO Y CREDITO DE  PIURA","10","HUANUCO","14609326","13642795"
"2025","13","EMPRESAS DEL ESTADO","0102040101","SECTOR FINANCIERO","2327","CAJA MUNICIPAL DE AHORRO Y CREDITO DE  PIURA","11","ICA","16644685","15802927"
"2025","13","EMPRESAS DEL ESTADO","0102040101","SECTOR FINANCIERO","2327","CAJA MUNICIPAL DE AHORRO Y CREDITO DE  PIURA","12","JUNIN","28044399","26372260"
"2025","13","EMPRESAS DEL ESTADO","0102040101","SECTOR FINANCIERO","2327","CAJA MUNICIPAL DE AHORRO Y CREDITO DE  PIURA","13","LA LIBERTAD","52049397","49608477"
"2025","13","EMPRESAS DEL ESTADO","0102040101","SECTOR FINANCIERO","2327","CAJA MUNICIPAL DE AHORRO Y CREDITO DE  PIURA","14","LAMBAYEQUE","86336386","81899597"
"2025","13","EMPRESAS DEL ESTADO","0102040101","SECTOR FINANCIERO","2327","CAJA MUNICIPAL DE AHORRO Y CREDITO DE  PIURA","15","LIMA","216612406","210266065"
"2025","13","EMPRESAS DEL ESTADO","0102040101","SECTOR FINANCIERO","2327","CAJA MUNICIPAL DE AHORRO Y CREDITO DE  PIURA","16","LORETO","19124423","17984375"
"2025","13","EMPRESAS DEL ESTADO","0102040101","SECTOR FINANCIERO","2327","CAJA MUNICIPAL DE AHORRO Y CREDITO DE  PIURA","17","MADRE DE DIOS","1582883","1455423"
"2025","13","EMPRESAS DEL ESTADO","0102040101","SECTOR FINANCIERO","2327","CAJA MUNICIPAL DE AHORRO Y CREDITO DE  PIURA","18","MOQUEGUA","1649430","1511257"
"2025","13","EMPRESAS DEL ESTADO","0102040101","SECTOR FINANCIERO","2327","CAJA MUNICIPAL DE AHORRO Y CREDITO DE  PIURA","19","PASCO","4869716","4655926"
"2025","13","EMPRESAS DEL ESTADO","0102040101","SECTOR FINANCIERO","2327","CAJA MUNICIPAL DE AHORRO Y CREDITO DE  PIURA","20","PIURA","348501348","324409862"
"2025","13","EMPRESAS DEL ESTADO","0102040101","SECTOR FINANCIERO","2327","CAJA MUNICIPAL DE AHORRO Y CREDITO DE  PIURA","21","PUNO","8973367","8516949"
"2025","13","EMPRESAS DEL ESTADO","0102040101","SECTOR FINANCIERO","2327","CAJA MUNICIPAL DE AHORRO Y CREDITO DE  PIURA","22","SAN MARTIN","65210971","60814514"
"2025","13","EMPRESAS DEL ESTADO","0102040101","SECTOR FINANCIERO","2327","CAJA MUNICIPAL DE AHORRO Y CREDITO DE  PIURA","23","TACNA","8455471","7799913"
"2025","13","EMPRESAS DEL ESTADO","0102040101","SECTOR FINANCIERO","2327","CAJA MUNICIPAL DE AHORRO Y CREDITO DE  PIURA","24","TUMBES","22329134","20725786"
"2025","13","EMPRESAS DEL ESTADO","0102040101","SECTOR FINANCIERO","2327","CAJA MUNICIPAL DE AHORRO Y CREDITO DE  PIURA","25","UCAYALI","13299551","12287363"
"2025","13","EMPRESAS DEL ESTADO","0102040101","SECTOR FINANCIERO","2328","CAJA MUNICIPAL DE AHORRO Y CREDITO DE  SANTA","02","ANCASH","23392631","19287501"
"2025","13","EMPRESAS DEL ESTADO","0102040101","SECTOR FINANCIERO","2328","CAJA MUNICIPAL DE AHORRO Y CREDITO DE  SANTA","13","LA LIBERTAD","3341805","2755357"
"2025","13","EMPRESAS DEL ESTADO","0102040101","SECTOR FINANCIERO","2328","CAJA MUNICIPAL DE AHORRO Y CREDITO DE  SANTA","15","LIMA","6683609","5510715"
"2025","13","EMPRESAS DEL ESTADO","0102040101","SECTOR FINANCIERO","2329","CAJA MUNICIPAL DE AHORRO Y CREDITO DE AREQUIPA","01","AMAZONAS","8048947","7784718"
"2025","13","EMPRESAS DEL ESTADO","0102040101","SECTOR FINANCIERO","2329","CAJA MUNICIPAL DE AHORRO Y CREDITO DE AREQUIPA","02","ANCASH","19097235","18470315"
"2025","13","EMPRESAS DEL ESTADO","0102040101","SECTOR FINANCIERO","2329","CAJA MUNICIPAL DE AHORRO Y CREDITO DE AREQUIPA","03","APURIMAC","26054535","25199223"
"2025","13","EMPRESAS DEL ESTADO","0102040101","SECTOR FINANCIERO","2329","CAJA MUNICIPAL DE AHORRO Y CREDITO DE AREQUIPA","04","AREQUIPA","293749562","284106420"
"2025","13","EMPRESAS DEL ESTADO","0102040101","SECTOR FINANCIERO","2329","CAJA MUNICIPAL DE AHORRO Y CREDITO DE AREQUIPA","05","AYACUCHO","16926597","16370935"
"2025","13","EMPRESAS DEL ESTADO","0102040101","SECTOR FINANCIERO","2329","CAJA MUNICIPAL DE AHORRO Y CREDITO DE AREQUIPA","06","CAJAMARCA","32829137","31751430"
"2025","13","EMPRESAS DEL ESTADO","0102040101","SECTOR FINANCIERO","2329","CAJA MUNICIPAL DE AHORRO Y CREDITO DE AREQUIPA","07","PROV CONSTIT DEL CALLAO","13247086","12812214"
"2025","13","EMPRESAS DEL ESTADO","0102040101","SECTOR FINANCIERO","2329","CAJA MUNICIPAL DE AHORRO Y CREDITO DE AREQUIPA","08","CUSCO","134660408","130239808"
"2025","13","EMPRESAS DEL ESTADO","0102040101","SECTOR FINANCIERO","2329","CAJA MUNICIPAL DE AHORRO Y CREDITO DE AREQUIPA","09","HUANCAVELICA","5627553","5442812"
"2025","13","EMPRESAS DEL ESTADO","0102040101","SECTOR FINANCIERO","2329","CAJA MUNICIPAL DE AHORRO Y CREDITO DE AREQUIPA","10","HUANUCO","25430250","24595432"
"2025","13","EMPRESAS DEL ESTADO","0102040101","SECTOR FINANCIERO","2329","CAJA MUNICIPAL DE AHORRO Y CREDITO DE AREQUIPA","11","ICA","77970777","75411171"
"2025","13","EMPRESAS DEL ESTADO","0102040101","SECTOR FINANCIERO","2329","CAJA MUNICIPAL DE AHORRO Y CREDITO DE AREQUIPA","12","JUNIN","69903809","67609023"
"2025","13","EMPRESAS DEL ESTADO","0102040101","SECTOR FINANCIERO","2329","CAJA MUNICIPAL DE AHORRO Y CREDITO DE AREQUIPA","13","LA LIBERTAD","43553450","42123688"
"2025","13","EMPRESAS DEL ESTADO","0102040101","SECTOR FINANCIERO","2329","CAJA MUNICIPAL DE AHORRO Y CREDITO DE AREQUIPA","14","LAMBAYEQUE","25556770","24717798"
"2025","13","EMPRESAS DEL ESTADO","0102040101","SECTOR FINANCIERO","2329","CAJA MUNICIPAL DE AHORRO Y CREDITO DE AREQUIPA","15","LIMA","303684729","293715438"
"2025","13","EMPRESAS DEL ESTADO","0102040101","SECTOR FINANCIERO","2329","CAJA MUNICIPAL DE AHORRO Y CREDITO DE AREQUIPA","16","LORETO","10885414","10528070"
"2025","13","EMPRESAS DEL ESTADO","0102040101","SECTOR FINANCIERO","2329","CAJA MUNICIPAL DE AHORRO Y CREDITO DE AREQUIPA","17","MADRE DE DIOS","39132044","37847426"
"2025","13","EMPRESAS DEL ESTADO","0102040101","SECTOR FINANCIERO","2329","CAJA MUNICIPAL DE AHORRO Y CREDITO DE AREQUIPA","18","MOQUEGUA","38390142","37129880"
"2025","13","EMPRESAS DEL ESTADO","0102040101","SECTOR FINANCIERO","2329","CAJA MUNICIPAL DE AHORRO Y CREDITO DE AREQUIPA","19","PASCO","10588904","10241294"
"2025","13","EMPRESAS DEL ESTADO","0102040101","SECTOR FINANCIERO","2329","CAJA MUNICIPAL DE AHORRO Y CREDITO DE AREQUIPA","20","PIURA","47537019","45976485"
"2025","13","EMPRESAS DEL ESTADO","0102040101","SECTOR FINANCIERO","2329","CAJA MUNICIPAL DE AHORRO Y CREDITO DE AREQUIPA","21","PUNO","129180992","124940268"
"2025","13","EMPRESAS DEL ESTADO","0102040101","SECTOR FINANCIERO","2329","CAJA MUNICIPAL DE AHORRO Y CREDITO DE AREQUIPA","22","SAN MARTIN","29914294","28932274"
"2025","13","EMPRESAS DEL ESTADO","0102040101","SECTOR FINANCIERO","2329","CAJA MUNICIPAL DE AHORRO Y CREDITO DE AREQUIPA","23","TACNA","45289402","43802652"
"2025","13","EMPRESAS DEL ESTADO","0102040101","SECTOR FINANCIERO","2329","CAJA MUNICIPAL DE AHORRO Y CREDITO DE AREQUIPA","24","TUMBES","6033440","5835376"
"2025","13","EMPRESAS DEL ESTADO","0102040101","SECTOR FINANCIERO","2329","CAJA MUNICIPAL DE AHORRO Y CREDITO DE AREQUIPA","25","UCAYALI","20511782","19838424"
"2025","13","EMPRESAS DEL ESTADO","0102040101","SECTOR FINANCIERO","2330","CAJA MUNICIPAL DE AHORRO Y CREDITO DE HUANCAYO","01","AMAZONAS","6751585","4244728"
"2025","13","EMPRESAS DEL ESTADO","0102040101","SECTOR FINANCIERO","2330","CAJA MUNICIPAL DE AHORRO Y CREDITO DE HUANCAYO","02","ANCASH","13520735","12492114"
"2025","13","EMPRESAS DEL ESTADO","0102040101","SECTOR FINANCIERO","2330","CAJA MUNICIPAL DE AHORRO Y CREDITO DE HUANCAYO","03","APURIMAC","9973772","6806213"
"2025","13","EMPRESAS DEL ESTADO","0102040101","SECTOR FINANCIERO","2330","CAJA MUNICIPAL DE AHORRO Y CREDITO DE HUANCAYO","04","AREQUIPA","17082002","13532539"
"2025","13","EMPRESAS DEL ESTADO","0102040101","SECTOR FINANCIERO","2330","CAJA MUNICIPAL DE AHORRO Y CREDITO DE HUANCAYO","05","AYACUCHO","27539971","23531542"
"2025","13","EMPRESAS DEL ESTADO","0102040101","SECTOR FINANCIERO","2330","CAJA MUNICIPAL DE AHORRO Y CREDITO DE HUANCAYO","06","CAJAMARCA","12704728","12138896"
"2025","13","EMPRESAS DEL ESTADO","0102040101","SECTOR FINANCIERO","2330","CAJA MUNICIPAL DE AHORRO Y CREDITO DE HUANCAYO","07","PROV CONSTIT DEL CALLAO","8097366","7139438"
"2025","13","EMPRESAS DEL ESTADO","0102040101","SECTOR FINANCIERO","2330","CAJA MUNICIPAL DE AHORRO Y CREDITO DE HUANCAYO","08","CUSCO","37379744","33937751"
"2025","13","EMPRESAS DEL ESTADO","0102040101","SECTOR FINANCIERO","2330","CAJA MUNICIPAL DE AHORRO Y CREDITO DE HUANCAYO","09","HUANCAVELICA","23860402","19761555"
"2025","13","EMPRESAS DEL ESTADO","0102040101","SECTOR FINANCIERO","2330","CAJA MUNICIPAL DE AHORRO Y CREDITO DE HUANCAYO","10","HUANUCO","30734630","25776905"
"2025","13","EMPRESAS DEL ESTADO","0102040101","SECTOR FINANCIERO","2330","CAJA MUNICIPAL DE AHORRO Y CREDITO DE HUANCAYO","11","ICA","26042781","22487966"
"2025","13","EMPRESAS DEL ESTADO","0102040101","SECTOR FINANCIERO","2330","CAJA MUNICIPAL DE AHORRO Y CREDITO DE HUANCAYO","12","JUNIN","604417436","546495147"
"2025","13","EMPRESAS DEL ESTADO","0102040101","SECTOR FINANCIERO","2330","CAJA MUNICIPAL DE AHORRO Y CREDITO DE HUANCAYO","13","LA LIBERTAD","20814180","17097961"
"2025","13","EMPRESAS DEL ESTADO","0102040101","SECTOR FINANCIERO","2330","CAJA MUNICIPAL DE AHORRO Y CREDITO DE HUANCAYO","14","LAMBAYEQUE","12073977","11237590"
"2025","13","EMPRESAS DEL ESTADO","0102040101","SECTOR FINANCIERO","2330","CAJA MUNICIPAL DE AHORRO Y CREDITO DE HUANCAYO","15","LIMA","393899193","303955387"
"2025","13","EMPRESAS DEL ESTADO","0102040101","SECTOR FINANCIERO","2330","CAJA MUNICIPAL DE AHORRO Y CREDITO DE HUANCAYO","16","LORETO","8685448","7038220"
"2025","13","EMPRESAS DEL ESTADO","0102040101","SECTOR FINANCIERO","2330","CAJA MUNICIPAL DE AHORRO Y CREDITO DE HUANCAYO","17","MADRE DE DIOS","4702405","4291930"
"2025","13","EMPRESAS DEL ESTADO","0102040101","SECTOR FINANCIERO","2330","CAJA MUNICIPAL DE AHORRO Y CREDITO DE HUANCAYO","18","MOQUEGUA","5191672","4424617"
"2025","13","EMPRESAS DEL ESTADO","0102040101","SECTOR FINANCIERO","2330","CAJA MUNICIPAL DE AHORRO Y CREDITO DE HUANCAYO","19","PASCO","27782685","23568056"
"2025","13","EMPRESAS DEL ESTADO","0102040101","SECTOR FINANCIERO","2330","CAJA MUNICIPAL DE AHORRO Y CREDITO DE HUANCAYO","20","PIURA","23523971","20343587"
"2025","13","EMPRESAS DEL ESTADO","0102040101","SECTOR FINANCIERO","2330","CAJA MUNICIPAL DE AHORRO Y CREDITO DE HUANCAYO","21","PUNO","15433848","12729885"
"2025","13","EMPRESAS DEL ESTADO","0102040101","SECTOR FINANCIERO","2330","CAJA MUNICIPAL DE AHORRO Y CREDITO DE HUANCAYO","22","SAN MARTIN","11331739","9676384"
"2025","13","EMPRESAS DEL ESTADO","0102040101","SECTOR FINANCIERO","2330","CAJA MUNICIPAL DE AHORRO Y CREDITO DE HUANCAYO","23","TACNA","10833406","8517700"
"2025","13","EMPRESAS DEL ESTADO","0102040101","SECTOR FINANCIERO","2330","CAJA MUNICIPAL DE AHORRO Y CREDITO DE HUANCAYO","24","TUMBES","5569619","4470531"
"2025","13","EMPRESAS DEL ESTADO","0102040101","SECTOR FINANCIERO","2330","CAJA MUNICIPAL DE AHORRO Y CREDITO DE HUANCAYO","25","UCAYALI","10563647","8791980"
"2025","13","EMPRESAS DEL ESTADO","0102040101","SECTOR FINANCIERO","2331","CAJA MUNICIPAL DE AHORRO Y CREDITO DE ICA","02","ANCASH","65416","44626"
"2025","13","EMPRESAS DEL ESTADO","0102040101","SECTOR FINANCIERO","2331","CAJA MUNICIPAL DE AHORRO Y CREDITO DE ICA","03","APURIMAC","20656445","18507977"
"2025","13","EMPRESAS DEL ESTADO","0102040101","SECTOR FINANCIERO","2331","CAJA MUNICIPAL DE AHORRO Y CREDITO DE ICA","04","AREQUIPA","36681810","34447152"
"2025","13","EMPRESAS DEL ESTADO","0102040101","SECTOR FINANCIERO","2331","CAJA MUNICIPAL DE AHORRO Y CREDITO DE ICA","05","AYACUCHO","35095564","32305375"
"2025","13","EMPRESAS DEL ESTADO","0102040101","SECTOR FINANCIERO","2331","CAJA MUNICIPAL DE AHORRO Y CREDITO DE ICA","08","CUSCO","7697042","7115047"
"2025","13","EMPRESAS DEL ESTADO","0102040101","SECTOR FINANCIERO","2331","CAJA MUNICIPAL DE AHORRO Y CREDITO DE ICA","09","HUANCAVELICA","2548577","2365875"
"2025","13","EMPRESAS DEL ESTADO","0102040101","SECTOR FINANCIERO","2331","CAJA MUNICIPAL DE AHORRO Y CREDITO DE ICA","11","ICA","253156696","223650795"
"2025","13","EMPRESAS DEL ESTADO","0102040101","SECTOR FINANCIERO","2331","CAJA MUNICIPAL DE AHORRO Y CREDITO DE ICA","12","JUNIN","3516111","4179569"
"2025","13","EMPRESAS DEL ESTADO","0102040101","SECTOR FINANCIERO","2331","CAJA MUNICIPAL DE AHORRO Y CREDITO DE ICA","15","LIMA","65218822","60687855"
"2025","13","EMPRESAS DEL ESTADO","0102040101","SECTOR FINANCIERO","2331","CAJA MUNICIPAL DE AHORRO Y CREDITO DE ICA","18","MOQUEGUA","2712582","2552557"
"2025","13","EMPRESAS DEL ESTADO","0102040101","SECTOR FINANCIERO","2331","CAJA MUNICIPAL DE AHORRO Y CREDITO DE ICA","23","TACNA","2754758","2647188"
"2025","13","EMPRESAS DEL ESTADO","0102040101","SECTOR FINANCIERO","2332","CAJA MUNICIPAL DE AHORRO Y CREDITO DE MAYNAS","16","LORETO","110591169","95600186"
"2025","13","EMPRESAS DEL ESTADO","0102040101","SECTOR FINANCIERO","2335","CAJA MUNICIPAL DE AHORRO Y CREDITO DE TACNA","23","TACNA","110601484","106067092"
"2025","13","EMPRESAS DEL ESTADO","0102040101","SECTOR FINANCIERO","2336","CAJA MUNICIPAL DE AHORRO Y CREDITO DE TRUJILLO","01","AMAZONAS","16681732","15707595"
"2025","13","EMPRESAS DEL ESTADO","0102040101","SECTOR FINANCIERO","2336","CAJA MUNICIPAL DE AHORRO Y CREDITO DE TRUJILLO","02","ANCASH","17494849","16483712"
"2025","13","EMPRESAS DEL ESTADO","0102040101","SECTOR FINANCIERO","2336","CAJA MUNICIPAL DE AHORRO Y CREDITO DE TRUJILLO","03","APURIMAC","5827025","5477288"
"2025","13","EMPRESAS DEL ESTADO","0102040101","SECTOR FINANCIERO","2336","CAJA MUNICIPAL DE AHORRO Y CREDITO DE TRUJILLO","04","AREQUIPA","15584746","14638023"
"2025","13","EMPRESAS DEL ESTADO","0102040101","SECTOR FINANCIERO","2336","CAJA MUNICIPAL DE AHORRO Y CREDITO DE TRUJILLO","05","AYACUCHO","5083240","4780655"
"2025","13","EMPRESAS DEL ESTADO","0102040101","SECTOR FINANCIERO","2336","CAJA MUNICIPAL DE AHORRO Y CREDITO DE TRUJILLO","06","CAJAMARCA","41582739","39113021"
"2025","13","EMPRESAS DEL ESTADO","0102040101","SECTOR FINANCIERO","2336","CAJA MUNICIPAL DE AHORRO Y CREDITO DE TRUJILLO","08","CUSCO","8431837","7948274"
"2025","13","EMPRESAS DEL ESTADO","0102040101","SECTOR FINANCIERO","2336","CAJA MUNICIPAL DE AHORRO Y CREDITO DE TRUJILLO","10","HUANUCO","7128344","6694856"
"2025","13","EMPRESAS DEL ESTADO","0102040101","SECTOR FINANCIERO","2336","CAJA MUNICIPAL DE AHORRO Y CREDITO DE TRUJILLO","11","ICA","5652785","5312612"
"2025","13","EMPRESAS DEL ESTADO","0102040101","SECTOR FINANCIERO","2336","CAJA MUNICIPAL DE AHORRO Y CREDITO DE TRUJILLO","12","JUNIN","12252776","11533094"
"2025","13","EMPRESAS DEL ESTADO","0102040101","SECTOR FINANCIERO","2336","CAJA MUNICIPAL DE AHORRO Y CREDITO DE TRUJILLO","13","LA LIBERTAD","163840390","153964313"
"2025","13","EMPRESAS DEL ESTADO","0102040101","SECTOR FINANCIERO","2336","CAJA MUNICIPAL DE AHORRO Y CREDITO DE TRUJILLO","14","LAMBAYEQUE","30630658","28868415"
"2025","13","EMPRESAS DEL ESTADO","0102040101","SECTOR FINANCIERO","2336","CAJA MUNICIPAL DE AHORRO Y CREDITO DE TRUJILLO","15","LIMA","82330425","77455774"
"2025","13","EMPRESAS DEL ESTADO","0102040101","SECTOR FINANCIERO","2336","CAJA MUNICIPAL DE AHORRO Y CREDITO DE TRUJILLO","16","LORETO","2350130","2190428"
"2025","13","EMPRESAS DEL ESTADO","0102040101","SECTOR FINANCIERO","2336","CAJA MUNICIPAL DE AHORRO Y CREDITO DE TRUJILLO","18","MOQUEGUA","5227593","4927792"
"2025","13","EMPRESAS DEL ESTADO","0102040101","SECTOR FINANCIERO","2336","CAJA MUNICIPAL DE AHORRO Y CREDITO DE TRUJILLO","19","PASCO","2093643","1973574"
"2025","13","EMPRESAS DEL ESTADO","0102040101","SECTOR FINANCIERO","2336","CAJA MUNICIPAL DE AHORRO Y CREDITO DE TRUJILLO","20","PIURA","24607599","23196365"
"2025","13","EMPRESAS DEL ESTADO","0102040101","SECTOR FINANCIERO","2336","CAJA MUNICIPAL DE AHORRO Y CREDITO DE TRUJILLO","21","PUNO","9607623","9056630"
"2025","13","EMPRESAS DEL ESTADO","0102040101","SECTOR FINANCIERO","2336","CAJA MUNICIPAL DE AHORRO Y CREDITO DE TRUJILLO","22","SAN MARTIN","8255384","7766263"
"2025","13","EMPRESAS DEL ESTADO","0102040101","SECTOR FINANCIERO","2336","CAJA MUNICIPAL DE AHORRO Y CREDITO DE TRUJILLO","24","TUMBES","4112508","3876658"
"2025","13","EMPRESAS DEL ESTADO","0102040101","SECTOR FINANCIERO","2337","CAJA MUNICIPAL DE AHORRO Y CREDITO DEL CUSCO","01","AMAZONAS","2397164","3261921"
"2025","13","EMPRESAS DEL ESTADO","0102040101","SECTOR FINANCIERO","2337","CAJA MUNICIPAL DE AHORRO Y CREDITO DEL CUSCO","02","ANCASH","2534657","3085306"
"2025","13","EMPRESAS DEL ESTADO","0102040101","SECTOR FINANCIERO","2337","CAJA MUNICIPAL DE AHORRO Y CREDITO DEL CUSCO","03","APURIMAC","22447209","37256527"
"2025","13","EMPRESAS DEL ESTADO","0102040101","SECTOR FINANCIERO","2337","CAJA MUNICIPAL DE AHORRO Y CREDITO DEL CUSCO","04","AREQUIPA","47372936","74827086"
"2025","13","EMPRESAS DEL ESTADO","0102040101","SECTOR FINANCIERO","2337","CAJA MUNICIPAL DE AHORRO Y CREDITO DEL CUSCO","05","AYACUCHO","6043187","12977514"
"2025","13","EMPRESAS DEL ESTADO","0102040101","SECTOR FINANCIERO","2337","CAJA MUNICIPAL DE AHORRO Y CREDITO DEL CUSCO","06","CAJAMARCA","5166983","12264202"
"2025","13","EMPRESAS DEL ESTADO","0102040101","SECTOR FINANCIERO","2337","CAJA MUNICIPAL DE AHORRO Y CREDITO DEL CUSCO","08","CUSCO","797875922","502420569"
"2025","13","EMPRESAS DEL ESTADO","0102040101","SECTOR FINANCIERO","2337","CAJA MUNICIPAL DE AHORRO Y CREDITO DEL CUSCO","09","HUANCAVELICA","1660526","3101816"
"2025","13","EMPRESAS DEL ESTADO","0102040101","SECTOR FINANCIERO","2337","CAJA MUNICIPAL DE AHORRO Y CREDITO DEL CUSCO","10","HUANUCO","2599213","6399297"
"2025","13","EMPRESAS DEL ESTADO","0102040101","SECTOR FINANCIERO","2337","CAJA MUNICIPAL DE AHORRO Y CREDITO DEL CUSCO","11","ICA","7496316","10554831"
"2025","13","EMPRESAS DEL ESTADO","0102040101","SECTOR FINANCIERO","2337","CAJA MUNICIPAL DE AHORRO Y CREDITO DEL CUSCO","12","JUNIN","18248301","37320118"
"2025","13","EMPRESAS DEL ESTADO","0102040101","SECTOR FINANCIERO","2337","CAJA MUNICIPAL DE AHORRO Y CREDITO DEL CUSCO","13","LA LIBERTAD","7389881","14424127"
"2025","13","EMPRESAS DEL ESTADO","0102040101","SECTOR FINANCIERO","2337","CAJA MUNICIPAL DE AHORRO Y CREDITO DEL CUSCO","14","LAMBAYEQUE","5593216","11451035"
"2025","13","EMPRESAS DEL ESTADO","0102040101","SECTOR FINANCIERO","2337","CAJA MUNICIPAL DE AHORRO Y CREDITO DEL CUSCO","15","LIMA","102155167","123874677"
"2025","13","EMPRESAS DEL ESTADO","0102040101","SECTOR FINANCIERO","2337","CAJA MUNICIPAL DE AHORRO Y CREDITO DEL CUSCO","16","LORETO","619388","1851264"
"2025","13","EMPRESAS DEL ESTADO","0102040101","SECTOR FINANCIERO","2337","CAJA MUNICIPAL DE AHORRO Y CREDITO DEL CUSCO","17","MADRE DE DIOS","6892642","12978410"
"2025","13","EMPRESAS DEL ESTADO","0102040101","SECTOR FINANCIERO","2337","CAJA MUNICIPAL DE AHORRO Y CREDITO DEL CUSCO","18","MOQUEGUA","3548721","6654356"
"2025","13","EMPRESAS DEL ESTADO","0102040101","SECTOR FINANCIERO","2337","CAJA MUNICIPAL DE AHORRO Y CREDITO DEL CUSCO","19","PASCO","2133102","4215400"
"2025","13","EMPRESAS DEL ESTADO","0102040101","SECTOR FINANCIERO","2337","CAJA MUNICIPAL DE AHORRO Y CREDITO DEL CUSCO","20","PIURA","4765504","5895833"
"2025","13","EMPRESAS DEL ESTADO","0102040101","SECTOR FINANCIERO","2337","CAJA MUNICIPAL DE AHORRO Y CREDITO DEL CUSCO","21","PUNO","26675340","52715953"
"2025","13","EMPRESAS DEL ESTADO","0102040101","SECTOR FINANCIERO","2337","CAJA MUNICIPAL DE AHORRO Y CREDITO DEL CUSCO","22","SAN MARTIN","2785379","5214561"
"2025","13","EMPRESAS DEL ESTADO","0102040101","SECTOR FINANCIERO","2337","CAJA MUNICIPAL DE AHORRO Y CREDITO DEL CUSCO","23","TACNA","13208735","25208805"
"2025","13","EMPRESAS DEL ESTADO","0102040101","SECTOR FINANCIERO","2337","CAJA MUNICIPAL DE AHORRO Y CREDITO DEL CUSCO","24","TUMBES","1265275","3336781"
"2025","13","EMPRESAS DEL ESTADO","0102040101","SECTOR FINANCIERO","2337","CAJA MUNICIPAL DE AHORRO Y CREDITO DEL CUSCO","25","UCAYALI","2524193","3359175"
"2025","13","EMPRESAS DEL ESTADO","0102040101","SECTOR FINANCIERO","2339","CAJA MUNICIPAL DE CREDITO POPULAR DE LIMA","02","ANCASH","8124303","7272678"
"2025","13","EMPRESAS DEL ESTADO","0102040101","SECTOR FINANCIERO","2339","CAJA MUNICIPAL DE CREDITO POPULAR DE LIMA","04","AREQUIPA","9769581","8745491"
"2025","13","EMPRESAS DEL ESTADO","0102040101","SECTOR FINANCIERO","2339","CAJA MUNICIPAL DE CREDITO POPULAR DE LIMA","06","CAJAMARCA","6992091","6259149"
"2025","13","EMPRESAS DEL ESTADO","0102040101","SECTOR FINANCIERO","2339","CAJA MUNICIPAL DE CREDITO POPULAR DE LIMA","08","CUSCO","3681690","3295759"
"2025","13","EMPRESAS DEL ESTADO","0102040101","SECTOR FINANCIERO","2339","CAJA MUNICIPAL DE CREDITO POPULAR DE LIMA","11","ICA","871911","780514"
"2025","13","EMPRESAS DEL ESTADO","0102040101","SECTOR FINANCIERO","2339","CAJA MUNICIPAL DE CREDITO POPULAR DE LIMA","12","JUNIN","4313788","3861598"
"2025","13","EMPRESAS DEL ESTADO","0102040101","SECTOR FINANCIERO","2339","CAJA MUNICIPAL DE CREDITO POPULAR DE LIMA","13","LA LIBERTAD","6777681","6067215"
"2025","13","EMPRESAS DEL ESTADO","0102040101","SECTOR FINANCIERO","2339","CAJA MUNICIPAL DE CREDITO POPULAR DE LIMA","14","LAMBAYEQUE","8552571","7656053"
"2025","13","EMPRESAS DEL ESTADO","0102040101","SECTOR FINANCIERO","2339","CAJA MUNICIPAL DE CREDITO POPULAR DE LIMA","15","LIMA","103920280","92809188"
"2025","13","EMPRESAS DEL ESTADO","0102040101","SECTOR FINANCIERO","2339","CAJA MUNICIPAL DE CREDITO POPULAR DE LIMA","16","LORETO","2294297","2053799"
"2025","13","EMPRESAS DEL ESTADO","0102040101","SECTOR FINANCIERO","2339","CAJA MUNICIPAL DE CREDITO POPULAR DE LIMA","20","PIURA","8988679","8046446"
"2025","13","EMPRESAS DEL ESTADO","0102040101","SECTOR FINANCIERO","2339","CAJA MUNICIPAL DE CREDITO POPULAR DE LIMA","22","SAN MARTIN","1563796","1399872"
"2025","13","EMPRESAS DEL ESTADO","0102040101","SECTOR FINANCIERO","2339","CAJA MUNICIPAL DE CREDITO POPULAR DE LIMA","23","TACNA","2930284","2623119"
"2025","13","EMPRESAS DEL ESTADO","0102040101","SECTOR FINANCIERO","2339","CAJA MUNICIPAL DE CREDITO POPULAR DE LIMA","25","UCAYALI","2210003","1978341"
"2025","13","EMPRESAS DEL ESTADO","0102040101","SECTOR FINANCIERO","2341","CORPORACION FINANCIERA DE DESARROLLO S.A.","15","LIMA","746266979","720087643"
"2025","13","EMPRESAS DEL ESTADO","0102040101","SECTOR FINANCIERO","2621","FONDO MI VIVIENDA S.A.","15","LIMA","2825612480","2718592692"
"2025","13","EMPRESAS DEL ESTADO","0102040101","SECTOR FINANCIERO","2652","BANCO AGROPECUARIO","15","LIMA","183199889","172406988"
"2025","13","EMPRESAS DEL ESTADO","0102040201","SECTOR SANEAMIENTO","2344","EMP.MUN.DE AGUA POT.Y ALCANT.DE CAÑETE S.A.","15","LIMA","32621666","15267743"
"2025","13","EMPRESAS DEL ESTADO","0102040201","SECTOR SANEAMIENTO","2345","EMP. MUN. DE AGUA POT.Y ALCANT. VIRGEN DE GUADALUPE DEL SUR S.A","11","ICA","13557038","5468084"
"2025","13","EMPRESAS DEL ESTADO","0102040201","SECTOR SANEAMIENTO","2346","EMPRESA PRESTADORA DE SERVICIOS DE SANEAMIENTO DE BARRANCA S.A.","15","LIMA","23685991","13994506"
"2025","13","EMPRESAS DEL ESTADO","0102040201","SECTOR SANEAMIENTO","2347","EMPRESA MUN.DE AGUA POT.Y ALCANT. DE SAN MARTIN S.A.","22","SAN MARTIN","64319478","34268670"
"2025","13","EMPRESAS DEL ESTADO","0102040201","SECTOR SANEAMIENTO","2348","EMP. MUN.DE AGUA POT.Y ALCANT.CORONEL PORTILLO S.A.","25","UCAYALI","38518629","27269819"
"2025","13","EMPRESAS DEL ESTADO","0102040201","SECTOR SANEAMIENTO","2349","EMP. MUN.DE SERV. ABAST. DE AGUA POT. Y ALCANT. DE ABANCAY","03","APURIMAC","22782316","21162166"
"2025","13","EMPRESAS DEL ESTADO","0102040201","SECTOR SANEAMIENTO","2350","EMPRESA MUN.DE AGUA POT.Y ALCANT. EMUSAP S.R.L.","01","AMAZONAS","10182920","6753342"
"2025","13","EMPRESAS DEL ESTADO","0102040201","SECTOR SANEAMIENTO","2351","EMP. MUN.DE AGUA POT.Y ALCANT.DE CALCA S.R.L.","08","CUSCO","987879","987879"
"2025","13","EMPRESAS DEL ESTADO","0102040201","SECTOR SANEAMIENTO","2352","EMPRESA PRESTADORA DE SERVICIOS DE SANEAMIENTO AGUAS DE LIMA NORTE S.A.","15","LIMA","31065990","30156210"
"2025","13","EMPRESAS DEL ESTADO","0102040201","SECTOR SANEAMIENTO","2353","EMP. MUN.DE AGUA POT.Y ALCANT.  HUARAL S.A.","15","LIMA","26613710","14485918"
"2025","13","EMPRESAS DEL ESTADO","0102040201","SECTOR SANEAMIENTO","2354","EMP. MUN.DE AGUA POT.Y ALCANT.DE PASCO S.A.","19","PASCO","5999352","4269268"
"2025","13","EMPRESAS DEL ESTADO","0102040201","SECTOR SANEAMIENTO","2355","EMP. MUN.DE AGUA POT.Y ALCANT.DE PATIVILCA S.A.","15","LIMA","1001979","979334"
"2025","13","EMPRESAS DEL ESTADO","0102040201","SECTOR SANEAMIENTO","2356","EMP. MUN.DE AGUA POT.Y ALCANT. DE PISCO S.A.","11","ICA","18913273","13211351"
"2025","13","EMPRESAS DEL ESTADO","0102040201","SECTOR SANEAMIENTO","2357","EMP. MUN.DE AGUA POT.Y ALCANT.DE QUILLABAMBA S.R.L.","08","CUSCO","5982000","5199647"
"2025","13","EMPRESAS DEL ESTADO","0102040201","SECTOR SANEAMIENTO","2358","EMPRESA MUNICIPAL DE AGUA POTABLE Y ALCANTARILLADO DE TAMBOPATA  S.A.","17","MADRE DE DIOS","46456775","28637284"
"2025","13","EMPRESAS DEL ESTADO","0102040201","SECTOR SANEAMIENTO","2359","EMP. MUN.PREST.DE SERV.DE SANEAM.PROV.ALTO ANDINA S.A.","08","CUSCO","9670882","5856274"
"2025","13","EMPRESAS DEL ESTADO","0102040201","SECTOR SANEAMIENTO","2360","EMPRESA MUN.SERV.DE AGUA POT.Y ALCANT.DE HUANUCO","10","HUANUCO","55559166","33971591"
"2025","13","EMPRESAS DEL ESTADO","0102040201","SECTOR SANEAMIENTO","2361","EMPRESA MUNICIPAL DE AGUA POTABLE Y ALCANTARILLADO DE BAGUA S.A.","01","AMAZONAS","7750694","4099310"
"2025","13","EMPRESAS DEL ESTADO","0102040201","SECTOR SANEAMIENTO","2362","EMPRESA MUNIC.DE SANEAM.BASICO DE PUNO","21","PUNO","38017589","24494456"
"2025","13","EMPRESAS DEL ESTADO","0102040201","SECTOR SANEAMIENTO","2363","EMPRESA PRESTADORA DE SERVICIOS DE SANEAMIENTO MARAÑON S.A.","06","CAJAMARCA","23565906","13924665"
"2025","13","EMPRESAS DEL ESTADO","0102040201","SECTOR SANEAMIENTO","2364","ENTIDAD MUNIC.PREST.DE SERVICIOS DE SANEAM. DEL CUSCO S.A.","08","CUSCO","106171056","100019663"
"2025","13","EMPRESAS DEL ESTADO","0102040201","SECTOR SANEAMIENTO","2365","ENTIDAD PREST.DE SERV.AGUA POT.Y ALCANT.DE ILO S.R.LTDA.    .","18","MOQUEGUA","48626921","23022203"
"2025","13","EMPRESAS DEL ESTADO","0102040201","SECTOR SANEAMIENTO","2366","ENT. PREST.DE SERV.DE  SANEAMIENTO MOQUEGUA S.A","18","MOQUEGUA","24090611","18712924"
"2025","13","EMPRESAS DEL ESTADO","0102040201","SECTOR SANEAMIENTO","2367","ENTIDAD PREST.DE SERV.DE SANEAM."SIERRA CENTRAL S.A."","12","JUNIN","5980901","4638677"
"2025","13","EMPRESAS DEL ESTADO","0102040201","SECTOR SANEAMIENTO","2368","SERVICIO DE AGUA POTABLE Y ALCANTARILLADO DE AYACUCHO S.A (SEDA  AYACUCHO)","05","AYACUCHO","75560463","33217721"
"2025","13","EMPRESAS DEL ESTADO","0102040201","SECTOR SANEAMIENTO","2369","EMP. MUN. DE SERV. DE AGUA POT. Y ALCANT.CHANKA S.A.","03","APURIMAC","5121940","3542736"
"2025","13","EMPRESAS DEL ESTADO","0102040201","SECTOR SANEAMIENTO","2370","ENTIDAD PREST.DE SERV.DE SANEAM.CHAVIN S.A.","02","ANCASH","22046887","15470490"
"2025","13","EMPRESAS DEL ESTADO","0102040201","SECTOR SANEAMIENTO","2371","ENTIDAD PREST.DE SERV.DE SANEAM.DE MOYOBAMBA","22","SAN MARTIN","16114456","9927451"
"2025","13","EMPRESAS DEL ESTADO","0102040201","SECTOR SANEAMIENTO","2372","ENTIDAD PREST.DE SERV.DE SANEAM.DEL MANTARO S.A.","12","JUNIN","8576414","8199874"
"2025","13","EMPRESAS DEL ESTADO","0102040201","SECTOR SANEAMIENTO","2373","EMPRESA PRESTADORA DE SERVICIOS DE SANEAMIENTO DE AGUA POTABLE Y ALCANTARILLADO DE ICA S.A.","11","ICA","78443285","37240427"
"2025","13","EMPRESAS DEL ESTADO","0102040201","SECTOR SANEAMIENTO","2374","EMP. PREST.DE SERV.DE SANEAM. NOR PUNO S.A.","21","PUNO","5299813","4168809"
"2025","13","EMPRESAS DEL ESTADO","0102040201","SECTOR SANEAMIENTO","2375","ENT. PREST.DE SERV.DE SANEAM.SELVA CENTRAL S.A.","12","JUNIN","17107842","14263606"
"2025","13","EMPRESAS DEL ESTADO","0102040201","SECTOR SANEAMIENTO","2376","SERV. MUN. DE AGUA POTAB. Y ALCANT. DE CHINCHA S.A.","11","ICA","66093527","46285121"
"2025","13","EMPRESAS DEL ESTADO","0102040201","SECTOR SANEAMIENTO","2377","EMP. PREST. DE SERV. SANEAM.MUN.DE UTCUBAMBA S.R.L.","01","AMAZONAS","4363349","3544349"
"2025","13","EMPRESAS DEL ESTADO","0102040201","SECTOR SANEAMIENTO","2378","ENTIDAD PREST.DE SERV.SANEAM.DE LAMBAYEQUE S.A.","14","LAMBAYEQUE","198347772","131770110"
"2025","13","EMPRESAS DEL ESTADO","0102040201","SECTOR SANEAMIENTO","2379","ENTIDAD PREST.DE SERV.SANEAM.DE LORETO S.A.","16","LORETO","72663672","46085961"
"2025","13","EMPRESAS DEL ESTADO","0102040201","SECTOR SANEAMIENTO","2380","ENTIDAD PREST.DE SERV.SANEAM.DE TACNA S.A","23","TACNA","72267673","51058197"
"2025","13","EMPRESAS DEL ESTADO","0102040201","SECTOR SANEAMIENTO","2381","ENTIDAD PREST.DE SERV.SANEAM.GRAU S.A.(EX SEDAPIURA)","20","PIURA","257632161","180305069"
"2025","13","EMPRESAS DEL ESTADO","0102040201","SECTOR SANEAMIENTO","2382","SERVICIO DE AGUA POT.ALCANT.DE LA LIBERTAD","13","LA LIBERTAD","288530367","193983097"
"2025","13","EMPRESAS DEL ESTADO","0102040201","SECTOR SANEAMIENTO","2383","SERVICIO DE AGUA POT.ALCANT.DE LIMA","15","LIMA","3540707798","3341438162"
"2025","13","EMPRESAS DEL ESTADO","0102040201","SECTOR SANEAMIENTO","2384","SERVICIO DE AGUA POT.Y ALCANT.DE AREQUIPA","04","AREQUIPA","300039049","198503902"
"2025","13","EMPRESAS DEL ESTADO","0102040201","SECTOR SANEAMIENTO","2385","SERVICIO DE AGUA POT.Y ALCANT.DE CAJAMARCA S.A.","06","CAJAMARCA","68401981","39372940"
"2025","13","EMPRESAS DEL ESTADO","0102040201","SECTOR SANEAMIENTO","2386","SERVICIO DE AGUA POT.Y ALCANT.DEL SANTA, CASMA Y HUARMEY","02","ANCASH","78417329","53763221"
"2025","13","EMPRESAS DEL ESTADO","0102040201","SECTOR SANEAMIENTO","2387","SERVICIO DE AGUA POT.Y ALCANT.DE JULIACA","21","PUNO","68890955","33977413"
"2025","13","EMPRESAS DEL ESTADO","0102040201","SECTOR SANEAMIENTO","2388","SERVICIO DE AGUA POT.Y ALCANT.MUNIC.DE HUANCAYO","12","JUNIN","69216036","59753290"
"2025","13","EMPRESAS DEL ESTADO","0102040201","SECTOR SANEAMIENTO","2389","SERVICIO MUN.DE AGUA POT.Y ALCANT.DE HUANCAVELICA","09","HUANCAVELICA","12502895","4758522"
"2025","13","EMPRESAS DEL ESTADO","0102040201","SECTOR SANEAMIENTO","2390","SERVICIO MUN.DE AGUA POT.Y ALCANT.DE YUNGUYO S.R.L.","21","PUNO","1174866","915804"
"2025","13","EMPRESAS DEL ESTADO","0102040201","SECTOR SANEAMIENTO","2526","EMP.PREST. DE SERV. DE SANEAM. DE AGUA DEL ALTIPLANO S.R.L.","21","PUNO","2565376","1940970"
"2025","13","EMPRESAS DEL ESTADO","0102040201","SECTOR SANEAMIENTO","2527","EMP. MUN. DE AGUA POT. Y ALCANT. DE SALAS S.R.L.","11","ICA","2112369","1597026"
"2025","13","EMPRESAS DEL ESTADO","0102040201","SECTOR SANEAMIENTO","2534","EMP.  MUNIC. DE SERV. DE AGUA POT. YAULI- LA OROYA S.R.L.","12","JUNIN","1725759","802130"
"2025","13","EMPRESAS DEL ESTADO","0102040201","SECTOR SANEAMIENTO","2540","EMP. MUNIC. DE  AGUA POT. Y ALCANT.  CHANCAY S.A.C.","15","LIMA","6317250","5528054"
"2025","13","EMPRESAS DEL ESTADO","0102040201","SECTOR SANEAMIENTO","2632","EMP. PREST. DE SERV. DE SANEAMIENTO JUCUSBAMBA S.C.R.L.","01","AMAZONAS","285000","262955"
"2025","13","EMPRESAS DEL ESTADO","0102040201","SECTOR SANEAMIENTO","2723","EMPRESA PRESTADORA DE SERVICIOS RIOJA SOCIEDAD ANONIMA","22","SAN MARTIN","8555586","6779312"
"2025","13","EMPRESAS DEL ESTADO","0102040202","SECTOR  ELECTRICIDAD","2391","ELECTRICIDAD DEL PERU S.A.","09","HUANCAVELICA","2187498387","2117141650"
"2025","13","EMPRESAS DEL ESTADO","0102040202","SECTOR  ELECTRICIDAD","2391","ELECTRICIDAD DEL PERU S.A.","15","LIMA","1309779397","1295874860"
"2025","13","EMPRESAS DEL ESTADO","0102040202","SECTOR  ELECTRICIDAD","2391","ELECTRICIDAD DEL PERU S.A.","24","TUMBES","8323425","6288793"
"2025","13","EMPRESAS DEL ESTADO","0102040202","SECTOR  ELECTRICIDAD","2392","EMP.CONCESIONARIA DE ELECT.DE UCAYALI S.A.","25","UCAYALI","324641226","322973527"
"2025","13","EMPRESAS DEL ESTADO","0102040202","SECTOR  ELECTRICIDAD","2393","EMP.DE GENERACION ELECTRICA DE AREQUIPA S.A.","04","AREQUIPA","275834988","266865479"
"2025","13","EMPRESAS DEL ESTADO","0102040202","SECTOR  ELECTRICIDAD","2395","EMP.DE GENERACION ELECTRICA DEL SUR S.A.","23","TACNA","164695421","159975707"
"2025","13","EMPRESAS DEL ESTADO","0102040202","SECTOR  ELECTRICIDAD","2396","EMP.DE GENERACION ELECTRICA MACHUPICCHU","08","CUSCO","339770764","342786701"
"2025","13","EMPRESAS DEL ESTADO","0102040202","SECTOR  ELECTRICIDAD","2397","EMP.DE GENERACION ELECTRICA SAN GABAN S.A.","21","PUNO","193943994","187025825"
"2025","13","EMPRESAS DEL ESTADO","0102040202","SECTOR  ELECTRICIDAD","2397","EMP.DE GENERACION ELECTRICA SAN GABAN S.A.","23","TACNA","181000","142668"
"2025","13","EMPRESAS DEL ESTADO","0102040202","SECTOR  ELECTRICIDAD","2401","EMP.MUN.DE SERV.ELECTRICOS UTCUBAMBA - BAGUA GRANDE","01","AMAZONAS","21474524","19059926"
"2025","13","EMPRESAS DEL ESTADO","0102040202","SECTOR  ELECTRICIDAD","2402","EMP. REG. SERV. PUB. ELECT. ELECTRONORTE MEDIO","02","ANCASH","562979986","571516730"
"2025","13","EMPRESAS DEL ESTADO","0102040202","SECTOR  ELECTRICIDAD","2402","EMP. REG. SERV. PUB. ELECT. ELECTRONORTE MEDIO","06","CAJAMARCA","273481494","284019237"
"2025","13","EMPRESAS DEL ESTADO","0102040202","SECTOR  ELECTRICIDAD","2402","EMP. REG. SERV. PUB. ELECT. ELECTRONORTE MEDIO","13","LA LIBERTAD","1194394931","1170009308"
"2025","13","EMPRESAS DEL ESTADO","0102040202","SECTOR  ELECTRICIDAD","2403","EMP. REG. SERV. PUB. ELEC, ELECTRONOROESTE S.A.","20","PIURA","1374167262","1355247752"
"2025","13","EMPRESAS DEL ESTADO","0102040202","SECTOR  ELECTRICIDAD","2403","EMP. REG. SERV. PUB. ELEC, ELECTRONOROESTE S.A.","24","TUMBES","248174617","244757752"
"2025","13","EMPRESAS DEL ESTADO","0102040202","SECTOR  ELECTRICIDAD","2404","EMP. REG. SERV. PUB. ELEC. DEL NORTE S.A","06","CAJAMARCA","89993557","89069676"
"2025","13","EMPRESAS DEL ESTADO","0102040202","SECTOR  ELECTRICIDAD","2404","EMP. REG. SERV. PUB. ELEC. DEL NORTE S.A","14","LAMBAYEQUE","914348743","889913309"
"2025","13","EMPRESAS DEL ESTADO","0102040202","SECTOR  ELECTRICIDAD","2405","EMP. REG. SERV. PUB. ELEC. DEL CENTRO S.A.","05","AYACUCHO","136774585","137392009"
"2025","13","EMPRESAS DEL ESTADO","0102040202","SECTOR  ELECTRICIDAD","2405","EMP. REG. SERV. PUB. ELEC. DEL CENTRO S.A.","09","HUANCAVELICA","60502716","60406242"
"2025","13","EMPRESAS DEL ESTADO","0102040202","SECTOR  ELECTRICIDAD","2405","EMP. REG. SERV. PUB. ELEC. DEL CENTRO S.A.","10","HUANUCO","180480761","178388630"
"2025","13","EMPRESAS DEL ESTADO","0102040202","SECTOR  ELECTRICIDAD","2405","EMP. REG. SERV. PUB. ELEC. DEL CENTRO S.A.","12","JUNIN","882186132","865201647"
"2025","13","EMPRESAS DEL ESTADO","0102040202","SECTOR  ELECTRICIDAD","2405","EMP. REG. SERV. PUB. ELEC. DEL CENTRO S.A.","19","PASCO","116340844","116161185"
"2025","13","EMPRESAS DEL ESTADO","0102040202","SECTOR  ELECTRICIDAD","2406","EMP.REG.DE SERV.PUB.DE ELECT.DEL ORIENTE","01","AMAZONAS","34659793","33894165"
"2025","13","EMPRESAS DEL ESTADO","0102040202","SECTOR  ELECTRICIDAD","2406","EMP.REG.DE SERV.PUB.DE ELECT.DEL ORIENTE","06","CAJAMARCA","149538952","146235666"
"2025","13","EMPRESAS DEL ESTADO","0102040202","SECTOR  ELECTRICIDAD","2406","EMP.REG.DE SERV.PUB.DE ELECT.DEL ORIENTE","16","LORETO","470158618","462226809"
"2025","13","EMPRESAS DEL ESTADO","0102040202","SECTOR  ELECTRICIDAD","2406","EMP.REG.DE SERV.PUB.DE ELECT.DEL ORIENTE","22","SAN MARTIN","374800067","366520806"
"2025","13","EMPRESAS DEL ESTADO","0102040202","SECTOR  ELECTRICIDAD","2407","EMP.REG.DE SERV.PUB.DE ELECT.DEL SUR ESTE S.A.","03","APURIMAC","131718637","130343237"
"2025","13","EMPRESAS DEL ESTADO","0102040202","SECTOR  ELECTRICIDAD","2407","EMP.REG.DE SERV.PUB.DE ELECT.DEL SUR ESTE S.A.","08","CUSCO","628958970","622391406"
"2025","13","EMPRESAS DEL ESTADO","0102040202","SECTOR  ELECTRICIDAD","2407","EMP.REG.DE SERV.PUB.DE ELECT.DEL SUR ESTE S.A.","17","MADRE DE DIOS","230433281","228027106"
"2025","13","EMPRESAS DEL ESTADO","0102040202","SECTOR  ELECTRICIDAD","2408","EMP.REG.DE SERV.PUB.DE ELECT.DEL SUR S.A.","18","MOQUEGUA","102211086","94100025"
"2025","13","EMPRESAS DEL ESTADO","0102040202","SECTOR  ELECTRICIDAD","2408","EMP.REG.DE SERV.PUB.DE ELECT.DEL SUR S.A.","23","TACNA","251126932","239650780"
"2025","13","EMPRESAS DEL ESTADO","0102040202","SECTOR  ELECTRICIDAD","2409","SOCIEDAD ELECTRICA DEL SUR OESTE S.A.","04","AREQUIPA","1117986881","1080826288"
"2025","13","EMPRESAS DEL ESTADO","0102040202","SECTOR  ELECTRICIDAD","2528","EMPRESA  DE ADMINISTRACION DE INFRAESTRUCTURA ELECTRICA S.A.","04","AREQUIPA","54305","54305"
"2025","13","EMPRESAS DEL ESTADO","0102040202","SECTOR  ELECTRICIDAD","2528","EMPRESA  DE ADMINISTRACION DE INFRAESTRUCTURA ELECTRICA S.A.","05","AYACUCHO","5157367","4140734"
"2025","13","EMPRESAS DEL ESTADO","0102040202","SECTOR  ELECTRICIDAD","2528","EMPRESA  DE ADMINISTRACION DE INFRAESTRUCTURA ELECTRICA S.A.","11","ICA","6485","6485"
"2025","13","EMPRESAS DEL ESTADO","0102040202","SECTOR  ELECTRICIDAD","2528","EMPRESA  DE ADMINISTRACION DE INFRAESTRUCTURA ELECTRICA S.A.","15","LIMA","127520500","126570178"
"2025","13","EMPRESAS DEL ESTADO","0102040202","SECTOR  ELECTRICIDAD","2528","EMPRESA  DE ADMINISTRACION DE INFRAESTRUCTURA ELECTRICA S.A.","16","LORETO","94312","42800"
"2025","13","EMPRESAS DEL ESTADO","0102040202","SECTOR  ELECTRICIDAD","2528","EMPRESA  DE ADMINISTRACION DE INFRAESTRUCTURA ELECTRICA S.A.","20","PIURA","23258","86303"
"2025","13","EMPRESAS DEL ESTADO","0102040202","SECTOR  ELECTRICIDAD","2541","EMPRESA DE SERV. PUBLICOS DE ELECTRICIDAD PUNO S.A.","21","PUNO","346087516","323924920"
"2025","13","EMPRESAS DEL ESTADO","0102040202","SECTOR  ELECTRICIDAD","2611","EMP. MUNIC. DE SERV. ELECT. TOCACHE S.A "ELECTRO TOCACHE"","22","SAN MARTIN","43850241","43850241"
"2025","13","EMPRESAS DEL ESTADO","0102040203","SECTOR  COMERCIO","2411","EMPRESA MUNICIPAL DE MERCADOS S.A.","15","LIMA","65387141","53839096"
"2025","13","EMPRESAS DEL ESTADO","0102040203","SECTOR  COMERCIO","2412","EMP.MUNIC.MERCADOS DEL PUEBLO S.A.-CHIMBOTE","02","ANCASH","165000","165343"
"2025","13","EMPRESAS DEL ESTADO","0102040203","SECTOR  COMERCIO","2413","EMP.NACIONAL DE LA COCA S.A.","05","AYACUCHO","697929","547341"
"2025","13","EMPRESAS DEL ESTADO","0102040203","SECTOR  COMERCIO","2413","EMP.NACIONAL DE LA COCA S.A.","08","CUSCO","18847223","17467939"
"2025","13","EMPRESAS DEL ESTADO","0102040203","SECTOR  COMERCIO","2413","EMP.NACIONAL DE LA COCA S.A.","12","JUNIN","872115","845069"
"2025","13","EMPRESAS DEL ESTADO","0102040203","SECTOR  COMERCIO","2413","EMP.NACIONAL DE LA COCA S.A.","13","LA LIBERTAD","1147780","955998"
"2025","13","EMPRESAS DEL ESTADO","0102040203","SECTOR  COMERCIO","2413","EMP.NACIONAL DE LA COCA S.A.","15","LIMA","2400649","1685587"
"2025","13","EMPRESAS DEL ESTADO","0102040203","SECTOR  COMERCIO","2413","EMP.NACIONAL DE LA COCA S.A.","21","PUNO","527963","315681"
"2025","13","EMPRESAS DEL ESTADO","0102040205","SECTOR  TRANSPORTES","2418","CORP.PER.DE AEROP.Y AVIAC.COMERC.S.A.- CORPAC","01","AMAZONAS","2518486","1928991"
"2025","13","EMPRESAS DEL ESTADO","0102040205","SECTOR  TRANSPORTES","2418","CORP.PER.DE AEROP.Y AVIAC.COMERC.S.A.- CORPAC","02","ANCASH","17117973","6701759"
"2025","13","EMPRESAS DEL ESTADO","0102040205","SECTOR  TRANSPORTES","2418","CORP.PER.DE AEROP.Y AVIAC.COMERC.S.A.- CORPAC","03","APURIMAC","2504625","2085762"
"2025","13","EMPRESAS DEL ESTADO","0102040205","SECTOR  TRANSPORTES","2418","CORP.PER.DE AEROP.Y AVIAC.COMERC.S.A.- CORPAC","04","AREQUIPA","9644565","7227765"
"2025","13","EMPRESAS DEL ESTADO","0102040205","SECTOR  TRANSPORTES","2418","CORP.PER.DE AEROP.Y AVIAC.COMERC.S.A.- CORPAC","05","AYACUCHO","3141786","2776556"
"2025","13","EMPRESAS DEL ESTADO","0102040205","SECTOR  TRANSPORTES","2418","CORP.PER.DE AEROP.Y AVIAC.COMERC.S.A.- CORPAC","06","CAJAMARCA","9146234","7914836"
"2025","13","EMPRESAS DEL ESTADO","0102040205","SECTOR  TRANSPORTES","2418","CORP.PER.DE AEROP.Y AVIAC.COMERC.S.A.- CORPAC","07","PROV CONSTIT DEL CALLAO","560552084","452665326"
"2025","13","EMPRESAS DEL ESTADO","0102040205","SECTOR  TRANSPORTES","2418","CORP.PER.DE AEROP.Y AVIAC.COMERC.S.A.- CORPAC","08","CUSCO","48541917","28752298"
"2025","13","EMPRESAS DEL ESTADO","0102040205","SECTOR  TRANSPORTES","2418","CORP.PER.DE AEROP.Y AVIAC.COMERC.S.A.- CORPAC","10","HUANUCO","9425423","6921136"
"2025","13","EMPRESAS DEL ESTADO","0102040205","SECTOR  TRANSPORTES","2418","CORP.PER.DE AEROP.Y AVIAC.COMERC.S.A.- CORPAC","11","ICA","12012280","9558873"
"2025","13","EMPRESAS DEL ESTADO","0102040205","SECTOR  TRANSPORTES","2418","CORP.PER.DE AEROP.Y AVIAC.COMERC.S.A.- CORPAC","12","JUNIN","17913849","16187173"
"2025","13","EMPRESAS DEL ESTADO","0102040205","SECTOR  TRANSPORTES","2418","CORP.PER.DE AEROP.Y AVIAC.COMERC.S.A.- CORPAC","13","LA LIBERTAD","6321659","4579941"
"2025","13","EMPRESAS DEL ESTADO","0102040205","SECTOR  TRANSPORTES","2418","CORP.PER.DE AEROP.Y AVIAC.COMERC.S.A.- CORPAC","14","LAMBAYEQUE","7282973","6039448"
"2025","13","EMPRESAS DEL ESTADO","0102040205","SECTOR  TRANSPORTES","2418","CORP.PER.DE AEROP.Y AVIAC.COMERC.S.A.- CORPAC","16","LORETO","15563450","14768280"
"2025","13","EMPRESAS DEL ESTADO","0102040205","SECTOR  TRANSPORTES","2418","CORP.PER.DE AEROP.Y AVIAC.COMERC.S.A.- CORPAC","17","MADRE DE DIOS","4242155","2896810"
"2025","13","EMPRESAS DEL ESTADO","0102040205","SECTOR  TRANSPORTES","2418","CORP.PER.DE AEROP.Y AVIAC.COMERC.S.A.- CORPAC","18","MOQUEGUA","10944314","4828723"
"2025","13","EMPRESAS DEL ESTADO","0102040205","SECTOR  TRANSPORTES","2418","CORP.PER.DE AEROP.Y AVIAC.COMERC.S.A.- CORPAC","20","PIURA","8684128","6146209"
"2025","13","EMPRESAS DEL ESTADO","0102040205","SECTOR  TRANSPORTES","2418","CORP.PER.DE AEROP.Y AVIAC.COMERC.S.A.- CORPAC","21","PUNO","3221649","2699885"
"2025","13","EMPRESAS DEL ESTADO","0102040205","SECTOR  TRANSPORTES","2418","CORP.PER.DE AEROP.Y AVIAC.COMERC.S.A.- CORPAC","22","SAN MARTIN","11054951","7456799"
"2025","13","EMPRESAS DEL ESTADO","0102040205","SECTOR  TRANSPORTES","2418","CORP.PER.DE AEROP.Y AVIAC.COMERC.S.A.- CORPAC","23","TACNA","4960231","3693605"
"2025","13","EMPRESAS DEL ESTADO","0102040205","SECTOR  TRANSPORTES","2418","CORP.PER.DE AEROP.Y AVIAC.COMERC.S.A.- CORPAC","24","TUMBES","2983961","2284830"
"2025","13","EMPRESAS DEL ESTADO","0102040205","SECTOR  TRANSPORTES","2418","CORP.PER.DE AEROP.Y AVIAC.COMERC.S.A.- CORPAC","25","UCAYALI","9390553","7038750"
"2025","13","EMPRESAS DEL ESTADO","0102040205","SECTOR  TRANSPORTES","2426","EMP.NACIONAL DE PUERTOS S.A.","07","PROV CONSTIT DEL CALLAO","64399917","64809105"
"2025","13","EMPRESAS DEL ESTADO","0102040205","SECTOR  TRANSPORTES","2426","EMP.NACIONAL DE PUERTOS S.A.","11","ICA","202409","236409"
"2025","13","EMPRESAS DEL ESTADO","0102040205","SECTOR  TRANSPORTES","2426","EMP.NACIONAL DE PUERTOS S.A.","13","LA LIBERTAD","756006","947133"
"2025","13","EMPRESAS DEL ESTADO","0102040205","SECTOR  TRANSPORTES","2426","EMP.NACIONAL DE PUERTOS S.A.","15","LIMA","3225640","3081873"
"2025","13","EMPRESAS DEL ESTADO","0102040205","SECTOR  TRANSPORTES","2426","EMP.NACIONAL DE PUERTOS S.A.","16","LORETO","12423410","11431932"
"2025","13","EMPRESAS DEL ESTADO","0102040205","SECTOR  TRANSPORTES","2426","EMP.NACIONAL DE PUERTOS S.A.","18","MOQUEGUA","12958634","10699665"
"2025","13","EMPRESAS DEL ESTADO","0102040205","SECTOR  TRANSPORTES","2539","EMPRESA MUNICIPAL DE TRANSPORTES TURISTICO MACHUPICCHU S.A.","08","CUSCO","18749397","9941226"
"2025","13","EMPRESAS DEL ESTADO","0102040205","SECTOR  TRANSPORTES","2612","EMP. MUNIC. ADMINIST. TERM. TERRESTRE DE MOLLENDO S.A","04","AREQUIPA","404081","349761"
"2025","13","EMPRESAS DEL ESTADO","0102040206","SECTOR  MINERIA","2430","EMPRESA ACTIVOS MINEROS SAC","02","ANCASH","8386607","10177618"
"2025","13","EMPRESAS DEL ESTADO","0102040206","SECTOR  MINERIA","2430","EMPRESA ACTIVOS MINEROS SAC","06","CAJAMARCA","11875539","2143781"
"2025","13","EMPRESAS DEL ESTADO","0102040206","SECTOR  MINERIA","2430","EMPRESA ACTIVOS MINEROS SAC","09","HUANCAVELICA","9083963","480585"
"2025","13","EMPRESAS DEL ESTADO","0102040206","SECTOR  MINERIA","2430","EMPRESA ACTIVOS MINEROS SAC","12","JUNIN","51326669","50970006"
"2025","13","EMPRESAS DEL ESTADO","0102040206","SECTOR  MINERIA","2430","EMPRESA ACTIVOS MINEROS SAC","13","LA LIBERTAD","1200000","3000000"
"2025","13","EMPRESAS DEL ESTADO","0102040206","SECTOR  MINERIA","2430","EMPRESA ACTIVOS MINEROS SAC","15","LIMA","620045750","826353590"
"2025","13","EMPRESAS DEL ESTADO","0102040206","SECTOR  MINERIA","2430","EMPRESA ACTIVOS MINEROS SAC","18","MOQUEGUA","909997","909997"
"2025","13","EMPRESAS DEL ESTADO","0102040206","SECTOR  MINERIA","2430","EMPRESA ACTIVOS MINEROS SAC","19","PASCO","33081499","35948146"
"2025","13","EMPRESAS DEL ESTADO","0102040206","SECTOR  MINERIA","2430","EMPRESA ACTIVOS MINEROS SAC","21","PUNO","5143200","5072823"
"2025","13","EMPRESAS DEL ESTADO","0102040207","SECTOR  HIDROCARBUROS","2431","EMPRESA DE RECURSOS ENERGÉTICOS UNIENERGIA ABC S.A.C.","20","PIURA","45735164","28577085"
"2025","13","EMPRESAS DEL ESTADO","0102040207","SECTOR  HIDROCARBUROS","2432","PERU PETRO S.A.","15","LIMA","3923261469","3784389349"
"2025","13","EMPRESAS DEL ESTADO","0102040207","SECTOR  HIDROCARBUROS","2432","PERU PETRO S.A.","16","LORETO","294090","291482"
"2025","13","EMPRESAS DEL ESTADO","0102040207","SECTOR  HIDROCARBUROS","2432","PERU PETRO S.A.","20","PIURA","730995","515078"
"2025","13","EMPRESAS DEL ESTADO","0102040207","SECTOR  HIDROCARBUROS","2432","PERU PETRO S.A.","25","UCAYALI","402374","363615"
"2025","13","EMPRESAS DEL ESTADO","0102040207","SECTOR  HIDROCARBUROS","2433","PETROLEOS DEL PERU S.A.","15","LIMA","10542663035","10630325840"
"2025","13","EMPRESAS DEL ESTADO","0102040207","SECTOR  HIDROCARBUROS","2433","PETROLEOS DEL PERU S.A.","16","LORETO","591097892","620113718"
"2025","13","EMPRESAS DEL ESTADO","0102040207","SECTOR  HIDROCARBUROS","2433","PETROLEOS DEL PERU S.A.","17","MADRE DE DIOS","4100000","0"
"2025","13","EMPRESAS DEL ESTADO","0102040207","SECTOR  HIDROCARBUROS","2433","PETROLEOS DEL PERU S.A.","19","PASCO","78536","78536"
"2025","13","EMPRESAS DEL ESTADO","0102040207","SECTOR  HIDROCARBUROS","2433","PETROLEOS DEL PERU S.A.","20","PIURA","8549460474","7950669199"
"2025","13","EMPRESAS DEL ESTADO","0102040208","SECTOR  COMUNICACION","2436","EMP.PERUANA DE SERVICIO EDITORIALES","15","LIMA","99177409","96124327"
"2025","13","EMPRESAS DEL ESTADO","0102040208","SECTOR  COMUNICACION","2437","SERVICIOS POSTALES DEL PERU S.A.","01","AMAZONAS","342557","341463"
"2025","13","EMPRESAS DEL ESTADO","0102040208","SECTOR  COMUNICACION","2437","SERVICIOS POSTALES DEL PERU S.A.","02","ANCASH","1777793","1320539"
"2025","13","EMPRESAS DEL ESTADO","0102040208","SECTOR  COMUNICACION","2437","SERVICIOS POSTALES DEL PERU S.A.","03","APURIMAC","387242","407080"
"2025","13","EMPRESAS DEL ESTADO","0102040208","SECTOR  COMUNICACION","2437","SERVICIOS POSTALES DEL PERU S.A.","04","AREQUIPA","1598386","1599181"
"2025","13","EMPRESAS DEL ESTADO","0102040208","SECTOR  COMUNICACION","2437","SERVICIOS POSTALES DEL PERU S.A.","05","AYACUCHO","606689","486974"
"2025","13","EMPRESAS DEL ESTADO","0102040208","SECTOR  COMUNICACION","2437","SERVICIOS POSTALES DEL PERU S.A.","06","CAJAMARCA","771714","696129"
"2025","13","EMPRESAS DEL ESTADO","0102040208","SECTOR  COMUNICACION","2437","SERVICIOS POSTALES DEL PERU S.A.","07","PROV CONSTIT DEL CALLAO","1280806","1261600"
"2025","13","EMPRESAS DEL ESTADO","0102040208","SECTOR  COMUNICACION","2437","SERVICIOS POSTALES DEL PERU S.A.","08","CUSCO","1921187","2192419"
"2025","13","EMPRESAS DEL ESTADO","0102040208","SECTOR  COMUNICACION","2437","SERVICIOS POSTALES DEL PERU S.A.","09","HUANCAVELICA","337445","218979"
"2025","13","EMPRESAS DEL ESTADO","0102040208","SECTOR  COMUNICACION","2437","SERVICIOS POSTALES DEL PERU S.A.","10","HUANUCO","731216","570322"
"2025","13","EMPRESAS DEL ESTADO","0102040208","SECTOR  COMUNICACION","2437","SERVICIOS POSTALES DEL PERU S.A.","11","ICA","1601563","1331166"
"2025","13","EMPRESAS DEL ESTADO","0102040208","SECTOR  COMUNICACION","2437","SERVICIOS POSTALES DEL PERU S.A.","12","JUNIN","1100924","1046098"
"2025","13","EMPRESAS DEL ESTADO","0102040208","SECTOR  COMUNICACION","2437","SERVICIOS POSTALES DEL PERU S.A.","13","LA LIBERTAD","1546314","1445317"
"2025","13","EMPRESAS DEL ESTADO","0102040208","SECTOR  COMUNICACION","2437","SERVICIOS POSTALES DEL PERU S.A.","14","LAMBAYEQUE","1692096","1562321"
"2025","13","EMPRESAS DEL ESTADO","0102040208","SECTOR  COMUNICACION","2437","SERVICIOS POSTALES DEL PERU S.A.","15","LIMA","87713570","82763840"
"2025","13","EMPRESAS DEL ESTADO","0102040208","SECTOR  COMUNICACION","2437","SERVICIOS POSTALES DEL PERU S.A.","16","LORETO","906730","781338"
"2025","13","EMPRESAS DEL ESTADO","0102040208","SECTOR  COMUNICACION","2437","SERVICIOS POSTALES DEL PERU S.A.","17","MADRE DE DIOS","297119","166606"
"2025","13","EMPRESAS DEL ESTADO","0102040208","SECTOR  COMUNICACION","2437","SERVICIOS POSTALES DEL PERU S.A.","18","MOQUEGUA","593678","427155"
"2025","13","EMPRESAS DEL ESTADO","0102040208","SECTOR  COMUNICACION","2437","SERVICIOS POSTALES DEL PERU S.A.","19","PASCO","202446","160485"
"2025","13","EMPRESAS DEL ESTADO","0102040208","SECTOR  COMUNICACION","2437","SERVICIOS POSTALES DEL PERU S.A.","20","PIURA","1153159","1113951"
"2025","13","EMPRESAS DEL ESTADO","0102040208","SECTOR  COMUNICACION","2437","SERVICIOS POSTALES DEL PERU S.A.","21","PUNO","964646","847259"
"2025","13","EMPRESAS DEL ESTADO","0102040208","SECTOR  COMUNICACION","2437","SERVICIOS POSTALES DEL PERU S.A.","22","SAN MARTIN","903199","887957"
"2025","13","EMPRESAS DEL ESTADO","0102040208","SECTOR  COMUNICACION","2437","SERVICIOS POSTALES DEL PERU S.A.","23","TACNA","761717","623045"
"2025","13","EMPRESAS DEL ESTADO","0102040208","SECTOR  COMUNICACION","2437","SERVICIOS POSTALES DEL PERU S.A.","24","TUMBES","547821","442265"
"2025","13","EMPRESAS DEL ESTADO","0102040208","SECTOR  COMUNICACION","2437","SERVICIOS POSTALES DEL PERU S.A.","25","UCAYALI","408197","416477"
"2025","13","EMPRESAS DEL ESTADO","0102040208","SECTOR  COMUNICACION","2636","CIA. NOR ANDINA DE TELECOMUNICACIONES S.A.","06","CAJAMARCA","547197","212832"
"2025","13","EMPRESAS DEL ESTADO","0102040211","SECTOR  DEFENSA","2439","SERVICIOS INDUSTRIALES DE LA MARINA S.A.","02","ANCASH","147292391","99566003"
"2025","13","EMPRESAS DEL ESTADO","0102040211","SECTOR  DEFENSA","2439","SERVICIOS INDUSTRIALES DE LA MARINA S.A.","07","PROV CONSTIT DEL CALLAO","947788374","374346863"
"2025","13","EMPRESAS DEL ESTADO","0102040211","SECTOR  DEFENSA","2440","SERVICIO INDUSTRIAL DE LA MARINA S.R.L.-IQUITOS","16","LORETO","43887737","36299645"
"2025","13","EMPRESAS DEL ESTADO","0102040211","SECTOR  DEFENSA","2785","FABRICA DE ARMAS Y MUNICIONES DEL EJÉRCITO S.A.C.","15","LIMA","248370326","102041391"
"2025","13","EMPRESAS DEL ESTADO","0102040211","SECTOR  DEFENSA","3030","SERVICIO DE MANTENIMIENTO DEL PERÚ S.A.C.","15","LIMA","45852979","34802875"
"2025","13","EMPRESAS DEL ESTADO","0102040212","SECTOR  INMOBILIARIO","2442","EMP.MUN.INMOBILIARIA DE LIMA S.A.","15","LIMA","11482492","11006317"
"2025","13","EMPRESAS DEL ESTADO","0102040212","SECTOR  INMOBILIARIO","2443","EMPRESA MUNICIPAL INMOBILIARIA S.A.C.","24","TUMBES","1089247","868941"
"2025","13","EMPRESAS DEL ESTADO","0102040212","SECTOR  INMOBILIARIO","2444","EMP.MUNIC.URBANIZADORA CONSTRUCTORA S.A.C.","24","TUMBES","1400000","906035"
"2025","13","EMPRESAS DEL ESTADO","0102040213","SECTOR  SERVICIOS","2452","EMPRESA MUNICIPAL DE APOYO A PROYECTOS ESTRATEGICOS S.A.","15","LIMA","72003001","62060647"
"2025","13","EMPRESAS DEL ESTADO","0102040213","SECTOR  SERVICIOS","2453","EMP MUN DE FESTEJOS Y ACTIVIDADES RECREACIONALES  Y TURISTICOS DEL CUSCO S.A.","08","CUSCO","5387670","3014763"
"2025","13","EMPRESAS DEL ESTADO","0102040213","SECTOR  SERVICIOS","2458","EMP.MUN.DE SERV.MULTIPLES "EL TAMBO" S.A.","12","JUNIN","894772","807844"
"2025","13","EMPRESAS DEL ESTADO","0102040213","SECTOR  SERVICIOS","2461","EMP.MUN.DE SERVICIOS MULTIPLES S.A. - EMSEM-HUANCAYO S.A.","12","JUNIN","1708635","1159571"
"2025","13","EMPRESAS DEL ESTADO","0102040213","SECTOR  SERVICIOS","2463","FONDO MUNICIPAL DE INVERSIONES DEL CALLAO","07","PROV CONSTIT DEL CALLAO","5159951","4029942"
"2025","13","EMPRESAS DEL ESTADO","0102040213","SECTOR  SERVICIOS","2465","SERVICIOS INTEGRADOS DE LIMPIEZA S.A.","15","LIMA","212193150","214180095"
"2025","13","EMPRESAS DEL ESTADO","0102040213","SECTOR  SERVICIOS","2646","EMP. MUNICIPAL DE SANTIAGO DE SURCO S.A","15","LIMA","11940000","12514668"
"2025","13","EMPRESAS DEL ESTADO","0102040214","SECTOR  OTROS","2620","FONDO NACIONAL DE FINANCIAMIENTO DE LA ACTIVIDAD EMPRESARIAL DEL ESTADO","15","LIMA","1008845452","822741031"
"2025","13","OTRAS ENTIDADES","0103050301","CAJA DE PENSIONES MILITAR POLICIAL","2667","CAJA DE PENSIONES MILITAR POLICIAL","15","LIMA","4371615142","5052526353"
"2025","13","OTRAS ENTIDADES","0103050401","OTROS FONDOS","2788","FONDO LEY 27677","15","LIMA","952262","362163"
"2025","13","OTRAS ENTIDADES","0103050401","OTROS FONDOS","3025","ENCARGO ESPECIAL CONCESIÓN DE GAS NATURAL ADMINISTRADO POR PETRÓLEOS DEL PERÚ S.A..","04","AREQUIPA","90025278","55645200"
"2025","13","OTRAS ENTIDADES","0103050401","OTROS FONDOS","3025","ENCARGO ESPECIAL CONCESIÓN DE GAS NATURAL ADMINISTRADO POR PETRÓLEOS DEL PERÚ S.A..","18","MOQUEGUA","11253159","6955650"
"2025","13","OTRAS ENTIDADES","0103050401","OTROS FONDOS","3025","ENCARGO ESPECIAL CONCESIÓN DE GAS NATURAL ADMINISTRADO POR PETRÓLEOS DEL PERÚ S.A..","23","TACNA","23756671","14684150"
"2025","13","OTRAS ENTIDADES","0103050501","BANCO CENTRAL DE RESERVA DEL PERU","1926","BANCO CENTRAL DE RESERVA DEL PERÚ","04","AREQUIPA","1360047","923953"
"2025","13","OTRAS ENTIDADES","0103050501","BANCO CENTRAL DE RESERVA DEL PERU","1926","BANCO CENTRAL DE RESERVA DEL PERÚ","08","CUSCO","1071668","746127"
"2025","13","OTRAS ENTIDADES","0103050501","BANCO CENTRAL DE RESERVA DEL PERU","1926","BANCO CENTRAL DE RESERVA DEL PERÚ","12","JUNIN","975690","813748"
"2025","13","OTRAS ENTIDADES","0103050501","BANCO CENTRAL DE RESERVA DEL PERU","1926","BANCO CENTRAL DE RESERVA DEL PERÚ","13","LA LIBERTAD","1270739","994507"
"2025","13","OTRAS ENTIDADES","0103050501","BANCO CENTRAL DE RESERVA DEL PERU","1926","BANCO CENTRAL DE RESERVA DEL PERÚ","15","LIMA","519062448","440217236"
"2025","13","OTRAS ENTIDADES","0103050501","BANCO CENTRAL DE RESERVA DEL PERU","1926","BANCO CENTRAL DE RESERVA DEL PERÚ","16","LORETO","542740","425935"
"2025","13","OTRAS ENTIDADES","0103050501","BANCO CENTRAL DE RESERVA DEL PERU","1926","BANCO CENTRAL DE RESERVA DEL PERÚ","20","PIURA","1312530","1089250"
"2025","13","OTRAS ENTIDADES","0103050501","BANCO CENTRAL DE RESERVA DEL PERU","1926","BANCO CENTRAL DE RESERVA DEL PERÚ","21","PUNO","906904","605848"
